user_id,age,gender,city,platform,ad_type,ad_category,clicked,converted,spend_egp,timestamp,device_type,os,traffic_source,campaign_id,ad_id,ad_text,conversion_value_egp,impression_count_per_user
1,55,F,Giza,YouTube,Video,Food & Beverage,0,0,4,2025-03-07 02:42:00,Tablet,Windows,Organic,1059,5037,Buy now and save 20%,0,3
2,29,M,Aswan,Facebook,Video,Travel,0,0,9,2025-03-05 11:43:00,Tablet,Windows,Social,1046,5094,Book your travel today,0,5
3,25,M,Luxor,Google Ads,Display,Electronics,0,1,29,2025-02-01 11:23:00,Desktop,Android,Social,1008,5056,Order online fast delivery,339,1
4,37,F,Giza,Facebook,Video,Electronics,1,0,3,2025-02-22 22:39:00,Desktop,Android,Paid,1066,5006,Check our new collection,0,9
5,28,M,Cairo,Facebook,Display,Food & Beverage,1,0,48,2025-01-17 17:31:00,Desktop,iOS,Paid,1068,5066,Check our new collection,0,5
6,60,F,Cairo,Instagram,Search,Electronics,0,0,26,2025-01-29 20:42:00,Tablet,Android,Paid,1098,5069,Top-rated gadgets on sale,0,1
7,27,F,Aswan,YouTube,Display,Food & Beverage,0,0,34,2025-03-24 02:41:00,Tablet,Android,Organic,1020,5036,Limited offer!,363,6
8,36,M,Aswan,Google Ads,Display,Fashion,0,0,25,2025-02-05 21:09:00,Mobile,Windows,Social,1048,5072,Buy now and save 20%,0,2
9,34,F,Cairo,YouTube,Video,Food & Beverage,0,1,27,2025-02-24 06:52:00,Tablet,Android,Organic,1085,5009,Book your travel today,0,6
10,49,F,Alexandria,Instagram,Search,Travel,0,1,35,2025-01-07 18:23:00,Mobile,iOS,Paid,1007,5075,Book your travel today,0,8
11,28,M,Mansoura,Instagram,Video,Gaming,0,0,44,2025-01-30 02:41:00,Tablet,Windows,Social,1026,5058,Buy now and save 20%,0,8
12,49,M,Cairo,Facebook,Video,Electronics,0,0,10,2025-01-17 19:10:00,Desktop,iOS,Social,1099,5008,Order online fast delivery,0,10
13,59,F,Luxor,Facebook,Display,Food & Beverage,1,0,13,2025-03-02 20:08:00,Mobile,Windows,Social,1051,5004,Limited offer!,0,3
14,59,F,Alexandria,Google Ads,Video,Travel,0,0,50,2025-02-06 18:17:00,Mobile,iOS,Social,1076,5092,Limited offer!,0,2
15,45,F,Aswan,Instagram,Display,Electronics,1,0,32,2025-02-05 11:58:00,Mobile,iOS,Social,1095,5078,Order online fast delivery,0,7
16,19,M,Cairo,Google Ads,Display,Food & Beverage,1,1,34,2025-03-30 11:22:00,Tablet,Windows,Paid,1084,5098,Check our new collection,0,6
17,28,M,Cairo,Instagram,Display,Food & Beverage,1,0,13,2025-01-21 09:31:00,Desktop,iOS,Paid,1044,5030,Limited offer!,0,10
18,26,M,Luxor,Instagram,Video,Fashion,0,1,44,2025-02-01 17:11:00,Desktop,Android,Social,1011,5043,Check our new collection,1578,7
19,56,F,Cairo,Instagram,Search,Electronics,1,0,10,2025-02-22 04:25:00,Desktop,iOS,Social,1005,5054,Limited offer!,1081,9
20,47,M,Cairo,Google Ads,Video,Food & Beverage,1,0,31,2025-02-09 05:29:00,Desktop,Android,Organic,1003,5001,Book your travel today,0,1
21,60,M,Cairo,Facebook,Display,Fashion,0,1,19,2025-03-04 03:32:00,Desktop,Android,Paid,1078,5066,Book your travel today,0,7
22,36,M,Cairo,Google Ads,Search,Food & Beverage,1,0,47,2025-01-15 09:28:00,Tablet,Windows,Social,1092,5093,Limited offer!,0,8
23,30,M,Mansoura,Instagram,Display,Food & Beverage,0,0,39,2025-01-29 23:56:00,Mobile,iOS,Social,1015,5038,Order online fast delivery,0,10
24,29,M,Cairo,Facebook,Display,Fashion,0,0,6,2025-01-23 22:21:00,Mobile,iOS,Organic,1092,5025,Order online fast delivery,781,3
25,39,M,Cairo,YouTube,Display,Electronics,0,0,16,2025-03-04 19:04:00,Mobile,Android,Paid,1093,5059,Limited offer!,0,5
26,57,F,Luxor,Facebook,Display,Travel,1,0,41,2025-03-19 20:22:00,Desktop,Android,Organic,1061,5070,Limited offer!,0,8
27,46,F,Giza,YouTube,Video,Travel,0,1,39,2025-03-09 23:12:00,Tablet,Windows,Organic,1072,5071,Limited offer!,0,1
28,44,F,Cairo,Facebook,Display,Travel,0,0,49,2025-01-22 19:11:00,Tablet,Android,Paid,1025,5019,Order online fast delivery,1082,4
29,18,M,Cairo,Facebook,Display,Gaming,0,0,9,2025-01-01 13:42:00,Tablet,Android,Social,1011,5028,Order online fast delivery,0,1
30,42,F,Cairo,Facebook,Video,Fashion,0,0,21,2025-03-31 18:28:00,Tablet,Windows,Social,1039,5064,Limited offer!,0,1
31,24,M,Cairo,Facebook,Video,Fashion,0,1,23,2025-01-07 05:43:00,Mobile,iOS,Social,1024,5098,Check our new collection,0,8
32,33,M,Mansoura,Facebook,Video,Fashion,0,0,43,2025-03-06 06:42:00,Mobile,Windows,Paid,1097,5028,Top-rated gadgets on sale,0,3
33,33,M,Cairo,Instagram,Video,Travel,0,0,2,2025-03-06 04:32:00,Mobile,Android,Paid,1001,5048,Limited offer!,0,3
34,58,F,Cairo,YouTube,Video,Electronics,1,0,37,2025-02-03 01:47:00,Tablet,Windows,Social,1020,5015,Book your travel today,0,4
35,43,M,Luxor,YouTube,Display,Food & Beverage,0,0,29,2025-02-07 21:12:00,Mobile,iOS,Paid,1033,5014,Top-rated gadgets on sale,0,4
36,50,M,Giza,Facebook,Video,Fashion,0,1,38,2025-02-27 05:10:00,Tablet,Windows,Organic,1033,5098,Buy now and save 20%,0,2
37,49,F,Giza,Instagram,Video,Food & Beverage,0,0,31,2025-01-19 20:02:00,Desktop,Windows,Paid,1073,5016,Order online fast delivery,1679,5
38,31,M,Luxor,Facebook,Video,Food & Beverage,1,1,36,2025-01-03 16:45:00,Desktop,iOS,Paid,1020,5085,Check our new collection,0,6
39,41,M,Alexandria,Facebook,Display,Food & Beverage,1,0,39,2025-02-17 23:24:00,Tablet,Windows,Organic,1019,5008,Check our new collection,0,9
40,52,M,Luxor,Instagram,Search,Gaming,1,0,19,2025-03-06 05:41:00,Mobile,Android,Paid,1100,5079,Top-rated gadgets on sale,0,2
41,56,F,Alexandria,Facebook,Video,Electronics,0,0,47,2025-01-15 06:24:00,Desktop,Windows,Social,1012,5040,Top-rated gadgets on sale,0,9
42,39,F,Alexandria,Google Ads,Display,Fashion,0,0,2,2025-01-15 22:37:00,Tablet,Android,Paid,1099,5094,Limited offer!,0,8
43,52,F,Cairo,Google Ads,Display,Food & Beverage,0,0,13,2025-01-30 01:29:00,Mobile,Windows,Organic,1056,5071,Buy now and save 20%,0,6
44,29,M,Alexandria,Facebook,Video,Electronics,0,0,14,2025-01-31 19:24:00,Desktop,Android,Organic,1058,5052,Book your travel today,0,1
45,46,M,Aswan,Google Ads,Display,Fashion,0,0,35,2025-02-04 07:46:00,Desktop,Windows,Paid,1048,5023,Check our new collection,0,2
46,22,M,Giza,Instagram,Display,Electronics,0,0,40,2025-03-25 15:04:00,Desktop,iOS,Organic,1004,5050,Buy now and save 20%,0,6
47,34,F,Mansoura,Instagram,Video,Travel,0,0,2,2025-01-13 22:24:00,Tablet,Android,Organic,1037,5057,Order online fast delivery,0,3
48,57,M,Cairo,YouTube,Display,Electronics,0,0,41,2025-02-25 03:46:00,Tablet,iOS,Organic,1028,5007,Check our new collection,0,2
49,56,F,Cairo,Instagram,Display,Electronics,0,0,5,2025-02-17 22:07:00,Mobile,Android,Organic,1026,5004,Check our new collection,1361,4
50,28,M,Mansoura,Facebook,Display,Electronics,0,0,44,2025-01-08 04:09:00,Tablet,iOS,Paid,1060,5040,Top-rated gadgets on sale,867,10
51,18,F,Mansoura,Facebook,Video,Fashion,1,0,32,2025-01-12 09:15:00,Tablet,Windows,Paid,1046,5014,Book your travel today,1945,1
52,23,F,Alexandria,Instagram,Display,Food & Beverage,1,0,15,2025-02-09 08:54:00,Tablet,iOS,Organic,1075,5026,Top-rated gadgets on sale,0,1
53,18,F,Giza,Instagram,Display,Food & Beverage,1,0,26,2025-01-16 09:55:00,Tablet,Windows,Social,1079,5060,Buy now and save 20%,0,10
54,53,F,Aswan,Facebook,Search,Gaming,1,0,36,2025-02-20 17:52:00,Tablet,Windows,Paid,1047,5017,Book your travel today,0,1
55,21,M,Cairo,Instagram,Video,Fashion,0,0,50,2025-03-12 21:28:00,Mobile,Windows,Social,1014,5082,Order online fast delivery,0,8
56,31,M,Cairo,Facebook,Video,Electronics,0,1,4,2025-03-01 20:40:00,Tablet,iOS,Organic,1095,5039,Top-rated gadgets on sale,0,4
57,45,M,Aswan,Google Ads,Video,Gaming,0,0,34,2025-02-18 11:17:00,Tablet,Android,Organic,1089,5097,Check our new collection,0,5
58,59,F,Cairo,Facebook,Display,Fashion,0,1,33,2025-02-25 09:24:00,Desktop,Android,Social,1065,5052,Limited offer!,0,1
59,45,F,Aswan,Facebook,Display,Fashion,0,0,14,2025-03-08 02:57:00,Tablet,Windows,Social,1084,5070,Limited offer!,1143,5
60,36,F,Alexandria,Google Ads,Display,Travel,1,1,17,2025-01-04 18:34:00,Desktop,Windows,Organic,1002,5100,Limited offer!,0,10
61,34,M,Cairo,Facebook,Display,Food & Beverage,1,0,49,2025-01-24 11:24:00,Desktop,Android,Social,1042,5022,Buy now and save 20%,0,2
62,45,M,Cairo,Facebook,Display,Travel,0,0,3,2025-01-02 15:53:00,Mobile,Android,Paid,1022,5060,Order online fast delivery,0,9
63,32,F,Luxor,Instagram,Display,Food & Beverage,0,0,13,2025-03-17 08:19:00,Desktop,Android,Social,1007,5003,Check our new collection,0,4
64,52,F,Alexandria,YouTube,Display,Fashion,0,0,32,2025-01-27 22:32:00,Tablet,Android,Social,1008,5045,Order online fast delivery,0,5
65,57,F,Cairo,Facebook,Display,Electronics,1,0,36,2025-02-10 01:45:00,Mobile,iOS,Paid,1057,5013,Limited offer!,635,9
66,34,M,Luxor,Facebook,Video,Electronics,0,0,49,2025-02-08 23:22:00,Tablet,Android,Social,1053,5046,Top-rated gadgets on sale,0,9
67,49,M,Alexandria,YouTube,Display,Travel,0,0,33,2025-01-04 12:34:00,Tablet,iOS,Paid,1043,5061,Check our new collection,0,7
68,58,F,Mansoura,Instagram,Display,Gaming,0,0,16,2025-02-03 22:58:00,Mobile,Windows,Paid,1068,5043,Buy now and save 20%,0,10
69,58,F,Cairo,Facebook,Display,Electronics,0,0,50,2025-03-18 05:56:00,Tablet,Android,Social,1083,5081,Limited offer!,0,9
70,56,F,Mansoura,Facebook,Video,Electronics,1,1,24,2025-02-21 02:19:00,Mobile,Android,Organic,1061,5004,Order online fast delivery,0,1
71,49,M,Mansoura,YouTube,Display,Electronics,0,0,46,2025-01-13 07:10:00,Mobile,Android,Organic,1065,5073,Book your travel today,1284,1
72,43,F,Mansoura,Facebook,Search,Gaming,0,0,7,2025-01-03 08:03:00,Mobile,iOS,Organic,1073,5092,Check our new collection,633,7
73,40,F,Luxor,Instagram,Video,Food & Beverage,0,0,10,2025-03-24 23:57:00,Tablet,Windows,Paid,1078,5037,Limited offer!,0,2
74,46,M,Cairo,Instagram,Display,Gaming,0,0,13,2025-01-05 11:32:00,Tablet,iOS,Paid,1044,5098,Order online fast delivery,0,9
75,53,M,Cairo,Google Ads,Video,Electronics,1,0,13,2025-02-15 18:00:00,Tablet,Windows,Paid,1040,5092,Order online fast delivery,0,9
76,35,M,Aswan,Google Ads,Search,Food & Beverage,1,0,17,2025-01-20 02:26:00,Mobile,Android,Organic,1014,5076,Book your travel today,0,7
77,43,F,Alexandria,YouTube,Display,Gaming,0,0,16,2025-02-15 00:41:00,Mobile,Android,Paid,1080,5100,Buy now and save 20%,0,5
78,50,M,Giza,Instagram,Video,Fashion,0,1,10,2025-01-10 01:23:00,Tablet,Windows,Organic,1052,5055,Limited offer!,0,2
79,52,M,Giza,Google Ads,Video,Food & Beverage,0,0,41,2025-03-27 17:09:00,Desktop,Windows,Social,1044,5064,Top-rated gadgets on sale,0,9
80,31,M,Cairo,Instagram,Search,Food & Beverage,0,0,33,2025-03-31 22:35:00,Mobile,Android,Social,1019,5066,Top-rated gadgets on sale,0,10
81,30,M,Luxor,Facebook,Display,Fashion,0,0,15,2025-02-01 22:37:00,Desktop,iOS,Paid,1013,5020,Book your travel today,0,5
82,39,F,Mansoura,Google Ads,Display,Food & Beverage,0,0,26,2025-03-15 17:25:00,Tablet,iOS,Paid,1062,5001,Order online fast delivery,0,3
83,36,F,Alexandria,Google Ads,Display,Electronics,0,0,3,2025-03-20 07:09:00,Tablet,Windows,Social,1054,5064,Book your travel today,0,3
84,45,M,Mansoura,Google Ads,Video,Fashion,0,0,48,2025-01-23 22:42:00,Desktop,Android,Organic,1003,5018,Limited offer!,0,10
85,56,M,Mansoura,Google Ads,Display,Gaming,0,0,6,2025-01-04 08:17:00,Mobile,Android,Organic,1031,5062,Check our new collection,0,3
86,57,M,Alexandria,Facebook,Display,Travel,0,0,38,2025-03-09 22:41:00,Desktop,iOS,Social,1084,5086,Check our new collection,0,6
87,21,F,Cairo,Facebook,Display,Electronics,1,0,2,2025-03-14 22:40:00,Mobile,Android,Social,1047,5089,Book your travel today,0,3
88,43,F,Giza,YouTube,Display,Food & Beverage,0,1,37,2025-02-02 03:23:00,Tablet,Windows,Organic,1074,5024,Top-rated gadgets on sale,0,7
89,54,M,Aswan,Google Ads,Video,Fashion,1,1,19,2025-01-06 12:20:00,Desktop,Windows,Social,1021,5092,Check our new collection,0,10
90,52,M,Alexandria,Google Ads,Video,Food & Beverage,0,0,36,2025-01-04 15:48:00,Desktop,Android,Paid,1060,5015,Check our new collection,0,1
91,48,M,Giza,YouTube,Video,Travel,0,0,10,2025-01-21 13:15:00,Desktop,Windows,Paid,1044,5007,Order online fast delivery,0,10
92,19,M,Cairo,Facebook,Display,Fashion,0,0,27,2025-01-27 05:00:00,Mobile,Android,Social,1015,5049,Order online fast delivery,0,4
93,31,F,Luxor,Instagram,Search,Food & Beverage,0,0,37,2025-02-17 01:40:00,Tablet,Windows,Paid,1054,5005,Check our new collection,0,8
94,41,M,Alexandria,Facebook,Video,Fashion,1,0,42,2025-01-07 19:37:00,Desktop,Android,Organic,1042,5019,Limited offer!,0,2
95,20,M,Alexandria,Instagram,Search,Gaming,0,0,41,2025-01-05 06:46:00,Tablet,Windows,Social,1090,5045,Check our new collection,0,5
96,34,M,Giza,Facebook,Search,Travel,1,1,30,2025-01-20 07:58:00,Mobile,Windows,Paid,1055,5036,Check our new collection,0,4
97,33,F,Giza,Google Ads,Video,Food & Beverage,1,0,39,2025-01-22 08:33:00,Desktop,Windows,Paid,1074,5057,Check our new collection,0,8
98,59,M,Mansoura,Google Ads,Display,Gaming,0,0,6,2025-03-26 05:22:00,Desktop,Windows,Organic,1085,5000,Check our new collection,0,2
99,40,M,Luxor,Instagram,Display,Fashion,1,0,14,2025-03-17 23:13:00,Tablet,iOS,Paid,1085,5040,Book your travel today,0,5
100,32,F,Alexandria,Google Ads,Display,Travel,0,0,33,2025-03-30 20:46:00,Mobile,iOS,Organic,1072,5015,Book your travel today,0,2
101,21,F,Giza,YouTube,Display,Electronics,1,0,37,2025-03-01 17:39:00,Tablet,Android,Organic,1016,5058,Book your travel today,1405,2
102,53,F,Mansoura,Facebook,Video,Fashion,1,0,24,2025-02-01 23:28:00,Mobile,Windows,Social,1062,5006,Top-rated gadgets on sale,0,4
103,56,M,Giza,Google Ads,Video,Food & Beverage,1,1,8,2025-03-29 10:02:00,Tablet,Windows,Organic,1045,5050,Limited offer!,0,10
104,44,F,Giza,Facebook,Search,Travel,0,0,17,2025-02-08 00:59:00,Mobile,Windows,Social,1086,5081,Book your travel today,1528,2
105,22,F,Cairo,Facebook,Video,Electronics,0,0,28,2025-01-04 02:34:00,Tablet,Windows,Social,1013,5034,Book your travel today,0,1
106,52,M,Giza,Facebook,Display,Travel,1,0,39,2025-03-24 14:08:00,Tablet,Windows,Paid,1032,5031,Limited offer!,0,3
107,51,F,Alexandria,Instagram,Display,Travel,1,0,26,2025-03-08 06:54:00,Tablet,Windows,Organic,1058,5046,Limited offer!,0,8
108,38,F,Cairo,Facebook,Display,Gaming,0,0,30,2025-01-18 13:17:00,Tablet,Windows,Organic,1094,5023,Top-rated gadgets on sale,0,1
109,52,M,Giza,Facebook,Video,Travel,0,0,19,2025-01-24 06:21:00,Desktop,Android,Organic,1074,5004,Book your travel today,0,8
110,53,M,Luxor,Google Ads,Display,Gaming,1,1,32,2025-02-02 07:55:00,Tablet,iOS,Paid,1017,5050,Buy now and save 20%,0,2
111,29,M,Cairo,Google Ads,Display,Electronics,0,0,47,2025-02-22 15:20:00,Mobile,iOS,Organic,1077,5034,Buy now and save 20%,0,9
112,39,F,Giza,YouTube,Display,Food & Beverage,0,0,31,2025-03-24 19:20:00,Tablet,Android,Organic,1064,5010,Top-rated gadgets on sale,0,2
113,36,M,Alexandria,YouTube,Search,Food & Beverage,0,0,20,2025-02-18 20:55:00,Desktop,iOS,Social,1027,5007,Limited offer!,0,9
114,44,F,Luxor,Facebook,Display,Food & Beverage,0,0,17,2025-01-12 23:52:00,Tablet,Android,Social,1099,5026,Check our new collection,0,8
115,47,M,Cairo,Facebook,Search,Fashion,0,0,21,2025-03-01 19:59:00,Tablet,Windows,Social,1032,5014,Check our new collection,0,9
116,44,M,Mansoura,Instagram,Display,Fashion,0,0,15,2025-01-04 04:50:00,Desktop,iOS,Organic,1058,5004,Top-rated gadgets on sale,0,6
117,18,F,Mansoura,Facebook,Search,Electronics,1,0,31,2025-03-29 08:52:00,Desktop,iOS,Paid,1051,5075,Buy now and save 20%,0,2
118,39,M,Giza,Google Ads,Video,Travel,0,0,44,2025-01-11 15:46:00,Desktop,Windows,Organic,1048,5072,Top-rated gadgets on sale,0,7
119,41,F,Luxor,Instagram,Display,Gaming,1,0,2,2025-01-05 03:36:00,Desktop,iOS,Social,1038,5076,Order online fast delivery,0,3
120,36,M,Cairo,Facebook,Video,Gaming,0,0,11,2025-02-14 09:55:00,Mobile,Windows,Paid,1070,5029,Order online fast delivery,0,9
121,50,M,Cairo,Instagram,Search,Gaming,1,0,19,2025-01-11 16:50:00,Mobile,Android,Paid,1003,5008,Limited offer!,0,7
122,43,M,Alexandria,Facebook,Display,Electronics,1,0,36,2025-01-04 08:33:00,Tablet,Android,Social,1032,5034,Book your travel today,0,3
123,22,F,Giza,Instagram,Video,Food & Beverage,0,1,38,2025-02-13 10:11:00,Tablet,iOS,Paid,1002,5072,Order online fast delivery,0,7
124,42,M,Cairo,Facebook,Video,Electronics,1,1,6,2025-03-10 08:28:00,Desktop,Android,Paid,1026,5064,Book your travel today,0,10
125,40,M,Luxor,Facebook,Video,Travel,0,0,21,2025-02-17 00:02:00,Mobile,Android,Social,1085,5000,Buy now and save 20%,0,3
126,25,M,Giza,Facebook,Video,Food & Beverage,1,1,18,2025-02-26 17:06:00,Tablet,iOS,Paid,1028,5082,Buy now and save 20%,0,2
127,24,F,Cairo,Facebook,Video,Electronics,1,0,21,2025-01-24 00:58:00,Tablet,Android,Paid,1033,5084,Book your travel today,0,3
128,18,M,Giza,Instagram,Display,Fashion,0,0,17,2025-02-24 10:38:00,Desktop,iOS,Organic,1081,5080,Top-rated gadgets on sale,0,7
129,21,M,Cairo,Facebook,Display,Electronics,1,0,9,2025-01-04 11:42:00,Tablet,Windows,Social,1044,5096,Top-rated gadgets on sale,1242,10
130,36,F,Cairo,YouTube,Video,Fashion,0,0,44,2025-03-24 22:57:00,Mobile,Android,Organic,1040,5047,Buy now and save 20%,1394,7
131,56,M,Cairo,Facebook,Display,Fashion,1,0,4,2025-01-24 01:18:00,Mobile,Android,Organic,1065,5044,Order online fast delivery,0,9
132,20,M,Mansoura,Instagram,Display,Gaming,1,0,10,2025-01-02 15:07:00,Desktop,iOS,Organic,1038,5099,Check our new collection,0,9
133,20,F,Cairo,YouTube,Video,Gaming,1,0,9,2025-01-19 07:25:00,Desktop,Android,Organic,1041,5059,Top-rated gadgets on sale,0,8
134,46,F,Luxor,Instagram,Video,Food & Beverage,0,0,45,2025-03-16 07:28:00,Mobile,Android,Organic,1000,5036,Limited offer!,0,2
135,60,F,Cairo,YouTube,Display,Electronics,1,0,13,2025-02-28 16:24:00,Desktop,Android,Organic,1026,5013,Check our new collection,0,3
136,35,M,Giza,Google Ads,Display,Electronics,1,0,50,2025-01-21 17:06:00,Tablet,iOS,Paid,1050,5065,Order online fast delivery,0,2
137,55,F,Cairo,Google Ads,Video,Electronics,0,0,9,2025-03-31 18:37:00,Mobile,Android,Organic,1038,5059,Limited offer!,0,8
138,28,M,Mansoura,Instagram,Search,Gaming,1,0,43,2025-01-20 15:17:00,Mobile,Android,Paid,1081,5064,Order online fast delivery,1325,6
139,32,M,Cairo,Google Ads,Display,Gaming,1,0,37,2025-02-04 18:51:00,Desktop,Android,Paid,1068,5052,Check our new collection,1538,1
140,42,M,Aswan,Facebook,Display,Electronics,1,0,16,2025-02-14 08:15:00,Mobile,iOS,Organic,1078,5073,Top-rated gadgets on sale,0,1
141,48,M,Alexandria,Instagram,Video,Food & Beverage,1,0,6,2025-03-23 05:22:00,Tablet,Windows,Paid,1059,5058,Limited offer!,0,1
142,38,M,Alexandria,Facebook,Display,Food & Beverage,0,0,30,2025-01-01 18:38:00,Tablet,Android,Organic,1053,5075,Book your travel today,0,9
143,56,F,Alexandria,Google Ads,Display,Food & Beverage,0,0,44,2025-01-14 06:06:00,Mobile,Windows,Social,1039,5054,Buy now and save 20%,0,7
144,52,F,Mansoura,Instagram,Display,Electronics,0,0,40,2025-01-15 13:53:00,Tablet,iOS,Paid,1001,5060,Limited offer!,0,1
145,46,F,Aswan,YouTube,Display,Gaming,1,0,2,2025-03-28 20:09:00,Mobile,Android,Organic,1047,5040,Check our new collection,0,8
146,26,M,Cairo,Facebook,Display,Fashion,1,0,44,2025-01-12 09:32:00,Desktop,Android,Organic,1014,5075,Buy now and save 20%,0,3
147,31,M,Alexandria,Facebook,Display,Food & Beverage,0,0,34,2025-01-01 22:48:00,Tablet,iOS,Social,1080,5077,Limited offer!,0,10
148,31,M,Aswan,Facebook,Display,Electronics,1,0,2,2025-01-29 15:49:00,Tablet,Windows,Organic,1056,5093,Check our new collection,0,4
149,27,F,Giza,Instagram,Display,Travel,0,0,15,2025-03-17 12:10:00,Mobile,Android,Social,1004,5063,Check our new collection,1889,9
150,54,M,Cairo,Facebook,Display,Travel,0,0,27,2025-01-29 00:32:00,Mobile,Android,Paid,1008,5026,Buy now and save 20%,851,9
151,30,M,Cairo,Instagram,Display,Electronics,0,0,42,2025-01-19 19:35:00,Tablet,Android,Organic,1072,5013,Buy now and save 20%,0,5
152,48,F,Alexandria,Instagram,Display,Fashion,1,0,39,2025-02-17 07:22:00,Desktop,Windows,Social,1100,5077,Order online fast delivery,0,9
153,45,F,Giza,Facebook,Video,Electronics,1,0,15,2025-02-07 23:10:00,Tablet,Windows,Paid,1005,5026,Order online fast delivery,1833,5
154,46,F,Cairo,Google Ads,Display,Travel,1,0,15,2025-03-19 23:49:00,Mobile,iOS,Social,1012,5076,Check our new collection,0,1
155,52,M,Alexandria,Instagram,Video,Food & Beverage,1,0,40,2025-02-01 18:12:00,Tablet,Windows,Organic,1040,5093,Buy now and save 20%,0,1
156,33,M,Aswan,YouTube,Display,Food & Beverage,0,0,8,2025-03-17 20:32:00,Mobile,Android,Organic,1036,5086,Check our new collection,0,6
157,26,M,Cairo,YouTube,Search,Food & Beverage,1,0,43,2025-03-04 09:47:00,Mobile,iOS,Organic,1087,5045,Buy now and save 20%,0,8
158,24,F,Luxor,Google Ads,Display,Gaming,0,0,12,2025-03-11 12:20:00,Mobile,Android,Social,1013,5055,Book your travel today,0,7
159,33,F,Cairo,Facebook,Search,Gaming,0,0,45,2025-03-02 10:06:00,Tablet,Windows,Social,1003,5100,Buy now and save 20%,0,1
160,52,F,Cairo,Instagram,Video,Food & Beverage,0,0,35,2025-01-29 17:10:00,Mobile,Windows,Organic,1020,5087,Limited offer!,0,1
161,35,M,Aswan,Facebook,Display,Fashion,0,1,4,2025-02-25 17:16:00,Desktop,Windows,Organic,1078,5002,Top-rated gadgets on sale,496,5
162,52,M,Cairo,Facebook,Display,Food & Beverage,0,0,9,2025-02-28 22:04:00,Mobile,Windows,Paid,1087,5017,Book your travel today,0,2
163,27,M,Cairo,YouTube,Video,Travel,1,1,12,2025-01-07 09:59:00,Mobile,Windows,Social,1054,5096,Order online fast delivery,0,7
164,59,M,Luxor,Facebook,Display,Food & Beverage,0,0,30,2025-02-13 07:44:00,Tablet,iOS,Organic,1009,5052,Limited offer!,0,4
165,28,M,Alexandria,YouTube,Display,Fashion,0,0,5,2025-03-19 00:02:00,Mobile,Windows,Organic,1045,5000,Check our new collection,0,3
166,59,M,Aswan,Instagram,Video,Travel,1,0,28,2025-01-30 05:31:00,Desktop,Windows,Paid,1073,5080,Limited offer!,0,6
167,54,M,Cairo,Facebook,Video,Food & Beverage,0,0,7,2025-03-25 09:32:00,Desktop,Windows,Paid,1034,5058,Check our new collection,0,9
168,36,F,Cairo,Instagram,Video,Gaming,0,0,40,2025-01-12 01:16:00,Desktop,Windows,Paid,1077,5007,Buy now and save 20%,0,2
169,51,M,Mansoura,Facebook,Display,Food & Beverage,0,0,5,2025-01-17 07:04:00,Tablet,Windows,Paid,1035,5075,Check our new collection,0,10
170,18,F,Luxor,YouTube,Display,Food & Beverage,0,0,41,2025-03-29 09:50:00,Mobile,Windows,Social,1038,5076,Check our new collection,457,10
171,50,F,Cairo,Instagram,Display,Food & Beverage,0,0,23,2025-02-27 16:05:00,Desktop,Windows,Organic,1094,5092,Limited offer!,1422,1
172,53,F,Cairo,Facebook,Video,Electronics,0,0,45,2025-03-27 03:05:00,Tablet,Android,Social,1062,5087,Order online fast delivery,0,4
173,30,M,Cairo,Facebook,Display,Fashion,0,1,48,2025-03-22 03:11:00,Tablet,iOS,Paid,1062,5011,Limited offer!,0,10
174,18,M,Mansoura,Facebook,Search,Gaming,0,0,28,2025-01-20 01:37:00,Desktop,iOS,Paid,1043,5086,Limited offer!,0,5
175,32,F,Aswan,Google Ads,Display,Food & Beverage,0,0,21,2025-02-22 01:10:00,Tablet,iOS,Paid,1008,5084,Book your travel today,0,1
176,30,M,Luxor,Facebook,Search,Food & Beverage,1,1,27,2025-03-02 11:47:00,Tablet,iOS,Paid,1013,5027,Limited offer!,0,2
177,34,M,Luxor,YouTube,Video,Fashion,0,0,37,2025-03-25 15:14:00,Mobile,Android,Paid,1019,5043,Buy now and save 20%,0,1
178,24,F,Mansoura,Google Ads,Search,Food & Beverage,1,0,34,2025-02-05 15:01:00,Desktop,Windows,Organic,1048,5067,Book your travel today,0,2
179,18,F,Giza,Google Ads,Search,Fashion,0,0,24,2025-02-08 05:43:00,Tablet,Windows,Paid,1034,5092,Check our new collection,184,6
180,24,M,Alexandria,Instagram,Display,Electronics,0,0,13,2025-03-20 00:14:00,Mobile,Windows,Paid,1088,5027,Buy now and save 20%,0,2
181,45,M,Alexandria,Instagram,Video,Travel,0,0,50,2025-02-15 10:44:00,Tablet,iOS,Organic,1031,5052,Limited offer!,0,6
182,26,F,Luxor,Instagram,Video,Food & Beverage,0,0,34,2025-03-06 16:15:00,Mobile,iOS,Organic,1046,5048,Buy now and save 20%,0,3
183,54,M,Giza,Facebook,Display,Food & Beverage,1,0,22,2025-03-22 22:16:00,Mobile,Android,Social,1078,5011,Order online fast delivery,0,3
184,37,F,Aswan,Instagram,Display,Fashion,0,0,20,2025-03-04 14:34:00,Mobile,Android,Organic,1043,5076,Top-rated gadgets on sale,0,6
185,33,M,Cairo,Google Ads,Display,Fashion,0,0,48,2025-02-17 08:49:00,Desktop,Windows,Paid,1015,5045,Top-rated gadgets on sale,0,8
186,40,F,Alexandria,Google Ads,Search,Fashion,0,0,48,2025-01-14 17:32:00,Tablet,Android,Social,1020,5082,Check our new collection,0,10
187,41,M,Cairo,Facebook,Video,Food & Beverage,1,1,10,2025-03-14 07:14:00,Mobile,iOS,Social,1055,5068,Check our new collection,1791,9
188,35,F,Cairo,Facebook,Search,Food & Beverage,0,0,15,2025-01-21 07:46:00,Mobile,Windows,Social,1010,5087,Check our new collection,0,7
189,25,M,Luxor,Facebook,Video,Food & Beverage,1,1,37,2025-01-02 04:36:00,Mobile,iOS,Social,1008,5090,Top-rated gadgets on sale,0,1
190,41,F,Cairo,Instagram,Video,Fashion,0,0,34,2025-02-09 18:19:00,Tablet,iOS,Paid,1033,5045,Book your travel today,0,2
191,46,F,Luxor,Instagram,Display,Fashion,0,0,19,2025-01-18 12:24:00,Tablet,Android,Organic,1009,5014,Buy now and save 20%,0,8
192,35,F,Luxor,YouTube,Display,Fashion,1,0,24,2025-01-27 06:16:00,Tablet,iOS,Organic,1083,5027,Check our new collection,0,1
193,39,M,Cairo,Facebook,Display,Fashion,1,1,46,2025-02-19 06:33:00,Mobile,Windows,Organic,1000,5008,Buy now and save 20%,0,2
194,57,F,Cairo,Facebook,Search,Gaming,0,0,28,2025-01-11 14:50:00,Desktop,Windows,Social,1010,5072,Order online fast delivery,0,6
195,57,M,Alexandria,YouTube,Video,Travel,1,0,4,2025-01-30 00:00:00,Mobile,iOS,Paid,1023,5051,Order online fast delivery,0,1
196,30,M,Luxor,Facebook,Display,Fashion,1,0,25,2025-03-27 11:04:00,Desktop,Windows,Organic,1030,5076,Limited offer!,0,8
197,31,F,Cairo,YouTube,Video,Gaming,0,0,2,2025-01-02 00:58:00,Mobile,Windows,Paid,1092,5037,Top-rated gadgets on sale,1629,6
198,57,F,Alexandria,Instagram,Search,Travel,1,0,34,2025-02-26 09:12:00,Desktop,iOS,Social,1055,5011,Check our new collection,0,6
199,37,F,Cairo,Facebook,Display,Electronics,0,0,2,2025-02-04 19:32:00,Mobile,iOS,Paid,1044,5052,Buy now and save 20%,0,8
200,34,F,Alexandria,Instagram,Display,Food & Beverage,0,0,49,2025-01-25 20:43:00,Tablet,Windows,Organic,1016,5076,Order online fast delivery,0,9
201,19,F,Cairo,YouTube,Video,Gaming,0,0,28,2025-01-31 13:46:00,Tablet,iOS,Organic,1092,5047,Limited offer!,0,1
202,40,M,Luxor,Google Ads,Display,Gaming,0,0,29,2025-02-05 21:43:00,Desktop,Android,Organic,1061,5026,Book your travel today,0,8
203,28,F,Cairo,Facebook,Video,Gaming,0,0,46,2025-02-20 19:26:00,Desktop,Android,Social,1079,5074,Buy now and save 20%,0,6
204,46,M,Cairo,Facebook,Display,Fashion,0,0,48,2025-03-14 09:11:00,Mobile,Windows,Organic,1002,5021,Check our new collection,1507,1
205,37,F,Cairo,Google Ads,Video,Travel,1,0,7,2025-01-31 02:59:00,Desktop,Android,Paid,1086,5029,Top-rated gadgets on sale,0,10
206,42,F,Alexandria,Facebook,Display,Food & Beverage,1,0,30,2025-02-16 22:26:00,Desktop,iOS,Organic,1016,5042,Limited offer!,0,2
207,30,F,Cairo,Facebook,Video,Travel,0,0,30,2025-01-04 14:52:00,Desktop,Windows,Social,1086,5059,Check our new collection,0,6
208,52,M,Aswan,Google Ads,Video,Food & Beverage,0,0,34,2025-03-17 02:06:00,Mobile,iOS,Social,1081,5087,Book your travel today,0,2
209,18,M,Mansoura,Facebook,Display,Fashion,0,0,4,2025-01-22 18:04:00,Desktop,Android,Paid,1090,5084,Buy now and save 20%,0,6
210,55,M,Cairo,Google Ads,Search,Electronics,1,1,28,2025-03-06 18:17:00,Desktop,iOS,Organic,1085,5086,Order online fast delivery,683,7
211,20,M,Alexandria,Instagram,Display,Fashion,0,1,38,2025-02-07 09:12:00,Mobile,Android,Organic,1084,5074,Book your travel today,0,8
212,42,M,Cairo,Instagram,Display,Fashion,0,1,6,2025-01-10 05:02:00,Desktop,Windows,Organic,1016,5098,Buy now and save 20%,0,6
213,25,M,Alexandria,Facebook,Display,Food & Beverage,0,1,25,2025-02-04 10:15:00,Mobile,iOS,Organic,1075,5052,Order online fast delivery,1065,7
214,30,F,Giza,YouTube,Display,Travel,1,0,17,2025-02-08 17:45:00,Desktop,Windows,Social,1063,5085,Limited offer!,0,9
215,52,M,Luxor,Facebook,Video,Electronics,0,0,29,2025-02-20 06:01:00,Tablet,Android,Paid,1037,5043,Book your travel today,0,4
216,21,F,Alexandria,Google Ads,Display,Fashion,0,0,11,2025-02-24 16:53:00,Mobile,Android,Paid,1000,5018,Buy now and save 20%,0,7
217,28,F,Cairo,Instagram,Video,Food & Beverage,0,1,34,2025-01-02 18:52:00,Mobile,Windows,Paid,1050,5100,Buy now and save 20%,0,5
218,47,M,Mansoura,Instagram,Display,Food & Beverage,0,0,19,2025-01-14 05:16:00,Desktop,Android,Paid,1046,5023,Order online fast delivery,882,10
219,28,F,Cairo,Facebook,Display,Electronics,0,0,6,2025-03-02 12:13:00,Desktop,iOS,Social,1055,5004,Check our new collection,0,7
220,39,M,Cairo,Facebook,Video,Food & Beverage,0,0,4,2025-01-06 23:57:00,Desktop,Windows,Social,1046,5087,Limited offer!,0,10
221,35,M,Giza,YouTube,Video,Fashion,0,0,35,2025-02-12 11:58:00,Tablet,Android,Social,1063,5084,Order online fast delivery,0,5
222,43,M,Alexandria,Instagram,Search,Electronics,0,1,20,2025-03-13 04:59:00,Tablet,iOS,Social,1040,5060,Buy now and save 20%,0,8
223,30,M,Mansoura,Instagram,Display,Fashion,0,0,3,2025-02-11 15:52:00,Desktop,Android,Paid,1059,5068,Check our new collection,1879,2
224,43,F,Luxor,Google Ads,Display,Travel,0,1,24,2025-03-05 13:17:00,Tablet,iOS,Organic,1034,5093,Top-rated gadgets on sale,0,2
225,53,F,Luxor,Facebook,Video,Gaming,1,0,19,2025-02-02 17:13:00,Mobile,Windows,Organic,1012,5077,Buy now and save 20%,0,10
226,23,M,Aswan,Facebook,Video,Food & Beverage,1,0,34,2025-02-20 07:27:00,Desktop,Windows,Social,1091,5046,Order online fast delivery,0,5
227,55,F,Cairo,Instagram,Display,Travel,0,0,15,2025-03-20 19:34:00,Mobile,Android,Social,1033,5053,Order online fast delivery,0,3
228,30,F,Alexandria,Facebook,Search,Fashion,1,0,48,2025-01-31 09:41:00,Desktop,Android,Organic,1098,5086,Buy now and save 20%,101,1
229,41,M,Alexandria,Google Ads,Search,Gaming,1,0,17,2025-01-24 15:43:00,Mobile,Windows,Organic,1060,5090,Limited offer!,0,1
230,52,M,Aswan,YouTube,Video,Electronics,0,0,32,2025-02-11 22:37:00,Desktop,iOS,Organic,1008,5077,Top-rated gadgets on sale,0,6
231,26,M,Cairo,Facebook,Display,Food & Beverage,1,0,9,2025-02-04 22:40:00,Mobile,Windows,Paid,1054,5081,Top-rated gadgets on sale,0,5
232,51,M,Alexandria,Instagram,Display,Gaming,0,0,42,2025-03-26 07:15:00,Desktop,Android,Social,1062,5053,Top-rated gadgets on sale,0,7
233,46,F,Mansoura,Google Ads,Display,Gaming,0,0,29,2025-03-14 00:12:00,Mobile,Android,Organic,1085,5086,Check our new collection,0,10
234,50,M,Luxor,Google Ads,Video,Fashion,0,0,21,2025-03-20 14:28:00,Desktop,Windows,Social,1074,5073,Order online fast delivery,0,9
235,60,F,Cairo,Facebook,Display,Electronics,1,0,24,2025-03-12 10:15:00,Tablet,Android,Social,1094,5065,Check our new collection,0,9
236,41,M,Giza,Google Ads,Search,Food & Beverage,0,0,6,2025-03-20 14:41:00,Tablet,iOS,Paid,1074,5097,Book your travel today,215,7
237,59,M,Giza,Facebook,Display,Electronics,0,0,49,2025-02-27 00:58:00,Mobile,Android,Organic,1057,5031,Order online fast delivery,1008,7
238,42,F,Cairo,Facebook,Video,Travel,0,1,35,2025-03-31 03:13:00,Tablet,Android,Social,1100,5072,Top-rated gadgets on sale,1947,10
239,30,F,Cairo,Instagram,Display,Food & Beverage,1,0,40,2025-01-15 21:33:00,Mobile,iOS,Paid,1006,5052,Buy now and save 20%,0,3
240,30,F,Cairo,Facebook,Video,Food & Beverage,0,0,50,2025-01-28 21:54:00,Desktop,iOS,Social,1043,5055,Order online fast delivery,0,2
241,35,M,Alexandria,Facebook,Search,Electronics,0,0,2,2025-01-01 01:42:00,Tablet,Windows,Paid,1084,5078,Order online fast delivery,0,4
242,26,F,Mansoura,Google Ads,Display,Electronics,0,0,24,2025-03-26 22:42:00,Tablet,Android,Social,1093,5043,Buy now and save 20%,1402,3
243,38,F,Aswan,Instagram,Display,Fashion,1,1,25,2025-03-25 09:21:00,Desktop,Android,Social,1000,5099,Limited offer!,1974,8
244,35,F,Giza,YouTube,Display,Food & Beverage,0,0,11,2025-01-19 12:16:00,Mobile,iOS,Paid,1014,5063,Book your travel today,0,8
245,47,F,Mansoura,Google Ads,Display,Gaming,0,0,50,2025-02-14 16:33:00,Mobile,iOS,Paid,1013,5088,Order online fast delivery,0,3
246,50,F,Aswan,Facebook,Display,Fashion,0,0,31,2025-03-04 03:36:00,Tablet,iOS,Social,1082,5006,Check our new collection,0,8
247,57,M,Cairo,Facebook,Display,Electronics,0,1,6,2025-02-24 01:25:00,Mobile,Windows,Organic,1068,5094,Check our new collection,832,4
248,33,M,Luxor,Facebook,Video,Fashion,1,0,31,2025-01-17 20:11:00,Desktop,iOS,Paid,1021,5023,Limited offer!,0,1
249,50,F,Luxor,Facebook,Video,Food & Beverage,1,0,27,2025-03-23 11:25:00,Tablet,iOS,Organic,1014,5030,Book your travel today,0,9
250,43,F,Giza,Facebook,Display,Food & Beverage,1,0,48,2025-01-21 08:52:00,Mobile,iOS,Social,1095,5087,Order online fast delivery,180,1
251,52,F,Giza,Google Ads,Search,Food & Beverage,1,0,27,2025-03-04 05:19:00,Desktop,iOS,Social,1054,5085,Buy now and save 20%,1906,2
252,47,F,Cairo,Instagram,Display,Fashion,0,1,50,2025-02-26 22:13:00,Tablet,Android,Organic,1037,5081,Buy now and save 20%,0,2
253,41,M,Cairo,YouTube,Video,Fashion,0,0,13,2025-03-25 20:25:00,Tablet,Android,Social,1046,5061,Order online fast delivery,0,1
254,57,M,Cairo,Instagram,Video,Fashion,0,1,46,2025-03-19 16:32:00,Tablet,iOS,Organic,1011,5038,Limited offer!,140,4
255,41,M,Cairo,Instagram,Search,Travel,0,0,13,2025-02-28 23:47:00,Mobile,Android,Paid,1076,5056,Check our new collection,0,9
256,50,M,Cairo,Instagram,Display,Travel,0,0,34,2025-01-10 21:04:00,Tablet,iOS,Organic,1036,5097,Order online fast delivery,0,3
257,55,M,Alexandria,Instagram,Video,Electronics,0,0,42,2025-03-05 12:01:00,Desktop,Android,Paid,1056,5037,Check our new collection,1084,6
258,31,M,Luxor,Facebook,Video,Fashion,0,0,20,2025-03-17 12:32:00,Tablet,Windows,Social,1093,5040,Limited offer!,0,4
259,58,F,Cairo,Instagram,Display,Electronics,0,0,42,2025-02-14 17:58:00,Mobile,Windows,Paid,1002,5072,Book your travel today,1427,10
260,33,F,Mansoura,Instagram,Display,Fashion,0,0,42,2025-01-22 20:20:00,Desktop,Windows,Paid,1050,5065,Buy now and save 20%,0,8
261,26,M,Cairo,Instagram,Display,Fashion,0,0,49,2025-03-13 04:44:00,Tablet,Windows,Paid,1002,5020,Buy now and save 20%,0,7
262,50,F,Luxor,Facebook,Video,Fashion,0,0,33,2025-03-19 19:40:00,Desktop,iOS,Organic,1029,5075,Top-rated gadgets on sale,0,3
263,20,M,Aswan,Facebook,Video,Electronics,1,0,34,2025-03-28 06:16:00,Tablet,Windows,Paid,1032,5036,Buy now and save 20%,0,7
264,36,M,Giza,Facebook,Display,Food & Beverage,0,0,39,2025-02-03 13:01:00,Mobile,Android,Social,1063,5059,Book your travel today,0,9
265,27,F,Cairo,Instagram,Search,Fashion,0,0,34,2025-01-07 13:27:00,Mobile,Android,Social,1047,5064,Limited offer!,0,6
266,36,F,Aswan,Google Ads,Video,Gaming,0,0,14,2025-02-22 21:24:00,Mobile,iOS,Paid,1091,5014,Limited offer!,0,8
267,46,F,Giza,YouTube,Video,Food & Beverage,1,0,20,2025-02-28 19:20:00,Tablet,Android,Social,1041,5079,Book your travel today,0,10
268,20,F,Luxor,YouTube,Search,Electronics,0,0,31,2025-03-05 07:59:00,Tablet,Windows,Organic,1049,5077,Top-rated gadgets on sale,518,10
269,26,M,Cairo,Instagram,Search,Food & Beverage,0,1,13,2025-01-17 06:55:00,Desktop,iOS,Social,1079,5100,Limited offer!,0,8
270,23,M,Luxor,Instagram,Display,Electronics,0,0,47,2025-02-21 13:15:00,Desktop,Android,Organic,1023,5007,Check our new collection,0,5
271,27,M,Aswan,YouTube,Search,Food & Beverage,0,0,21,2025-03-29 07:13:00,Mobile,Windows,Social,1088,5046,Check our new collection,0,7
272,50,M,Cairo,YouTube,Display,Fashion,1,0,3,2025-01-19 17:32:00,Mobile,iOS,Paid,1020,5058,Order online fast delivery,0,8
273,44,F,Cairo,Facebook,Display,Fashion,1,0,47,2025-01-29 07:49:00,Tablet,Android,Social,1058,5064,Order online fast delivery,0,9
274,33,F,Giza,Facebook,Display,Fashion,1,0,20,2025-01-26 20:37:00,Tablet,iOS,Organic,1015,5085,Order online fast delivery,0,8
275,26,F,Mansoura,YouTube,Search,Food & Beverage,0,0,6,2025-02-16 12:16:00,Desktop,Windows,Social,1094,5018,Top-rated gadgets on sale,116,10
276,18,M,Alexandria,Facebook,Video,Travel,0,0,2,2025-02-26 06:44:00,Desktop,Android,Organic,1011,5000,Check our new collection,0,10
277,40,M,Aswan,Facebook,Display,Fashion,1,0,45,2025-02-23 05:31:00,Desktop,iOS,Organic,1038,5049,Book your travel today,1798,7
278,48,M,Luxor,Google Ads,Display,Fashion,1,0,7,2025-01-04 15:14:00,Tablet,iOS,Social,1046,5044,Book your travel today,0,6
279,58,F,Mansoura,Facebook,Video,Travel,1,0,36,2025-03-13 17:07:00,Tablet,Android,Social,1048,5079,Check our new collection,0,6
280,56,F,Alexandria,Instagram,Display,Electronics,1,0,47,2025-02-05 02:36:00,Tablet,iOS,Organic,1019,5086,Limited offer!,0,10
281,58,M,Aswan,Google Ads,Display,Fashion,1,0,31,2025-01-05 08:34:00,Desktop,Android,Paid,1055,5048,Limited offer!,0,10
282,23,M,Cairo,YouTube,Video,Fashion,0,1,45,2025-03-28 12:44:00,Desktop,Android,Social,1071,5046,Limited offer!,506,5
283,57,F,Cairo,Google Ads,Display,Fashion,1,0,25,2025-02-02 16:59:00,Mobile,Windows,Paid,1038,5045,Book your travel today,0,6
284,51,M,Cairo,Facebook,Display,Fashion,0,1,49,2025-01-30 12:39:00,Desktop,Android,Organic,1046,5030,Book your travel today,0,8
285,39,F,Giza,Google Ads,Video,Electronics,0,0,36,2025-03-10 01:50:00,Desktop,Android,Paid,1090,5064,Check our new collection,1054,1
286,25,F,Alexandria,Facebook,Display,Food & Beverage,0,0,13,2025-02-10 00:09:00,Desktop,iOS,Social,1007,5033,Check our new collection,0,7
287,20,F,Cairo,Facebook,Display,Fashion,0,0,41,2025-01-30 05:06:00,Desktop,Windows,Organic,1000,5030,Buy now and save 20%,823,9
288,53,M,Aswan,Facebook,Display,Food & Beverage,1,0,29,2025-03-06 08:56:00,Desktop,Android,Social,1058,5094,Order online fast delivery,0,4
289,41,F,Aswan,Instagram,Display,Electronics,0,0,12,2025-03-07 02:59:00,Tablet,iOS,Paid,1023,5063,Book your travel today,463,2
290,54,M,Cairo,Facebook,Display,Fashion,1,0,29,2025-01-28 15:03:00,Mobile,Android,Social,1024,5076,Check our new collection,0,7
291,30,F,Cairo,Google Ads,Display,Fashion,1,0,45,2025-03-24 20:41:00,Tablet,iOS,Organic,1000,5097,Top-rated gadgets on sale,0,8
292,29,M,Giza,Facebook,Display,Food & Beverage,0,0,5,2025-03-29 10:08:00,Desktop,Windows,Paid,1015,5052,Order online fast delivery,1093,7
293,24,M,Alexandria,Facebook,Display,Travel,0,0,25,2025-03-19 12:16:00,Desktop,Android,Social,1045,5053,Limited offer!,0,4
294,46,F,Cairo,Instagram,Display,Food & Beverage,1,0,20,2025-03-07 19:12:00,Mobile,iOS,Social,1042,5093,Check our new collection,0,6
295,45,F,Cairo,Facebook,Search,Electronics,1,0,31,2025-01-09 05:47:00,Desktop,Android,Paid,1066,5074,Book your travel today,0,1
296,28,M,Giza,Instagram,Video,Food & Beverage,1,0,9,2025-02-23 17:32:00,Desktop,Android,Organic,1045,5054,Top-rated gadgets on sale,0,10
297,27,M,Mansoura,Google Ads,Display,Fashion,1,0,31,2025-03-12 12:50:00,Tablet,iOS,Social,1068,5087,Limited offer!,0,3
298,18,F,Alexandria,Instagram,Display,Food & Beverage,0,0,26,2025-03-13 21:16:00,Mobile,Windows,Paid,1012,5003,Top-rated gadgets on sale,0,5
299,56,M,Alexandria,Instagram,Display,Fashion,0,0,29,2025-01-08 18:20:00,Desktop,Windows,Paid,1087,5045,Top-rated gadgets on sale,0,7
300,51,M,Giza,Facebook,Display,Fashion,1,1,30,2025-03-24 21:20:00,Tablet,iOS,Paid,1052,5076,Book your travel today,0,6
301,33,M,Aswan,Google Ads,Video,Fashion,0,0,24,2025-03-13 10:41:00,Tablet,Windows,Social,1050,5067,Limited offer!,0,6
302,35,M,Alexandria,Facebook,Display,Food & Beverage,0,0,40,2025-01-02 12:24:00,Desktop,iOS,Social,1098,5083,Order online fast delivery,0,2
303,30,M,Giza,Facebook,Video,Gaming,0,1,33,2025-03-11 18:27:00,Mobile,Windows,Paid,1027,5041,Buy now and save 20%,0,7
304,42,M,Luxor,YouTube,Display,Gaming,0,0,39,2025-01-03 16:28:00,Mobile,iOS,Social,1028,5053,Buy now and save 20%,0,10
305,47,F,Mansoura,Facebook,Display,Electronics,0,0,35,2025-02-02 14:58:00,Tablet,iOS,Social,1096,5052,Buy now and save 20%,0,8
306,23,F,Cairo,Facebook,Video,Food & Beverage,0,0,48,2025-01-11 22:04:00,Tablet,iOS,Paid,1079,5070,Check our new collection,0,2
307,51,M,Cairo,Facebook,Display,Food & Beverage,0,0,31,2025-03-10 18:59:00,Mobile,Windows,Paid,1069,5007,Check our new collection,0,2
308,21,M,Cairo,Facebook,Display,Food & Beverage,0,0,33,2025-01-29 11:46:00,Desktop,Android,Organic,1067,5048,Book your travel today,0,9
309,28,F,Cairo,Facebook,Video,Electronics,0,0,20,2025-02-03 18:25:00,Mobile,Windows,Social,1099,5057,Order online fast delivery,0,10
310,26,M,Luxor,Instagram,Display,Food & Beverage,0,0,20,2025-02-12 07:41:00,Mobile,iOS,Organic,1096,5047,Book your travel today,0,8
311,41,M,Cairo,YouTube,Video,Food & Beverage,0,0,14,2025-03-09 13:50:00,Mobile,Windows,Organic,1013,5035,Check our new collection,0,7
312,23,F,Alexandria,YouTube,Video,Fashion,0,0,41,2025-03-01 08:48:00,Tablet,iOS,Social,1091,5018,Top-rated gadgets on sale,0,6
313,39,F,Alexandria,Google Ads,Search,Gaming,1,0,27,2025-01-15 15:47:00,Mobile,Windows,Organic,1017,5090,Top-rated gadgets on sale,0,4
314,40,M,Alexandria,Instagram,Display,Food & Beverage,0,0,15,2025-02-16 17:15:00,Desktop,Windows,Social,1004,5051,Order online fast delivery,837,10
315,19,M,Luxor,YouTube,Display,Food & Beverage,0,0,12,2025-02-06 14:06:00,Mobile,iOS,Paid,1006,5023,Buy now and save 20%,0,1
316,42,F,Giza,Facebook,Video,Fashion,0,0,46,2025-02-15 12:52:00,Tablet,Android,Organic,1038,5030,Buy now and save 20%,0,10
317,54,M,Luxor,Facebook,Search,Food & Beverage,1,1,8,2025-03-18 09:33:00,Tablet,Android,Organic,1049,5006,Top-rated gadgets on sale,0,9
318,45,M,Mansoura,Facebook,Display,Electronics,0,0,44,2025-02-23 08:33:00,Mobile,Android,Social,1072,5024,Buy now and save 20%,0,1
319,53,M,Alexandria,Facebook,Video,Gaming,0,1,37,2025-01-10 21:49:00,Mobile,Windows,Paid,1093,5063,Order online fast delivery,0,1
320,48,F,Alexandria,Facebook,Search,Fashion,0,1,43,2025-01-11 12:11:00,Mobile,Windows,Paid,1052,5024,Top-rated gadgets on sale,0,3
321,41,F,Cairo,Google Ads,Video,Fashion,0,0,47,2025-01-15 21:28:00,Mobile,iOS,Organic,1054,5032,Book your travel today,184,3
322,46,M,Alexandria,Instagram,Display,Electronics,1,0,18,2025-01-20 14:49:00,Desktop,iOS,Social,1066,5003,Top-rated gadgets on sale,0,3
323,22,M,Luxor,Google Ads,Display,Electronics,1,0,30,2025-02-18 03:27:00,Desktop,Windows,Social,1031,5053,Book your travel today,0,1
324,18,F,Giza,Instagram,Video,Travel,0,0,22,2025-01-09 23:08:00,Desktop,Android,Organic,1037,5031,Buy now and save 20%,977,4
325,39,F,Alexandria,Instagram,Video,Food & Beverage,0,0,41,2025-03-04 17:08:00,Tablet,Windows,Organic,1048,5046,Buy now and save 20%,1321,4
326,23,M,Giza,Facebook,Video,Travel,0,0,44,2025-01-20 06:20:00,Desktop,iOS,Social,1025,5070,Check our new collection,0,7
327,24,F,Aswan,YouTube,Display,Travel,1,1,21,2025-03-14 10:22:00,Mobile,Android,Paid,1074,5007,Book your travel today,0,9
328,55,F,Aswan,Google Ads,Display,Food & Beverage,1,0,25,2025-01-27 05:08:00,Tablet,iOS,Organic,1043,5038,Order online fast delivery,1527,6
329,57,M,Cairo,Instagram,Display,Food & Beverage,0,0,46,2025-03-12 18:24:00,Desktop,Android,Paid,1003,5063,Order online fast delivery,0,7
330,29,M,Giza,Instagram,Display,Fashion,0,1,14,2025-01-05 06:58:00,Mobile,Android,Paid,1080,5054,Buy now and save 20%,0,2
331,33,M,Alexandria,Facebook,Video,Food & Beverage,1,0,2,2025-01-17 18:01:00,Tablet,Windows,Paid,1077,5098,Top-rated gadgets on sale,0,9
332,37,M,Mansoura,Facebook,Display,Travel,0,0,41,2025-01-31 21:37:00,Tablet,Windows,Paid,1012,5049,Limited offer!,0,5
333,54,M,Cairo,Facebook,Video,Food & Beverage,1,1,39,2025-03-17 11:52:00,Tablet,Android,Social,1094,5054,Buy now and save 20%,0,9
334,55,F,Aswan,Facebook,Video,Gaming,0,0,28,2025-02-21 00:44:00,Mobile,Windows,Social,1020,5076,Buy now and save 20%,277,3
335,60,M,Cairo,Instagram,Video,Gaming,0,0,34,2025-03-14 04:47:00,Tablet,Android,Organic,1036,5036,Check our new collection,0,9
336,60,F,Cairo,Google Ads,Display,Travel,1,0,9,2025-02-08 08:19:00,Tablet,iOS,Social,1055,5084,Buy now and save 20%,0,7
337,45,F,Giza,Facebook,Display,Electronics,0,1,39,2025-03-23 19:13:00,Mobile,Windows,Social,1072,5066,Limited offer!,187,10
338,19,F,Alexandria,Facebook,Video,Travel,0,0,10,2025-02-28 13:46:00,Mobile,Android,Paid,1097,5083,Book your travel today,0,5
339,30,F,Giza,Facebook,Display,Food & Beverage,0,0,44,2025-01-04 14:58:00,Desktop,Android,Organic,1026,5083,Top-rated gadgets on sale,1086,9
340,59,F,Luxor,Instagram,Display,Fashion,0,0,30,2025-02-06 19:14:00,Mobile,Android,Organic,1013,5020,Limited offer!,0,7
341,42,M,Cairo,Google Ads,Display,Fashion,1,0,23,2025-03-01 04:48:00,Tablet,Android,Paid,1054,5089,Order online fast delivery,1493,7
342,36,F,Cairo,Facebook,Display,Travel,1,0,11,2025-02-26 18:13:00,Tablet,Android,Social,1092,5037,Limited offer!,0,4
343,25,M,Mansoura,Instagram,Search,Electronics,1,0,33,2025-03-20 04:35:00,Desktop,Android,Social,1089,5019,Limited offer!,0,4
344,59,M,Alexandria,Instagram,Video,Food & Beverage,0,0,10,2025-01-05 01:24:00,Tablet,Windows,Paid,1017,5006,Buy now and save 20%,0,8
345,20,M,Mansoura,YouTube,Display,Fashion,1,0,21,2025-02-20 22:27:00,Mobile,Android,Social,1009,5080,Buy now and save 20%,0,9
346,56,F,Alexandria,Instagram,Video,Fashion,1,0,26,2025-02-08 03:16:00,Desktop,iOS,Social,1097,5020,Order online fast delivery,0,1
347,50,F,Giza,Facebook,Display,Gaming,0,0,6,2025-01-22 14:32:00,Tablet,Android,Organic,1077,5067,Buy now and save 20%,1434,1
348,43,F,Cairo,Instagram,Display,Gaming,0,1,28,2025-03-24 02:05:00,Mobile,iOS,Social,1061,5076,Buy now and save 20%,1837,9
349,37,M,Cairo,Google Ads,Video,Travel,0,0,20,2025-01-26 01:15:00,Tablet,iOS,Organic,1097,5080,Check our new collection,0,4
350,37,M,Cairo,YouTube,Video,Electronics,0,1,7,2025-03-30 05:01:00,Tablet,iOS,Social,1004,5053,Order online fast delivery,0,5
351,31,M,Alexandria,YouTube,Display,Electronics,0,0,16,2025-01-25 04:27:00,Mobile,iOS,Social,1023,5046,Book your travel today,1053,7
352,59,F,Mansoura,Google Ads,Display,Fashion,1,1,35,2025-02-17 00:01:00,Tablet,Windows,Paid,1005,5013,Top-rated gadgets on sale,0,10
353,26,F,Luxor,Facebook,Display,Travel,1,1,20,2025-01-18 18:46:00,Tablet,Android,Paid,1033,5021,Buy now and save 20%,1583,1
354,32,M,Giza,Facebook,Display,Food & Beverage,0,0,44,2025-03-21 01:52:00,Desktop,Windows,Paid,1046,5064,Top-rated gadgets on sale,0,10
355,26,F,Alexandria,Google Ads,Display,Food & Beverage,0,0,5,2025-01-11 07:55:00,Mobile,Android,Organic,1048,5015,Book your travel today,0,4
356,58,M,Giza,Instagram,Video,Food & Beverage,0,0,13,2025-02-01 10:53:00,Mobile,Android,Paid,1004,5051,Order online fast delivery,0,3
357,49,F,Cairo,Instagram,Display,Travel,0,0,21,2025-02-21 14:07:00,Desktop,iOS,Social,1040,5040,Check our new collection,0,4
358,22,F,Mansoura,Google Ads,Search,Electronics,1,0,45,2025-03-31 16:55:00,Tablet,iOS,Social,1060,5085,Order online fast delivery,0,3
359,23,M,Giza,Facebook,Video,Food & Beverage,0,0,19,2025-01-08 18:32:00,Mobile,iOS,Social,1002,5034,Order online fast delivery,0,5
360,37,F,Giza,Facebook,Display,Gaming,0,0,10,2025-01-05 15:22:00,Tablet,iOS,Paid,1078,5035,Top-rated gadgets on sale,0,7
361,32,M,Alexandria,Google Ads,Display,Electronics,0,0,10,2025-01-15 04:18:00,Tablet,iOS,Paid,1042,5081,Order online fast delivery,0,7
362,29,F,Luxor,Google Ads,Display,Food & Beverage,0,0,28,2025-02-02 11:32:00,Tablet,iOS,Paid,1001,5039,Order online fast delivery,0,3
363,49,F,Giza,Facebook,Video,Gaming,1,0,23,2025-02-18 17:29:00,Desktop,Android,Organic,1088,5046,Check our new collection,1320,5
364,43,F,Cairo,Instagram,Display,Gaming,0,1,37,2025-03-02 00:52:00,Desktop,iOS,Social,1080,5051,Book your travel today,114,5
365,43,F,Aswan,Google Ads,Video,Travel,0,0,35,2025-03-08 17:32:00,Mobile,Android,Social,1064,5024,Book your travel today,0,5
366,50,M,Giza,YouTube,Video,Travel,0,0,27,2025-03-18 16:46:00,Tablet,Windows,Social,1094,5000,Check our new collection,0,7
367,28,F,Luxor,Instagram,Video,Fashion,0,0,30,2025-03-22 10:59:00,Tablet,iOS,Paid,1066,5095,Book your travel today,0,4
368,49,F,Luxor,Facebook,Display,Fashion,1,0,6,2025-02-12 03:14:00,Tablet,iOS,Paid,1097,5017,Check our new collection,0,8
369,47,F,Giza,Facebook,Video,Fashion,0,0,21,2025-03-15 08:59:00,Mobile,iOS,Organic,1034,5067,Book your travel today,1030,9
370,21,F,Aswan,Facebook,Display,Gaming,0,0,42,2025-01-03 15:56:00,Tablet,Windows,Organic,1051,5033,Top-rated gadgets on sale,0,10
371,56,F,Mansoura,Instagram,Video,Fashion,0,0,6,2025-03-16 08:07:00,Tablet,Android,Paid,1015,5077,Order online fast delivery,80,6
372,39,M,Luxor,Instagram,Search,Gaming,0,0,47,2025-01-30 19:00:00,Desktop,Android,Paid,1063,5025,Book your travel today,0,2
373,31,F,Cairo,Facebook,Display,Travel,1,0,48,2025-03-07 08:00:00,Desktop,iOS,Paid,1092,5074,Order online fast delivery,0,7
374,22,M,Alexandria,Facebook,Video,Food & Beverage,0,1,33,2025-02-19 17:49:00,Tablet,iOS,Social,1082,5043,Order online fast delivery,0,4
375,18,F,Giza,Instagram,Video,Electronics,1,0,8,2025-01-30 23:52:00,Desktop,Windows,Social,1078,5047,Order online fast delivery,0,6
376,42,M,Aswan,Facebook,Video,Travel,1,0,50,2025-01-12 20:47:00,Tablet,iOS,Paid,1020,5099,Limited offer!,0,2
377,21,F,Cairo,Facebook,Video,Travel,0,0,15,2025-01-28 18:59:00,Mobile,iOS,Organic,1095,5005,Top-rated gadgets on sale,1528,5
378,26,M,Cairo,Instagram,Video,Gaming,0,0,50,2025-03-18 14:29:00,Tablet,iOS,Organic,1035,5099,Check our new collection,0,3
379,19,F,Alexandria,Facebook,Video,Food & Beverage,1,0,33,2025-02-24 22:02:00,Desktop,iOS,Social,1083,5038,Buy now and save 20%,0,3
380,19,M,Cairo,Facebook,Video,Fashion,0,0,47,2025-01-02 09:27:00,Desktop,Android,Paid,1058,5046,Check our new collection,0,7
381,54,F,Giza,YouTube,Search,Gaming,1,0,24,2025-01-27 02:46:00,Mobile,iOS,Organic,1021,5098,Buy now and save 20%,1613,6
382,27,M,Cairo,YouTube,Search,Food & Beverage,0,0,14,2025-02-19 19:13:00,Tablet,iOS,Organic,1051,5045,Limited offer!,0,7
383,51,M,Cairo,Instagram,Display,Fashion,1,0,11,2025-03-11 00:11:00,Tablet,iOS,Organic,1095,5053,Limited offer!,1761,5
384,44,F,Cairo,Google Ads,Video,Food & Beverage,0,0,14,2025-01-31 00:44:00,Desktop,iOS,Organic,1045,5023,Order online fast delivery,0,1
385,21,F,Luxor,Facebook,Search,Food & Beverage,1,0,43,2025-01-17 18:57:00,Tablet,iOS,Social,1071,5023,Order online fast delivery,0,6
386,58,M,Cairo,Google Ads,Display,Travel,1,1,23,2025-03-25 12:00:00,Mobile,Windows,Paid,1034,5046,Book your travel today,0,8
387,35,F,Mansoura,Facebook,Search,Electronics,0,0,49,2025-02-20 16:36:00,Mobile,Windows,Paid,1077,5030,Buy now and save 20%,0,10
388,53,F,Alexandria,Facebook,Search,Electronics,0,0,21,2025-03-09 06:29:00,Desktop,iOS,Organic,1064,5080,Limited offer!,0,7
389,60,F,Alexandria,Instagram,Search,Travel,0,0,17,2025-01-10 08:29:00,Tablet,Windows,Social,1068,5063,Book your travel today,0,4
390,28,M,Cairo,Google Ads,Display,Food & Beverage,1,0,29,2025-02-16 03:21:00,Desktop,Android,Organic,1014,5085,Limited offer!,0,10
391,20,M,Aswan,Google Ads,Display,Electronics,0,0,24,2025-03-05 21:28:00,Mobile,Android,Organic,1095,5069,Top-rated gadgets on sale,0,1
392,22,F,Giza,Google Ads,Display,Electronics,0,0,29,2025-01-11 15:06:00,Desktop,Windows,Organic,1021,5090,Check our new collection,0,10
393,39,F,Cairo,Instagram,Video,Food & Beverage,0,0,9,2025-01-24 11:56:00,Mobile,Android,Organic,1070,5008,Top-rated gadgets on sale,0,10
394,20,M,Mansoura,Instagram,Search,Fashion,0,0,33,2025-02-21 23:28:00,Mobile,Windows,Paid,1046,5066,Top-rated gadgets on sale,0,8
395,60,M,Giza,Google Ads,Display,Gaming,1,0,35,2025-02-06 13:55:00,Desktop,iOS,Organic,1002,5027,Limited offer!,0,3
396,36,M,Cairo,Facebook,Display,Electronics,1,1,7,2025-02-22 08:05:00,Desktop,iOS,Social,1040,5099,Limited offer!,0,6
397,48,F,Mansoura,Facebook,Search,Electronics,0,0,27,2025-02-05 20:19:00,Desktop,Windows,Organic,1049,5086,Check our new collection,469,6
398,38,F,Cairo,Facebook,Display,Fashion,0,0,15,2025-03-31 13:38:00,Tablet,Windows,Paid,1085,5057,Buy now and save 20%,0,1
399,48,M,Cairo,YouTube,Display,Food & Beverage,1,0,27,2025-03-15 02:49:00,Desktop,Windows,Social,1064,5028,Order online fast delivery,0,3
400,42,F,Luxor,Google Ads,Display,Electronics,0,0,49,2025-03-07 15:06:00,Mobile,Android,Organic,1094,5072,Book your travel today,0,4
401,52,M,Alexandria,YouTube,Display,Travel,0,0,43,2025-01-24 03:03:00,Tablet,iOS,Social,1049,5039,Buy now and save 20%,0,8
402,37,F,Giza,YouTube,Video,Fashion,1,0,5,2025-01-05 11:22:00,Desktop,Windows,Social,1043,5069,Buy now and save 20%,0,4
403,37,F,Giza,Google Ads,Display,Travel,0,1,2,2025-02-07 21:36:00,Desktop,Windows,Organic,1073,5013,Book your travel today,0,10
404,45,F,Giza,YouTube,Display,Food & Beverage,0,0,50,2025-03-11 20:03:00,Mobile,iOS,Organic,1042,5033,Limited offer!,317,10
405,33,F,Giza,Facebook,Display,Electronics,1,0,41,2025-02-02 20:31:00,Desktop,Android,Organic,1066,5059,Limited offer!,0,4
406,52,F,Mansoura,Instagram,Video,Food & Beverage,0,0,9,2025-01-12 23:10:00,Tablet,Android,Paid,1066,5099,Order online fast delivery,0,10
407,46,M,Giza,Facebook,Video,Gaming,0,0,21,2025-03-09 19:23:00,Mobile,Windows,Paid,1057,5049,Buy now and save 20%,0,10
408,39,M,Aswan,Facebook,Display,Fashion,1,0,34,2025-02-22 07:16:00,Mobile,iOS,Organic,1075,5022,Top-rated gadgets on sale,0,9
409,50,M,Giza,Google Ads,Video,Fashion,0,0,28,2025-01-01 07:33:00,Tablet,Android,Organic,1068,5074,Top-rated gadgets on sale,144,9
410,52,M,Giza,Instagram,Video,Food & Beverage,1,0,39,2025-01-11 01:58:00,Tablet,Android,Social,1072,5023,Top-rated gadgets on sale,0,8
411,30,M,Giza,YouTube,Search,Electronics,0,0,38,2025-01-20 11:27:00,Desktop,Windows,Social,1039,5043,Top-rated gadgets on sale,0,5
412,60,F,Mansoura,Facebook,Search,Fashion,0,0,13,2025-02-17 10:49:00,Desktop,Windows,Social,1035,5037,Limited offer!,0,4
413,33,F,Giza,Google Ads,Search,Travel,0,0,31,2025-02-28 03:44:00,Tablet,Android,Organic,1018,5021,Top-rated gadgets on sale,0,7
414,27,F,Cairo,Instagram,Video,Electronics,0,0,25,2025-01-10 10:54:00,Desktop,Windows,Organic,1006,5061,Check our new collection,0,10
415,32,M,Aswan,Instagram,Video,Gaming,0,1,21,2025-03-01 18:18:00,Mobile,Windows,Social,1065,5037,Order online fast delivery,0,9
416,38,F,Giza,Facebook,Video,Food & Beverage,1,0,8,2025-03-18 06:19:00,Tablet,iOS,Organic,1015,5020,Buy now and save 20%,0,9
417,30,M,Aswan,Facebook,Display,Electronics,1,0,26,2025-01-01 14:23:00,Mobile,Android,Paid,1093,5031,Book your travel today,1530,3
418,42,M,Cairo,Facebook,Video,Travel,0,0,20,2025-03-03 10:13:00,Mobile,Android,Paid,1005,5093,Buy now and save 20%,0,8
419,55,F,Giza,Instagram,Video,Food & Beverage,0,0,35,2025-02-10 12:07:00,Mobile,Android,Organic,1054,5090,Order online fast delivery,0,5
420,44,M,Cairo,YouTube,Video,Fashion,0,0,3,2025-02-24 04:05:00,Mobile,iOS,Paid,1049,5028,Buy now and save 20%,0,9
421,25,F,Alexandria,Google Ads,Video,Electronics,0,0,16,2025-03-09 08:57:00,Tablet,Android,Paid,1099,5074,Book your travel today,0,5
422,26,M,Cairo,YouTube,Search,Gaming,1,0,48,2025-02-23 03:27:00,Desktop,Windows,Paid,1069,5041,Buy now and save 20%,0,2
423,60,F,Giza,Instagram,Search,Food & Beverage,1,0,24,2025-02-24 05:50:00,Mobile,iOS,Social,1057,5049,Top-rated gadgets on sale,1084,3
424,43,F,Giza,Instagram,Search,Fashion,0,0,5,2025-03-01 02:01:00,Desktop,Windows,Social,1033,5022,Buy now and save 20%,0,10
425,39,F,Giza,Facebook,Video,Food & Beverage,0,0,15,2025-03-30 22:31:00,Desktop,iOS,Paid,1020,5047,Order online fast delivery,0,1
426,46,M,Alexandria,Instagram,Display,Fashion,0,0,32,2025-01-02 14:38:00,Desktop,Windows,Organic,1048,5063,Book your travel today,0,6
427,40,F,Cairo,Instagram,Display,Gaming,1,0,17,2025-03-19 09:13:00,Tablet,Android,Paid,1041,5087,Limited offer!,0,5
428,33,M,Mansoura,Google Ads,Search,Travel,0,0,30,2025-01-14 19:41:00,Mobile,iOS,Organic,1034,5076,Buy now and save 20%,0,10
429,53,M,Giza,Facebook,Display,Electronics,0,1,35,2025-01-26 01:50:00,Desktop,Windows,Social,1014,5025,Book your travel today,908,1
430,43,M,Cairo,Facebook,Display,Travel,1,0,34,2025-02-16 01:01:00,Desktop,Android,Social,1039,5065,Book your travel today,0,7
431,50,M,Cairo,Instagram,Video,Fashion,0,1,35,2025-03-29 07:35:00,Desktop,Android,Social,1087,5100,Limited offer!,0,2
432,32,F,Alexandria,Facebook,Display,Food & Beverage,1,0,12,2025-03-11 04:23:00,Tablet,Windows,Paid,1100,5069,Order online fast delivery,0,3
433,31,F,Mansoura,Facebook,Display,Food & Beverage,1,0,32,2025-03-18 08:19:00,Mobile,Android,Organic,1003,5013,Limited offer!,0,8
434,45,M,Cairo,YouTube,Display,Electronics,0,1,36,2025-03-31 00:10:00,Tablet,iOS,Social,1089,5001,Order online fast delivery,0,9
435,41,M,Alexandria,Google Ads,Search,Fashion,0,0,46,2025-01-20 19:18:00,Tablet,iOS,Social,1030,5041,Top-rated gadgets on sale,0,2
436,54,M,Cairo,YouTube,Video,Food & Beverage,0,0,22,2025-03-03 10:22:00,Mobile,iOS,Social,1032,5000,Book your travel today,0,3
437,27,M,Cairo,Instagram,Search,Fashion,1,0,9,2025-01-05 04:29:00,Tablet,Windows,Organic,1059,5005,Buy now and save 20%,0,1
438,39,M,Mansoura,Google Ads,Display,Food & Beverage,0,0,26,2025-02-23 08:09:00,Desktop,iOS,Organic,1021,5016,Top-rated gadgets on sale,0,2
439,27,F,Giza,YouTube,Video,Gaming,1,0,18,2025-03-20 13:19:00,Tablet,Android,Paid,1098,5031,Buy now and save 20%,0,2
440,57,F,Alexandria,Facebook,Video,Fashion,0,0,49,2025-02-01 01:46:00,Tablet,Windows,Paid,1001,5007,Check our new collection,0,7
441,20,F,Cairo,Facebook,Display,Gaming,1,0,50,2025-03-26 20:44:00,Desktop,iOS,Social,1082,5017,Book your travel today,0,2
442,34,F,Giza,Instagram,Search,Fashion,0,0,44,2025-03-18 07:26:00,Desktop,iOS,Social,1010,5016,Limited offer!,72,1
443,29,M,Cairo,Instagram,Video,Food & Beverage,0,0,9,2025-03-26 04:18:00,Desktop,Windows,Paid,1096,5062,Book your travel today,0,6
444,44,F,Alexandria,Instagram,Display,Food & Beverage,0,0,33,2025-01-16 02:56:00,Tablet,Android,Organic,1028,5037,Top-rated gadgets on sale,0,2
445,52,M,Giza,Google Ads,Display,Electronics,0,0,8,2025-02-17 23:35:00,Desktop,Android,Organic,1059,5082,Top-rated gadgets on sale,0,7
446,55,M,Cairo,Facebook,Display,Gaming,0,0,31,2025-03-03 21:32:00,Desktop,iOS,Social,1034,5066,Book your travel today,0,1
447,25,F,Cairo,Instagram,Display,Fashion,0,0,33,2025-03-01 00:28:00,Tablet,Android,Organic,1093,5078,Order online fast delivery,0,7
448,41,F,Alexandria,Google Ads,Search,Gaming,0,0,48,2025-01-29 07:24:00,Mobile,iOS,Social,1045,5056,Top-rated gadgets on sale,0,7
449,38,F,Alexandria,YouTube,Display,Electronics,0,0,2,2025-01-12 23:01:00,Tablet,iOS,Organic,1038,5087,Book your travel today,0,8
450,21,F,Cairo,Facebook,Search,Electronics,0,1,9,2025-02-26 18:17:00,Desktop,iOS,Organic,1041,5085,Check our new collection,0,4
451,49,F,Cairo,Instagram,Search,Gaming,0,0,15,2025-01-06 01:44:00,Mobile,Android,Organic,1100,5064,Check our new collection,0,7
452,55,M,Alexandria,YouTube,Video,Food & Beverage,0,0,27,2025-02-22 04:40:00,Mobile,iOS,Social,1086,5026,Buy now and save 20%,0,5
453,57,M,Giza,Google Ads,Display,Gaming,0,0,15,2025-03-28 15:38:00,Tablet,iOS,Organic,1046,5032,Top-rated gadgets on sale,0,10
454,52,M,Aswan,Facebook,Video,Gaming,1,1,49,2025-03-28 20:30:00,Tablet,iOS,Paid,1037,5021,Check our new collection,0,1
455,51,F,Giza,Facebook,Video,Travel,0,0,12,2025-01-06 11:50:00,Tablet,Windows,Paid,1075,5067,Book your travel today,0,3
456,42,M,Giza,Google Ads,Display,Fashion,1,1,2,2025-03-26 19:02:00,Desktop,iOS,Organic,1001,5041,Order online fast delivery,0,9
457,27,F,Cairo,Facebook,Display,Fashion,0,0,37,2025-01-24 12:49:00,Tablet,Windows,Paid,1037,5057,Buy now and save 20%,0,6
458,44,M,Mansoura,Instagram,Display,Food & Beverage,0,0,43,2025-01-23 10:08:00,Mobile,Windows,Organic,1088,5015,Book your travel today,1735,5
459,21,F,Cairo,Google Ads,Display,Electronics,1,0,38,2025-03-09 04:26:00,Desktop,Android,Paid,1089,5046,Order online fast delivery,0,4
460,32,M,Cairo,Facebook,Display,Electronics,0,1,47,2025-01-06 13:28:00,Tablet,Windows,Paid,1049,5016,Buy now and save 20%,145,8
461,22,M,Alexandria,Facebook,Video,Electronics,0,1,20,2025-01-21 04:15:00,Mobile,iOS,Paid,1049,5053,Top-rated gadgets on sale,0,3
462,54,M,Cairo,Instagram,Display,Fashion,0,0,14,2025-03-07 18:30:00,Desktop,iOS,Social,1098,5077,Check our new collection,0,2
463,30,M,Mansoura,Facebook,Display,Food & Beverage,0,0,33,2025-02-22 03:46:00,Tablet,Android,Paid,1083,5066,Buy now and save 20%,0,10
464,20,F,Alexandria,Facebook,Video,Fashion,1,1,50,2025-01-19 06:53:00,Tablet,Windows,Social,1042,5014,Buy now and save 20%,0,1
465,22,M,Aswan,Instagram,Video,Food & Beverage,0,0,15,2025-02-15 00:33:00,Desktop,Android,Social,1039,5065,Check our new collection,0,3
466,22,M,Cairo,YouTube,Display,Food & Beverage,0,0,12,2025-03-12 07:42:00,Desktop,Windows,Organic,1021,5000,Check our new collection,645,4
467,45,M,Giza,Instagram,Display,Gaming,0,0,49,2025-03-12 18:18:00,Mobile,Windows,Paid,1059,5057,Limited offer!,0,4
468,55,M,Alexandria,Instagram,Search,Food & Beverage,0,0,40,2025-02-07 05:01:00,Mobile,Windows,Paid,1072,5025,Buy now and save 20%,1551,3
469,30,F,Alexandria,Google Ads,Video,Food & Beverage,0,0,3,2025-01-28 08:58:00,Desktop,Windows,Organic,1081,5091,Limited offer!,0,10
470,23,M,Giza,Facebook,Video,Food & Beverage,0,0,28,2025-02-06 07:18:00,Mobile,Windows,Organic,1039,5090,Limited offer!,827,2
471,53,F,Mansoura,Instagram,Video,Fashion,0,0,23,2025-01-19 08:09:00,Tablet,Android,Paid,1023,5081,Limited offer!,0,9
472,36,M,Cairo,YouTube,Video,Food & Beverage,0,1,43,2025-03-27 03:47:00,Tablet,Android,Social,1091,5014,Check our new collection,955,4
473,55,M,Giza,Google Ads,Display,Electronics,0,0,3,2025-01-14 23:38:00,Tablet,iOS,Social,1017,5041,Buy now and save 20%,0,9
474,37,F,Giza,YouTube,Video,Gaming,0,0,3,2025-01-20 03:46:00,Desktop,iOS,Social,1015,5055,Book your travel today,0,3
475,30,F,Alexandria,Facebook,Display,Fashion,0,0,32,2025-03-22 00:25:00,Desktop,Windows,Paid,1020,5036,Limited offer!,0,9
476,58,M,Mansoura,Instagram,Display,Food & Beverage,1,0,34,2025-02-04 06:36:00,Desktop,Android,Paid,1039,5082,Top-rated gadgets on sale,0,10
477,49,M,Cairo,Facebook,Search,Fashion,0,0,24,2025-01-26 05:00:00,Tablet,iOS,Paid,1010,5061,Book your travel today,0,8
478,46,M,Alexandria,Google Ads,Video,Gaming,0,0,16,2025-01-15 00:56:00,Desktop,Windows,Paid,1030,5005,Book your travel today,618,5
479,53,F,Giza,Instagram,Video,Travel,1,0,22,2025-03-14 20:21:00,Tablet,iOS,Paid,1075,5055,Check our new collection,1201,8
480,52,M,Aswan,YouTube,Display,Electronics,0,0,34,2025-02-07 06:01:00,Desktop,Android,Social,1094,5065,Buy now and save 20%,0,10
481,44,M,Cairo,Google Ads,Search,Food & Beverage,0,1,9,2025-02-10 19:25:00,Desktop,Android,Social,1062,5049,Buy now and save 20%,208,6
482,58,F,Alexandria,YouTube,Video,Electronics,1,0,33,2025-03-06 20:10:00,Mobile,iOS,Organic,1020,5069,Top-rated gadgets on sale,0,4
483,30,M,Cairo,Facebook,Display,Food & Beverage,0,0,2,2025-02-25 08:07:00,Mobile,Android,Social,1055,5010,Book your travel today,0,7
484,59,M,Aswan,Facebook,Video,Food & Beverage,0,0,3,2025-01-13 17:18:00,Desktop,Windows,Social,1030,5030,Book your travel today,0,7
485,25,F,Alexandria,Facebook,Search,Gaming,0,0,12,2025-03-28 05:33:00,Tablet,iOS,Organic,1066,5075,Buy now and save 20%,1113,5
486,59,M,Giza,YouTube,Display,Electronics,1,0,28,2025-02-11 03:59:00,Desktop,Android,Paid,1057,5046,Limited offer!,0,8
487,35,M,Cairo,Facebook,Video,Food & Beverage,0,0,13,2025-01-29 09:25:00,Desktop,Android,Social,1039,5015,Order online fast delivery,0,3
488,47,M,Giza,Google Ads,Video,Food & Beverage,0,0,32,2025-03-13 07:13:00,Tablet,iOS,Paid,1042,5033,Order online fast delivery,0,6
489,30,M,Giza,Facebook,Display,Food & Beverage,1,0,8,2025-01-15 23:32:00,Tablet,Android,Social,1008,5093,Order online fast delivery,0,9
490,56,M,Cairo,Instagram,Video,Food & Beverage,0,1,19,2025-02-14 15:50:00,Desktop,iOS,Social,1054,5045,Top-rated gadgets on sale,224,7
491,53,F,Cairo,Facebook,Display,Fashion,0,0,9,2025-03-09 16:15:00,Desktop,Windows,Social,1035,5052,Check our new collection,0,3
492,49,M,Cairo,Facebook,Display,Travel,0,0,28,2025-03-31 22:10:00,Tablet,iOS,Paid,1053,5033,Check our new collection,0,2
493,25,M,Giza,Google Ads,Display,Food & Beverage,0,0,2,2025-02-18 05:59:00,Desktop,Android,Social,1019,5019,Limited offer!,0,1
494,50,M,Mansoura,Facebook,Display,Travel,1,1,32,2025-01-13 16:36:00,Tablet,iOS,Paid,1020,5007,Top-rated gadgets on sale,0,6
495,30,F,Cairo,Google Ads,Video,Electronics,0,0,2,2025-03-18 11:47:00,Tablet,iOS,Organic,1060,5076,Limited offer!,0,2
496,33,F,Aswan,Instagram,Video,Food & Beverage,0,1,20,2025-01-27 07:31:00,Desktop,Android,Paid,1029,5014,Top-rated gadgets on sale,0,5
497,52,M,Giza,Facebook,Display,Food & Beverage,1,0,11,2025-03-08 19:52:00,Desktop,iOS,Social,1070,5067,Limited offer!,0,6
498,60,M,Mansoura,Instagram,Display,Food & Beverage,0,0,20,2025-02-02 01:22:00,Tablet,Android,Paid,1051,5009,Order online fast delivery,0,1
499,45,M,Cairo,Facebook,Display,Food & Beverage,0,0,28,2025-02-09 07:16:00,Tablet,iOS,Paid,1043,5078,Check our new collection,0,3
500,45,F,Cairo,Google Ads,Video,Fashion,0,0,18,2025-01-12 15:59:00,Desktop,iOS,Paid,1005,5083,Top-rated gadgets on sale,0,3
501,54,M,Cairo,Google Ads,Display,Fashion,1,0,43,2025-01-19 08:39:00,Desktop,Windows,Social,1045,5018,Check our new collection,454,10
502,33,F,Cairo,Facebook,Search,Fashion,0,1,12,2025-01-18 15:10:00,Mobile,Windows,Social,1061,5093,Book your travel today,346,8
503,58,M,Alexandria,Facebook,Video,Fashion,0,0,39,2025-01-19 12:11:00,Tablet,Windows,Paid,1004,5014,Check our new collection,0,7
504,21,M,Giza,Instagram,Video,Travel,1,0,3,2025-01-09 17:23:00,Desktop,Windows,Organic,1040,5074,Top-rated gadgets on sale,0,7
505,44,F,Cairo,Facebook,Search,Fashion,1,0,23,2025-02-20 14:10:00,Tablet,Windows,Paid,1096,5082,Order online fast delivery,0,10
506,36,F,Cairo,YouTube,Video,Electronics,0,0,25,2025-02-27 03:44:00,Tablet,Windows,Paid,1034,5081,Limited offer!,0,7
507,42,F,Alexandria,Facebook,Search,Fashion,0,0,5,2025-01-23 18:53:00,Tablet,Windows,Social,1088,5065,Buy now and save 20%,0,2
508,43,M,Giza,Facebook,Display,Gaming,0,1,46,2025-03-20 15:15:00,Mobile,Android,Paid,1053,5032,Buy now and save 20%,1364,6
509,57,M,Alexandria,Facebook,Video,Food & Beverage,0,0,36,2025-03-24 22:24:00,Desktop,iOS,Social,1003,5017,Check our new collection,0,8
510,56,F,Alexandria,Facebook,Video,Fashion,0,0,47,2025-02-21 06:35:00,Mobile,Windows,Paid,1054,5094,Check our new collection,1035,4
511,47,F,Cairo,YouTube,Search,Electronics,1,0,34,2025-02-15 10:42:00,Desktop,iOS,Organic,1040,5033,Book your travel today,0,6
512,18,F,Giza,Google Ads,Display,Gaming,0,0,25,2025-02-06 05:58:00,Tablet,Windows,Paid,1017,5023,Order online fast delivery,0,9
513,20,F,Giza,Facebook,Video,Fashion,0,0,41,2025-03-01 01:29:00,Desktop,iOS,Social,1023,5048,Top-rated gadgets on sale,541,10
514,53,M,Luxor,Facebook,Display,Fashion,1,0,9,2025-03-24 18:44:00,Desktop,iOS,Paid,1098,5027,Buy now and save 20%,0,10
515,54,F,Cairo,Facebook,Display,Gaming,0,0,45,2025-03-14 11:25:00,Desktop,iOS,Organic,1008,5057,Order online fast delivery,0,7
516,55,M,Alexandria,Facebook,Search,Food & Beverage,0,0,10,2025-03-12 18:27:00,Desktop,Windows,Social,1074,5052,Order online fast delivery,0,7
517,55,M,Giza,YouTube,Display,Food & Beverage,0,0,17,2025-02-18 11:02:00,Desktop,Windows,Social,1050,5099,Limited offer!,1862,6
518,59,M,Cairo,Facebook,Display,Food & Beverage,0,0,14,2025-03-24 08:10:00,Tablet,Windows,Paid,1075,5049,Book your travel today,1556,1
519,55,M,Alexandria,YouTube,Display,Gaming,1,0,36,2025-02-12 21:51:00,Mobile,Windows,Social,1018,5031,Check our new collection,0,8
520,55,M,Cairo,Google Ads,Display,Food & Beverage,1,0,47,2025-01-04 01:19:00,Mobile,Android,Social,1026,5025,Book your travel today,0,2
521,49,M,Alexandria,Google Ads,Video,Electronics,0,1,33,2025-03-16 07:59:00,Tablet,Android,Paid,1028,5021,Limited offer!,0,1
522,18,F,Cairo,Facebook,Video,Fashion,1,0,3,2025-02-21 21:26:00,Mobile,Windows,Organic,1086,5052,Buy now and save 20%,1669,6
523,59,M,Giza,Facebook,Display,Gaming,0,0,30,2025-03-23 00:38:00,Desktop,Android,Social,1019,5002,Limited offer!,1390,9
524,27,F,Giza,Instagram,Search,Fashion,0,0,17,2025-01-06 20:38:00,Tablet,Android,Paid,1056,5072,Limited offer!,749,7
525,19,F,Cairo,Facebook,Video,Electronics,0,0,30,2025-01-14 22:42:00,Desktop,Android,Paid,1086,5048,Top-rated gadgets on sale,0,7
526,30,F,Giza,Google Ads,Video,Electronics,0,1,46,2025-01-25 08:03:00,Mobile,Windows,Organic,1033,5082,Top-rated gadgets on sale,0,3
527,45,M,Luxor,Google Ads,Video,Electronics,0,0,26,2025-03-13 01:23:00,Tablet,Windows,Paid,1003,5065,Limited offer!,0,3
528,56,M,Cairo,Instagram,Display,Fashion,1,1,48,2025-01-19 09:55:00,Tablet,Windows,Organic,1001,5005,Book your travel today,0,3
529,41,F,Giza,Google Ads,Video,Fashion,0,0,17,2025-01-14 23:54:00,Mobile,iOS,Paid,1046,5040,Check our new collection,0,5
530,31,F,Giza,Facebook,Video,Gaming,1,0,25,2025-01-27 22:30:00,Desktop,Android,Social,1065,5030,Top-rated gadgets on sale,0,3
531,27,M,Luxor,Google Ads,Video,Gaming,0,0,15,2025-03-03 11:36:00,Mobile,Android,Paid,1082,5014,Book your travel today,0,9
532,19,F,Alexandria,Google Ads,Display,Gaming,0,0,42,2025-03-28 00:24:00,Mobile,Android,Social,1084,5051,Limited offer!,0,9
533,19,M,Mansoura,Google Ads,Video,Electronics,0,0,15,2025-02-27 11:32:00,Tablet,iOS,Organic,1059,5099,Check our new collection,0,1
534,27,M,Mansoura,YouTube,Display,Electronics,1,0,34,2025-02-16 17:20:00,Desktop,Windows,Organic,1085,5082,Limited offer!,0,10
535,36,M,Mansoura,Facebook,Video,Gaming,0,0,28,2025-03-23 08:57:00,Tablet,iOS,Organic,1087,5018,Top-rated gadgets on sale,0,5
536,50,F,Aswan,Facebook,Display,Electronics,1,0,35,2025-01-03 11:11:00,Tablet,Windows,Organic,1055,5065,Order online fast delivery,0,4
537,19,M,Cairo,Google Ads,Display,Fashion,0,0,7,2025-02-20 14:45:00,Desktop,Windows,Social,1048,5006,Check our new collection,0,7
538,45,M,Aswan,Facebook,Display,Travel,0,0,29,2025-01-08 14:10:00,Desktop,iOS,Social,1054,5037,Limited offer!,0,6
539,20,F,Cairo,Facebook,Video,Electronics,0,0,35,2025-01-08 22:28:00,Mobile,iOS,Paid,1003,5038,Buy now and save 20%,0,8
540,39,F,Cairo,Facebook,Display,Gaming,0,1,7,2025-03-28 14:07:00,Desktop,Windows,Organic,1007,5093,Top-rated gadgets on sale,0,5
541,40,M,Giza,Facebook,Display,Electronics,0,0,5,2025-01-06 03:49:00,Mobile,Windows,Social,1097,5025,Check our new collection,0,8
542,28,F,Aswan,Facebook,Search,Fashion,0,1,17,2025-02-12 13:06:00,Desktop,iOS,Organic,1062,5037,Order online fast delivery,0,3
543,22,M,Mansoura,Instagram,Search,Travel,1,0,46,2025-02-05 20:28:00,Tablet,Android,Organic,1047,5005,Order online fast delivery,0,8
544,30,M,Aswan,Instagram,Video,Food & Beverage,0,0,25,2025-02-05 16:00:00,Mobile,Windows,Social,1035,5012,Order online fast delivery,0,3
545,19,M,Cairo,YouTube,Search,Travel,1,0,2,2025-03-08 04:07:00,Tablet,iOS,Social,1082,5046,Book your travel today,0,10
546,23,M,Aswan,Google Ads,Search,Travel,0,0,35,2025-02-17 03:12:00,Tablet,iOS,Organic,1037,5005,Check our new collection,0,10
547,50,M,Mansoura,Facebook,Display,Fashion,0,0,34,2025-01-02 18:21:00,Mobile,Android,Organic,1064,5033,Top-rated gadgets on sale,0,3
548,36,F,Alexandria,Facebook,Video,Electronics,0,0,36,2025-02-22 14:31:00,Desktop,Android,Organic,1077,5052,Limited offer!,0,1
549,34,M,Cairo,YouTube,Display,Fashion,0,0,25,2025-03-03 07:05:00,Desktop,Android,Social,1031,5087,Limited offer!,0,2
550,24,F,Cairo,YouTube,Display,Food & Beverage,1,0,34,2025-03-19 10:12:00,Mobile,Windows,Social,1006,5091,Limited offer!,0,7
551,43,M,Cairo,Facebook,Video,Fashion,0,0,18,2025-03-11 08:58:00,Desktop,Windows,Organic,1058,5061,Buy now and save 20%,0,10
552,40,M,Cairo,Instagram,Video,Food & Beverage,0,0,46,2025-03-17 19:00:00,Desktop,Windows,Paid,1066,5066,Top-rated gadgets on sale,0,7
553,18,F,Luxor,Facebook,Display,Gaming,0,0,40,2025-02-06 17:10:00,Tablet,Android,Organic,1061,5077,Limited offer!,0,4
554,21,M,Luxor,Google Ads,Display,Fashion,1,0,33,2025-03-07 04:21:00,Mobile,Windows,Paid,1026,5060,Limited offer!,0,4
555,46,M,Cairo,Instagram,Video,Food & Beverage,0,0,10,2025-02-05 08:25:00,Tablet,iOS,Social,1033,5038,Limited offer!,1404,7
556,40,M,Cairo,Instagram,Display,Food & Beverage,0,0,19,2025-03-02 05:33:00,Mobile,iOS,Organic,1093,5030,Buy now and save 20%,0,5
557,52,M,Cairo,Instagram,Search,Gaming,0,0,50,2025-03-27 06:29:00,Mobile,Android,Organic,1078,5059,Top-rated gadgets on sale,0,9
558,46,F,Mansoura,Instagram,Video,Electronics,1,0,31,2025-01-07 01:53:00,Desktop,iOS,Social,1014,5029,Order online fast delivery,0,5
559,58,F,Giza,Facebook,Search,Food & Beverage,0,0,7,2025-03-19 06:27:00,Mobile,iOS,Paid,1092,5050,Check our new collection,0,8
560,33,F,Cairo,YouTube,Display,Fashion,1,0,10,2025-01-18 13:35:00,Mobile,iOS,Social,1014,5030,Order online fast delivery,0,7
561,22,M,Alexandria,Google Ads,Display,Electronics,1,0,38,2025-01-27 11:52:00,Tablet,Android,Organic,1011,5059,Book your travel today,0,3
562,40,F,Cairo,Instagram,Display,Electronics,0,0,40,2025-03-24 10:56:00,Desktop,Android,Organic,1072,5002,Limited offer!,0,10
563,21,M,Luxor,Instagram,Video,Gaming,0,0,31,2025-02-08 02:56:00,Desktop,iOS,Social,1094,5058,Order online fast delivery,0,8
564,35,F,Mansoura,Google Ads,Display,Fashion,0,0,19,2025-03-26 07:47:00,Tablet,Windows,Social,1099,5007,Buy now and save 20%,0,5
565,46,F,Giza,Instagram,Video,Food & Beverage,1,1,16,2025-02-18 02:01:00,Desktop,Windows,Organic,1006,5083,Order online fast delivery,0,10
566,31,F,Giza,Facebook,Video,Travel,0,0,26,2025-02-01 17:19:00,Desktop,Android,Organic,1077,5046,Check our new collection,0,9
567,45,F,Cairo,Facebook,Display,Electronics,1,0,34,2025-03-29 02:19:00,Mobile,iOS,Social,1012,5011,Order online fast delivery,0,3
568,20,F,Cairo,Facebook,Display,Electronics,0,0,16,2025-03-28 19:06:00,Mobile,iOS,Organic,1024,5042,Top-rated gadgets on sale,0,6
569,39,M,Mansoura,Instagram,Display,Electronics,0,0,13,2025-01-28 22:59:00,Mobile,Windows,Social,1062,5078,Top-rated gadgets on sale,0,8
570,19,F,Giza,Facebook,Search,Fashion,0,0,12,2025-01-28 04:55:00,Desktop,Windows,Paid,1030,5032,Order online fast delivery,0,2
571,59,M,Mansoura,Instagram,Search,Food & Beverage,1,0,27,2025-01-12 04:01:00,Desktop,iOS,Paid,1027,5076,Book your travel today,0,7
572,22,M,Cairo,YouTube,Search,Fashion,0,0,47,2025-03-03 07:29:00,Tablet,Android,Social,1070,5073,Book your travel today,0,8
573,21,F,Mansoura,Instagram,Video,Fashion,0,1,23,2025-02-27 02:44:00,Desktop,iOS,Social,1063,5005,Buy now and save 20%,0,10
574,38,M,Alexandria,Facebook,Display,Gaming,0,0,35,2025-02-10 02:25:00,Mobile,Android,Organic,1070,5078,Order online fast delivery,1012,1
575,52,F,Giza,Facebook,Search,Travel,0,0,31,2025-03-15 21:18:00,Tablet,Windows,Social,1000,5001,Limited offer!,0,10
576,23,F,Luxor,Facebook,Video,Fashion,0,0,31,2025-01-30 11:35:00,Mobile,Android,Organic,1080,5036,Buy now and save 20%,0,8
577,58,M,Alexandria,Instagram,Video,Fashion,0,0,29,2025-03-28 01:59:00,Tablet,Android,Organic,1052,5044,Check our new collection,1325,9
578,55,M,Cairo,Facebook,Display,Electronics,0,0,28,2025-01-15 23:14:00,Desktop,Android,Organic,1029,5085,Book your travel today,0,1
579,40,M,Mansoura,YouTube,Display,Fashion,0,0,26,2025-01-25 06:11:00,Mobile,Windows,Organic,1012,5084,Check our new collection,0,4
580,33,F,Aswan,YouTube,Video,Gaming,0,0,7,2025-01-10 03:10:00,Tablet,Android,Organic,1032,5046,Check our new collection,0,6
581,51,F,Luxor,Facebook,Display,Food & Beverage,1,0,29,2025-03-07 13:37:00,Desktop,iOS,Paid,1067,5006,Buy now and save 20%,0,5
582,19,M,Cairo,Google Ads,Display,Travel,0,0,44,2025-01-17 07:48:00,Desktop,iOS,Paid,1100,5027,Check our new collection,0,6
583,33,M,Luxor,Instagram,Display,Fashion,0,0,47,2025-03-04 06:34:00,Mobile,iOS,Social,1089,5038,Book your travel today,0,3
584,20,M,Cairo,Facebook,Video,Food & Beverage,0,0,45,2025-01-27 06:33:00,Mobile,Android,Paid,1033,5043,Top-rated gadgets on sale,0,9
585,23,F,Alexandria,Instagram,Display,Food & Beverage,0,0,15,2025-02-07 11:26:00,Desktop,Android,Paid,1072,5025,Order online fast delivery,0,3
586,38,F,Cairo,Facebook,Display,Fashion,0,0,4,2025-01-08 04:23:00,Tablet,Windows,Organic,1036,5084,Check our new collection,0,9
587,45,F,Giza,Instagram,Video,Electronics,1,0,38,2025-03-11 05:13:00,Tablet,iOS,Organic,1074,5079,Limited offer!,0,10
588,26,F,Giza,Facebook,Display,Gaming,1,0,44,2025-03-29 03:42:00,Desktop,Android,Organic,1080,5074,Buy now and save 20%,0,7
589,22,M,Mansoura,Facebook,Video,Food & Beverage,0,0,50,2025-02-03 10:12:00,Tablet,Windows,Organic,1002,5078,Buy now and save 20%,0,8
590,31,F,Luxor,YouTube,Display,Fashion,0,0,49,2025-01-14 04:36:00,Desktop,iOS,Social,1044,5027,Limited offer!,0,7
591,45,F,Cairo,Google Ads,Search,Gaming,0,0,47,2025-02-20 08:35:00,Mobile,Windows,Social,1039,5049,Order online fast delivery,0,1
592,30,F,Mansoura,Facebook,Video,Travel,0,0,26,2025-01-22 13:55:00,Desktop,iOS,Organic,1043,5088,Book your travel today,0,4
593,38,M,Cairo,Instagram,Display,Gaming,0,0,11,2025-03-12 12:06:00,Tablet,Windows,Organic,1063,5072,Check our new collection,0,4
594,51,F,Cairo,Instagram,Video,Travel,1,0,17,2025-01-14 20:06:00,Desktop,Android,Paid,1098,5022,Limited offer!,0,7
595,35,F,Giza,Google Ads,Display,Fashion,1,1,28,2025-03-08 12:39:00,Tablet,Android,Paid,1070,5081,Order online fast delivery,0,4
596,59,M,Giza,Facebook,Display,Travel,0,0,7,2025-01-11 03:32:00,Desktop,iOS,Organic,1003,5053,Top-rated gadgets on sale,0,7
597,40,F,Giza,YouTube,Display,Fashion,0,0,7,2025-02-07 11:50:00,Tablet,Android,Organic,1033,5012,Limited offer!,0,10
598,29,M,Mansoura,Instagram,Display,Travel,0,1,43,2025-03-25 20:34:00,Tablet,Windows,Organic,1033,5052,Top-rated gadgets on sale,420,10
599,59,M,Luxor,Instagram,Video,Electronics,0,1,26,2025-02-25 07:44:00,Mobile,Windows,Paid,1049,5050,Top-rated gadgets on sale,0,9
600,21,M,Cairo,Facebook,Display,Electronics,0,0,11,2025-03-22 19:17:00,Tablet,iOS,Paid,1081,5055,Order online fast delivery,0,7
601,33,F,Aswan,Facebook,Display,Electronics,0,0,20,2025-01-19 11:22:00,Mobile,Android,Organic,1081,5073,Check our new collection,0,8
602,29,F,Giza,Facebook,Video,Gaming,1,1,26,2025-01-01 21:03:00,Desktop,iOS,Paid,1040,5077,Limited offer!,0,1
603,35,M,Cairo,Facebook,Video,Food & Beverage,0,0,13,2025-02-24 11:01:00,Tablet,Android,Paid,1015,5008,Buy now and save 20%,0,4
604,49,F,Mansoura,Instagram,Video,Gaming,0,0,2,2025-01-31 11:11:00,Desktop,Windows,Paid,1052,5038,Buy now and save 20%,0,3
605,28,M,Cairo,Facebook,Display,Fashion,0,0,11,2025-02-10 20:45:00,Desktop,iOS,Social,1074,5010,Buy now and save 20%,1680,8
606,40,F,Mansoura,Instagram,Display,Electronics,0,0,16,2025-03-29 07:28:00,Mobile,iOS,Paid,1072,5024,Buy now and save 20%,0,5
607,51,M,Luxor,Google Ads,Display,Fashion,0,0,17,2025-02-15 18:09:00,Tablet,Android,Organic,1034,5096,Check our new collection,0,4
608,18,M,Alexandria,Facebook,Display,Food & Beverage,1,0,24,2025-03-03 19:03:00,Mobile,Android,Organic,1068,5083,Check our new collection,0,4
609,20,M,Giza,YouTube,Display,Food & Beverage,0,0,22,2025-03-20 19:04:00,Tablet,iOS,Paid,1097,5095,Top-rated gadgets on sale,0,10
610,32,F,Aswan,Facebook,Display,Food & Beverage,0,0,28,2025-03-26 00:05:00,Desktop,iOS,Paid,1006,5031,Book your travel today,60,10
611,23,F,Luxor,Google Ads,Display,Food & Beverage,0,0,23,2025-03-08 12:20:00,Tablet,iOS,Paid,1083,5036,Limited offer!,0,1
612,50,M,Aswan,Instagram,Display,Travel,0,0,39,2025-01-05 21:03:00,Tablet,Android,Social,1074,5009,Check our new collection,0,1
613,54,F,Cairo,Facebook,Display,Electronics,0,1,47,2025-03-30 10:37:00,Desktop,Android,Organic,1095,5001,Buy now and save 20%,0,7
614,27,F,Alexandria,Instagram,Display,Food & Beverage,0,0,48,2025-03-22 08:38:00,Tablet,Windows,Organic,1022,5083,Book your travel today,0,10
615,51,M,Mansoura,Facebook,Search,Gaming,1,1,46,2025-01-25 10:50:00,Tablet,Android,Paid,1014,5035,Order online fast delivery,1163,1
616,53,M,Cairo,Facebook,Display,Gaming,1,0,45,2025-01-12 20:06:00,Tablet,iOS,Organic,1040,5059,Limited offer!,0,3
617,20,M,Cairo,YouTube,Video,Travel,0,0,32,2025-03-21 06:57:00,Mobile,Android,Social,1028,5083,Check our new collection,0,9
618,45,F,Giza,Facebook,Search,Travel,0,0,32,2025-03-21 11:31:00,Tablet,Windows,Paid,1047,5006,Top-rated gadgets on sale,0,2
619,54,M,Giza,YouTube,Video,Gaming,1,0,8,2025-03-14 04:29:00,Desktop,Android,Social,1083,5089,Order online fast delivery,0,1
620,45,M,Alexandria,Instagram,Display,Gaming,0,0,27,2025-01-28 14:43:00,Desktop,Android,Social,1033,5008,Check our new collection,0,8
621,50,F,Cairo,Google Ads,Display,Travel,1,0,39,2025-01-31 05:00:00,Tablet,Windows,Organic,1045,5009,Order online fast delivery,629,6
622,47,F,Giza,Facebook,Video,Food & Beverage,1,1,36,2025-02-15 08:00:00,Tablet,iOS,Paid,1065,5098,Check our new collection,1135,7
623,34,M,Cairo,YouTube,Display,Electronics,0,0,15,2025-01-16 02:57:00,Desktop,iOS,Social,1068,5017,Limited offer!,0,8
624,35,M,Alexandria,Facebook,Video,Fashion,1,0,15,2025-02-16 10:59:00,Desktop,Android,Organic,1086,5067,Top-rated gadgets on sale,484,1
625,44,F,Cairo,Google Ads,Display,Electronics,1,0,48,2025-01-02 22:32:00,Mobile,Windows,Paid,1005,5051,Limited offer!,0,7
626,37,M,Giza,Instagram,Display,Electronics,0,0,16,2025-03-08 13:42:00,Desktop,iOS,Organic,1088,5088,Book your travel today,0,10
627,18,F,Giza,Facebook,Video,Electronics,0,0,15,2025-02-03 09:01:00,Mobile,Android,Organic,1001,5055,Top-rated gadgets on sale,0,8
628,42,F,Aswan,Instagram,Display,Fashion,1,0,29,2025-03-01 13:45:00,Desktop,Android,Paid,1019,5052,Buy now and save 20%,0,1
629,27,M,Cairo,Instagram,Display,Food & Beverage,0,0,49,2025-02-16 19:29:00,Tablet,iOS,Social,1021,5061,Order online fast delivery,1147,5
630,47,M,Giza,Instagram,Display,Electronics,0,0,6,2025-03-11 14:40:00,Mobile,Windows,Organic,1037,5038,Limited offer!,0,1
631,58,M,Mansoura,Facebook,Display,Electronics,1,0,33,2025-01-17 13:29:00,Tablet,iOS,Paid,1025,5020,Buy now and save 20%,0,5
632,29,M,Cairo,Facebook,Display,Food & Beverage,1,0,44,2025-03-14 09:56:00,Desktop,Android,Paid,1019,5043,Check our new collection,0,7
633,34,M,Giza,Instagram,Video,Food & Beverage,0,0,38,2025-02-05 13:44:00,Mobile,Windows,Social,1002,5097,Limited offer!,0,3
634,57,M,Luxor,Facebook,Display,Travel,1,1,18,2025-03-18 08:15:00,Desktop,iOS,Social,1052,5099,Limited offer!,0,10
635,22,M,Cairo,Facebook,Display,Travel,1,0,33,2025-03-13 07:15:00,Tablet,Windows,Social,1091,5067,Book your travel today,0,5
636,60,F,Alexandria,Instagram,Display,Travel,0,0,39,2025-01-21 04:00:00,Tablet,Windows,Social,1068,5063,Book your travel today,0,6
637,35,F,Cairo,Google Ads,Display,Gaming,0,1,42,2025-03-19 04:35:00,Tablet,iOS,Social,1013,5007,Limited offer!,117,9
638,23,M,Cairo,Facebook,Display,Fashion,0,1,38,2025-01-29 21:05:00,Desktop,Android,Organic,1087,5100,Buy now and save 20%,0,1
639,41,M,Giza,Google Ads,Video,Travel,0,0,8,2025-01-24 07:18:00,Tablet,Windows,Organic,1094,5065,Order online fast delivery,0,10
640,32,F,Cairo,Google Ads,Video,Electronics,0,0,25,2025-03-24 19:09:00,Tablet,Windows,Paid,1022,5036,Limited offer!,0,7
641,18,M,Cairo,Google Ads,Display,Electronics,0,0,31,2025-03-21 23:20:00,Tablet,Windows,Paid,1051,5009,Top-rated gadgets on sale,0,1
642,19,M,Alexandria,YouTube,Display,Food & Beverage,0,0,35,2025-02-22 06:00:00,Tablet,Android,Paid,1031,5041,Order online fast delivery,0,10
643,44,F,Luxor,Facebook,Video,Gaming,0,0,6,2025-03-09 11:49:00,Desktop,Android,Organic,1073,5043,Book your travel today,0,6
644,26,M,Alexandria,Instagram,Video,Fashion,0,0,36,2025-02-18 00:02:00,Tablet,Android,Social,1096,5086,Buy now and save 20%,0,10
645,36,M,Cairo,Facebook,Display,Fashion,0,0,45,2025-01-20 15:18:00,Desktop,Android,Paid,1032,5084,Check our new collection,0,9
646,23,F,Aswan,Google Ads,Video,Fashion,1,0,40,2025-02-28 13:00:00,Tablet,iOS,Social,1056,5051,Limited offer!,0,4
647,55,M,Luxor,Facebook,Search,Fashion,0,0,38,2025-02-27 01:58:00,Desktop,Windows,Social,1034,5015,Top-rated gadgets on sale,0,8
648,52,F,Alexandria,YouTube,Video,Food & Beverage,1,0,35,2025-01-17 07:06:00,Mobile,iOS,Organic,1057,5028,Limited offer!,0,5
649,47,F,Alexandria,Google Ads,Video,Electronics,1,0,45,2025-01-05 21:17:00,Tablet,iOS,Paid,1048,5093,Top-rated gadgets on sale,0,6
650,39,M,Cairo,Google Ads,Video,Electronics,0,0,32,2025-01-24 17:48:00,Mobile,iOS,Social,1069,5049,Top-rated gadgets on sale,0,10
651,18,M,Giza,Instagram,Video,Fashion,0,0,19,2025-03-31 15:41:00,Desktop,Android,Paid,1087,5018,Book your travel today,0,1
652,51,F,Cairo,Facebook,Search,Gaming,0,0,11,2025-02-02 17:08:00,Mobile,iOS,Organic,1068,5082,Buy now and save 20%,0,2
653,48,F,Cairo,Facebook,Video,Food & Beverage,1,0,9,2025-03-09 18:06:00,Desktop,Android,Social,1095,5008,Limited offer!,0,10
654,23,F,Mansoura,Instagram,Display,Travel,0,0,5,2025-01-05 08:34:00,Desktop,Windows,Organic,1094,5020,Order online fast delivery,0,3
655,49,F,Giza,YouTube,Video,Fashion,0,0,50,2025-03-18 02:23:00,Mobile,Windows,Paid,1018,5020,Top-rated gadgets on sale,0,9
656,59,F,Cairo,Facebook,Video,Travel,1,0,12,2025-03-13 08:18:00,Mobile,iOS,Social,1084,5066,Book your travel today,0,3
657,53,M,Giza,Facebook,Search,Fashion,1,0,4,2025-01-10 05:27:00,Desktop,iOS,Organic,1002,5017,Top-rated gadgets on sale,0,5
658,42,M,Luxor,Google Ads,Search,Food & Beverage,0,0,14,2025-03-11 11:34:00,Tablet,Windows,Paid,1019,5086,Book your travel today,752,5
659,45,F,Giza,Facebook,Display,Fashion,0,0,4,2025-02-20 10:38:00,Tablet,Windows,Paid,1094,5085,Order online fast delivery,0,9
660,34,M,Cairo,Instagram,Video,Food & Beverage,0,0,6,2025-03-20 08:27:00,Desktop,Windows,Organic,1015,5096,Check our new collection,0,10
661,54,F,Luxor,Instagram,Video,Food & Beverage,0,0,22,2025-02-17 06:43:00,Tablet,iOS,Organic,1045,5037,Top-rated gadgets on sale,0,7
662,40,F,Luxor,Instagram,Display,Travel,0,1,21,2025-01-21 05:09:00,Desktop,iOS,Organic,1082,5041,Order online fast delivery,0,2
663,56,M,Aswan,Instagram,Video,Food & Beverage,0,0,19,2025-03-25 09:38:00,Mobile,Android,Organic,1045,5060,Top-rated gadgets on sale,0,3
664,44,F,Luxor,Instagram,Display,Travel,0,0,36,2025-01-13 13:12:00,Desktop,iOS,Paid,1076,5031,Limited offer!,0,2
665,52,M,Giza,Facebook,Video,Electronics,1,0,6,2025-01-19 07:03:00,Desktop,iOS,Organic,1010,5006,Order online fast delivery,0,3
666,30,M,Cairo,YouTube,Display,Electronics,1,0,41,2025-03-13 09:24:00,Desktop,Android,Paid,1095,5071,Limited offer!,0,4
667,33,M,Alexandria,Google Ads,Search,Food & Beverage,0,0,45,2025-02-17 03:07:00,Desktop,iOS,Paid,1058,5065,Book your travel today,1046,1
668,55,F,Giza,Instagram,Display,Gaming,0,1,5,2025-02-17 13:08:00,Mobile,Android,Social,1064,5075,Book your travel today,0,10
669,34,M,Mansoura,Facebook,Display,Food & Beverage,0,0,16,2025-01-18 07:14:00,Tablet,Windows,Paid,1099,5044,Limited offer!,1208,3
670,35,F,Cairo,Instagram,Video,Electronics,0,0,50,2025-03-29 05:02:00,Mobile,Windows,Paid,1084,5066,Top-rated gadgets on sale,0,9
671,27,M,Cairo,Google Ads,Video,Food & Beverage,0,0,33,2025-03-20 13:31:00,Mobile,Windows,Paid,1006,5081,Order online fast delivery,0,10
672,47,M,Giza,Google Ads,Search,Electronics,1,0,40,2025-02-02 05:06:00,Desktop,Windows,Paid,1058,5015,Buy now and save 20%,0,6
673,24,F,Luxor,Facebook,Video,Food & Beverage,0,1,40,2025-02-09 22:39:00,Tablet,Android,Social,1097,5049,Top-rated gadgets on sale,0,2
674,50,M,Alexandria,YouTube,Display,Fashion,0,0,10,2025-01-20 20:58:00,Desktop,Windows,Paid,1073,5003,Limited offer!,0,10
675,39,F,Giza,Google Ads,Display,Fashion,0,0,15,2025-01-16 20:47:00,Desktop,Windows,Organic,1022,5013,Book your travel today,0,10
676,37,M,Cairo,YouTube,Display,Travel,1,0,44,2025-01-09 08:02:00,Tablet,Android,Paid,1005,5096,Book your travel today,0,5
677,24,M,Giza,Instagram,Display,Fashion,0,0,27,2025-02-17 22:39:00,Desktop,Windows,Social,1059,5049,Buy now and save 20%,0,5
678,24,F,Cairo,Google Ads,Video,Food & Beverage,0,0,6,2025-01-03 16:40:00,Tablet,Android,Social,1080,5042,Check our new collection,0,3
679,59,F,Aswan,Facebook,Display,Electronics,0,0,22,2025-02-14 21:51:00,Mobile,Android,Organic,1052,5060,Check our new collection,0,2
680,31,F,Aswan,Google Ads,Video,Travel,1,0,47,2025-01-02 16:03:00,Tablet,Windows,Social,1017,5012,Order online fast delivery,0,1
681,23,F,Giza,Instagram,Search,Gaming,0,0,7,2025-02-14 20:15:00,Mobile,Android,Social,1008,5082,Top-rated gadgets on sale,0,5
682,41,F,Giza,Instagram,Search,Gaming,1,0,45,2025-01-29 19:39:00,Desktop,Windows,Organic,1024,5098,Limited offer!,0,10
683,19,M,Giza,YouTube,Display,Food & Beverage,0,0,14,2025-01-31 13:56:00,Desktop,Windows,Social,1089,5031,Book your travel today,0,1
684,21,F,Cairo,Instagram,Display,Electronics,0,0,28,2025-01-20 19:31:00,Desktop,iOS,Paid,1039,5071,Book your travel today,0,8
685,41,F,Luxor,Facebook,Display,Fashion,0,0,23,2025-02-09 03:59:00,Mobile,iOS,Paid,1017,5005,Order online fast delivery,0,1
686,47,F,Cairo,Google Ads,Display,Food & Beverage,0,0,43,2025-03-06 14:01:00,Desktop,iOS,Organic,1046,5034,Book your travel today,0,1
687,23,F,Aswan,Instagram,Display,Electronics,0,0,19,2025-02-14 18:08:00,Tablet,Windows,Organic,1048,5017,Limited offer!,0,9
688,35,F,Mansoura,Google Ads,Display,Fashion,0,0,21,2025-03-14 00:36:00,Mobile,iOS,Social,1068,5025,Book your travel today,0,1
689,55,F,Giza,Facebook,Search,Food & Beverage,0,1,5,2025-02-08 04:33:00,Desktop,Windows,Social,1004,5093,Book your travel today,0,2
690,35,F,Cairo,Google Ads,Display,Gaming,0,0,6,2025-01-15 20:43:00,Mobile,Android,Paid,1000,5010,Top-rated gadgets on sale,247,7
691,35,M,Cairo,Facebook,Search,Gaming,0,0,13,2025-03-21 10:08:00,Tablet,Windows,Social,1015,5044,Top-rated gadgets on sale,0,4
692,20,F,Luxor,YouTube,Display,Fashion,1,0,16,2025-02-17 05:52:00,Tablet,Android,Social,1011,5023,Limited offer!,0,8
693,59,F,Mansoura,YouTube,Display,Food & Beverage,0,0,43,2025-01-26 14:24:00,Desktop,iOS,Social,1077,5047,Book your travel today,0,1
694,34,F,Alexandria,Google Ads,Display,Fashion,0,0,7,2025-03-01 03:29:00,Tablet,Windows,Organic,1054,5024,Limited offer!,0,4
695,27,F,Cairo,Instagram,Search,Gaming,0,0,4,2025-03-29 07:42:00,Mobile,Windows,Paid,1002,5000,Buy now and save 20%,0,6
696,30,F,Giza,Facebook,Display,Travel,0,0,33,2025-03-15 20:25:00,Tablet,Android,Organic,1089,5009,Top-rated gadgets on sale,0,1
697,33,M,Mansoura,Facebook,Display,Food & Beverage,0,0,37,2025-01-11 11:48:00,Tablet,iOS,Social,1072,5081,Book your travel today,0,7
698,38,M,Cairo,Facebook,Video,Fashion,1,0,47,2025-01-13 09:31:00,Tablet,Android,Paid,1001,5068,Limited offer!,1716,5
699,45,M,Cairo,Facebook,Search,Travel,0,0,13,2025-02-09 10:28:00,Mobile,Android,Organic,1061,5019,Order online fast delivery,0,6
700,54,M,Mansoura,Facebook,Display,Travel,1,0,30,2025-03-25 22:13:00,Desktop,Windows,Paid,1072,5076,Book your travel today,0,9
701,57,F,Cairo,Facebook,Video,Gaming,1,0,16,2025-01-04 15:57:00,Desktop,iOS,Paid,1080,5082,Top-rated gadgets on sale,0,5
702,28,M,Giza,Facebook,Display,Food & Beverage,1,0,40,2025-01-27 06:30:00,Mobile,Android,Paid,1086,5045,Order online fast delivery,0,6
703,32,F,Mansoura,Facebook,Display,Travel,1,0,16,2025-01-06 01:43:00,Desktop,Android,Social,1002,5045,Buy now and save 20%,0,1
704,36,F,Cairo,Instagram,Video,Travel,0,0,36,2025-02-25 16:56:00,Mobile,iOS,Paid,1025,5006,Check our new collection,0,2
705,34,F,Cairo,Facebook,Display,Food & Beverage,1,0,47,2025-02-24 08:40:00,Mobile,Windows,Paid,1048,5091,Buy now and save 20%,1951,2
706,44,M,Aswan,Facebook,Display,Electronics,0,0,43,2025-03-20 12:44:00,Tablet,iOS,Paid,1062,5098,Book your travel today,0,4
707,25,M,Cairo,Instagram,Display,Travel,0,1,8,2025-01-14 13:26:00,Tablet,Windows,Social,1030,5069,Check our new collection,0,6
708,35,M,Giza,Instagram,Video,Fashion,1,1,50,2025-02-02 02:57:00,Mobile,iOS,Paid,1027,5095,Buy now and save 20%,0,7
709,38,M,Giza,Instagram,Display,Gaming,0,0,34,2025-03-23 12:31:00,Tablet,Windows,Social,1013,5017,Limited offer!,550,8
710,41,M,Aswan,Instagram,Video,Travel,0,0,4,2025-01-14 03:31:00,Desktop,iOS,Social,1058,5064,Limited offer!,0,9
711,25,M,Cairo,YouTube,Search,Food & Beverage,0,0,15,2025-01-26 15:28:00,Mobile,Windows,Organic,1094,5094,Buy now and save 20%,0,6
712,43,M,Aswan,Instagram,Video,Food & Beverage,0,0,8,2025-01-12 09:47:00,Desktop,Windows,Organic,1009,5095,Order online fast delivery,0,7
713,26,F,Cairo,Facebook,Display,Food & Beverage,0,0,16,2025-03-09 12:11:00,Mobile,iOS,Paid,1003,5075,Check our new collection,0,7
714,28,M,Mansoura,Instagram,Display,Electronics,1,0,42,2025-03-05 06:09:00,Mobile,Android,Paid,1093,5072,Limited offer!,0,8
715,18,M,Cairo,Google Ads,Video,Food & Beverage,1,1,4,2025-01-28 16:40:00,Desktop,Windows,Organic,1064,5059,Check our new collection,0,6
716,25,M,Mansoura,Facebook,Video,Food & Beverage,0,0,44,2025-03-27 10:02:00,Desktop,iOS,Paid,1042,5097,Book your travel today,1409,10
717,29,M,Cairo,YouTube,Search,Food & Beverage,1,0,22,2025-02-18 08:42:00,Mobile,Windows,Paid,1088,5025,Limited offer!,1305,4
718,27,M,Cairo,Facebook,Video,Fashion,1,0,50,2025-01-29 02:49:00,Mobile,iOS,Social,1041,5032,Check our new collection,0,5
719,45,F,Aswan,Facebook,Search,Food & Beverage,0,0,25,2025-03-09 00:12:00,Desktop,Windows,Organic,1072,5000,Book your travel today,0,8
720,41,F,Luxor,Facebook,Display,Food & Beverage,1,0,19,2025-02-25 05:23:00,Tablet,Windows,Paid,1100,5037,Top-rated gadgets on sale,0,1
721,27,M,Cairo,Facebook,Video,Travel,0,0,49,2025-02-22 02:26:00,Desktop,Android,Paid,1001,5069,Top-rated gadgets on sale,0,5
722,21,F,Aswan,YouTube,Video,Food & Beverage,0,0,46,2025-03-18 15:13:00,Tablet,iOS,Paid,1076,5031,Order online fast delivery,587,2
723,35,F,Luxor,YouTube,Display,Food & Beverage,0,0,44,2025-03-19 09:35:00,Mobile,Android,Social,1033,5084,Book your travel today,0,4
724,47,M,Aswan,Facebook,Video,Food & Beverage,0,0,39,2025-03-30 12:04:00,Mobile,iOS,Paid,1052,5064,Order online fast delivery,0,6
725,56,M,Cairo,Google Ads,Search,Food & Beverage,0,0,25,2025-01-09 12:05:00,Mobile,iOS,Paid,1041,5100,Buy now and save 20%,1901,2
726,32,F,Cairo,Facebook,Display,Fashion,0,0,31,2025-01-03 05:30:00,Tablet,iOS,Organic,1094,5048,Top-rated gadgets on sale,0,2
727,35,M,Alexandria,Facebook,Search,Food & Beverage,0,1,23,2025-03-11 09:10:00,Desktop,Android,Paid,1075,5091,Top-rated gadgets on sale,0,5
728,22,M,Cairo,Google Ads,Display,Electronics,1,0,26,2025-01-07 17:47:00,Tablet,iOS,Paid,1038,5004,Buy now and save 20%,0,9
729,24,M,Mansoura,Google Ads,Display,Gaming,1,0,38,2025-03-12 17:21:00,Desktop,Windows,Social,1074,5003,Check our new collection,0,4
730,57,F,Giza,YouTube,Display,Electronics,0,0,18,2025-03-22 18:05:00,Mobile,iOS,Social,1092,5037,Buy now and save 20%,0,10
731,44,F,Luxor,Instagram,Display,Fashion,0,1,41,2025-01-15 08:38:00,Mobile,iOS,Organic,1044,5046,Limited offer!,0,8
732,39,M,Giza,Google Ads,Display,Food & Beverage,0,0,13,2025-03-17 18:15:00,Desktop,iOS,Paid,1091,5094,Book your travel today,0,10
733,49,F,Alexandria,YouTube,Display,Electronics,0,1,21,2025-01-31 08:33:00,Desktop,Android,Paid,1067,5020,Order online fast delivery,0,8
734,32,F,Alexandria,Facebook,Display,Food & Beverage,0,0,5,2025-02-09 14:32:00,Tablet,iOS,Social,1061,5016,Check our new collection,0,1
735,18,F,Cairo,YouTube,Search,Electronics,0,0,50,2025-01-09 17:51:00,Mobile,Windows,Paid,1084,5070,Order online fast delivery,0,8
736,53,M,Aswan,Google Ads,Display,Food & Beverage,0,0,49,2025-03-31 10:29:00,Tablet,iOS,Organic,1097,5097,Limited offer!,0,7
737,59,F,Alexandria,Facebook,Video,Fashion,0,0,31,2025-01-01 15:00:00,Tablet,iOS,Social,1026,5052,Check our new collection,0,1
738,21,F,Cairo,YouTube,Display,Gaming,1,0,2,2025-02-24 04:58:00,Desktop,Windows,Social,1029,5082,Book your travel today,0,7
739,43,F,Luxor,Instagram,Search,Travel,1,0,15,2025-03-26 05:46:00,Desktop,iOS,Social,1038,5043,Top-rated gadgets on sale,662,6
740,60,M,Giza,Facebook,Search,Food & Beverage,0,0,36,2025-01-12 08:32:00,Mobile,Windows,Social,1000,5019,Top-rated gadgets on sale,0,3
741,43,M,Cairo,Facebook,Display,Food & Beverage,0,0,4,2025-03-03 12:37:00,Desktop,iOS,Organic,1027,5093,Order online fast delivery,1004,9
742,19,F,Alexandria,YouTube,Display,Food & Beverage,0,0,19,2025-03-11 09:51:00,Tablet,iOS,Paid,1098,5019,Book your travel today,0,6
743,21,M,Cairo,Google Ads,Display,Food & Beverage,0,0,21,2025-02-05 22:13:00,Tablet,Windows,Social,1093,5096,Limited offer!,0,9
744,25,M,Mansoura,Google Ads,Video,Electronics,1,0,4,2025-01-07 18:12:00,Tablet,Windows,Social,1061,5097,Order online fast delivery,0,8
745,26,F,Cairo,Google Ads,Video,Fashion,0,0,33,2025-01-16 21:35:00,Mobile,iOS,Organic,1010,5040,Order online fast delivery,0,1
746,41,F,Giza,Instagram,Video,Fashion,0,0,26,2025-02-03 04:15:00,Desktop,iOS,Paid,1057,5034,Top-rated gadgets on sale,0,6
747,46,M,Giza,Facebook,Video,Travel,0,0,15,2025-02-19 03:29:00,Tablet,Windows,Social,1062,5089,Buy now and save 20%,0,5
748,47,F,Luxor,Facebook,Video,Food & Beverage,0,0,31,2025-01-01 05:45:00,Mobile,Android,Social,1091,5075,Buy now and save 20%,0,6
749,50,M,Cairo,Facebook,Video,Food & Beverage,1,0,19,2025-01-06 03:29:00,Tablet,Windows,Social,1008,5097,Buy now and save 20%,0,1
750,19,M,Cairo,Instagram,Video,Fashion,0,0,6,2025-01-11 00:10:00,Desktop,iOS,Paid,1043,5040,Limited offer!,0,8
751,33,F,Giza,Facebook,Video,Travel,0,0,5,2025-03-17 08:48:00,Tablet,Windows,Organic,1052,5018,Buy now and save 20%,0,6
752,20,M,Luxor,YouTube,Video,Gaming,1,0,12,2025-01-25 15:13:00,Desktop,Windows,Social,1012,5044,Check our new collection,0,8
753,22,M,Aswan,Instagram,Video,Gaming,1,0,25,2025-03-08 05:02:00,Desktop,Windows,Social,1078,5080,Check our new collection,0,9
754,37,F,Alexandria,Google Ads,Video,Electronics,0,0,26,2025-01-07 12:09:00,Desktop,iOS,Organic,1085,5060,Limited offer!,0,10
755,22,F,Cairo,Facebook,Video,Fashion,0,0,34,2025-02-02 14:50:00,Mobile,Android,Paid,1025,5091,Check our new collection,1089,5
756,58,F,Alexandria,Facebook,Display,Electronics,0,0,9,2025-03-21 18:18:00,Desktop,Android,Paid,1032,5079,Check our new collection,0,10
757,47,F,Giza,Google Ads,Display,Travel,0,0,12,2025-03-24 19:10:00,Desktop,Windows,Organic,1079,5046,Limited offer!,0,6
758,45,M,Mansoura,Instagram,Video,Food & Beverage,0,0,32,2025-03-06 07:14:00,Mobile,Android,Social,1099,5055,Top-rated gadgets on sale,0,4
759,28,M,Giza,Facebook,Display,Fashion,0,0,2,2025-03-27 23:04:00,Mobile,iOS,Social,1085,5022,Limited offer!,0,2
760,30,F,Mansoura,Facebook,Video,Electronics,0,0,30,2025-03-11 04:47:00,Desktop,Windows,Organic,1032,5032,Book your travel today,442,3
761,38,M,Giza,Facebook,Video,Electronics,0,0,43,2025-02-17 00:50:00,Desktop,Windows,Paid,1046,5008,Limited offer!,0,2
762,50,M,Cairo,YouTube,Video,Fashion,1,1,50,2025-01-20 12:03:00,Desktop,iOS,Organic,1097,5021,Limited offer!,1023,3
763,58,M,Giza,Instagram,Video,Fashion,0,0,50,2025-01-13 03:53:00,Tablet,iOS,Social,1012,5069,Buy now and save 20%,0,4
764,20,F,Cairo,Facebook,Display,Fashion,1,0,25,2025-02-03 19:29:00,Mobile,Windows,Social,1053,5038,Limited offer!,0,1
765,55,M,Cairo,Facebook,Display,Fashion,0,0,47,2025-01-13 20:48:00,Desktop,iOS,Social,1038,5021,Book your travel today,0,1
766,60,M,Cairo,Facebook,Video,Electronics,0,0,33,2025-02-12 23:38:00,Desktop,Windows,Paid,1009,5080,Check our new collection,206,1
767,43,M,Cairo,Google Ads,Search,Food & Beverage,1,0,12,2025-03-15 05:34:00,Mobile,iOS,Social,1056,5002,Order online fast delivery,0,10
768,39,M,Cairo,YouTube,Display,Electronics,1,0,38,2025-03-15 04:35:00,Mobile,Windows,Paid,1095,5049,Order online fast delivery,0,3
769,28,F,Alexandria,YouTube,Video,Food & Beverage,0,0,47,2025-02-17 03:50:00,Mobile,Android,Paid,1007,5062,Book your travel today,0,10
770,53,F,Aswan,Google Ads,Video,Gaming,1,0,35,2025-03-06 12:19:00,Mobile,Android,Organic,1052,5064,Top-rated gadgets on sale,704,4
771,22,F,Giza,Google Ads,Search,Food & Beverage,0,0,45,2025-03-13 21:36:00,Tablet,Windows,Social,1045,5011,Buy now and save 20%,0,7
772,58,M,Cairo,Instagram,Display,Gaming,1,0,49,2025-01-31 03:04:00,Mobile,Windows,Organic,1054,5089,Order online fast delivery,0,2
773,21,M,Alexandria,Google Ads,Video,Gaming,0,0,37,2025-02-15 08:04:00,Desktop,iOS,Organic,1014,5002,Check our new collection,1670,9
774,42,M,Alexandria,YouTube,Display,Fashion,0,0,40,2025-01-26 09:09:00,Desktop,Android,Paid,1064,5079,Check our new collection,0,8
775,44,M,Aswan,Google Ads,Video,Fashion,0,0,7,2025-01-05 06:31:00,Desktop,Android,Social,1052,5034,Book your travel today,0,8
776,54,F,Alexandria,YouTube,Display,Electronics,0,0,9,2025-01-17 03:54:00,Desktop,Android,Social,1082,5057,Top-rated gadgets on sale,0,1
777,48,M,Giza,YouTube,Display,Fashion,0,0,11,2025-01-03 05:43:00,Mobile,Android,Social,1096,5012,Buy now and save 20%,0,2
778,54,M,Luxor,Google Ads,Display,Fashion,1,0,35,2025-01-11 15:14:00,Tablet,Android,Organic,1061,5030,Check our new collection,0,5
779,24,F,Mansoura,YouTube,Display,Gaming,1,0,23,2025-02-12 07:51:00,Tablet,iOS,Social,1075,5098,Check our new collection,0,4
780,29,M,Giza,Facebook,Video,Gaming,1,0,3,2025-03-26 12:17:00,Desktop,iOS,Paid,1051,5082,Book your travel today,0,9
781,41,F,Aswan,Facebook,Search,Food & Beverage,1,0,19,2025-01-11 19:39:00,Desktop,iOS,Organic,1022,5021,Book your travel today,0,10
782,30,F,Cairo,YouTube,Display,Fashion,0,0,8,2025-01-06 03:40:00,Tablet,iOS,Organic,1029,5045,Top-rated gadgets on sale,432,4
783,47,M,Giza,Google Ads,Video,Food & Beverage,1,0,46,2025-03-16 15:33:00,Mobile,Windows,Paid,1035,5006,Book your travel today,0,6
784,40,M,Alexandria,Google Ads,Display,Fashion,0,0,7,2025-01-07 19:13:00,Tablet,iOS,Social,1000,5073,Book your travel today,656,5
785,20,M,Mansoura,Google Ads,Video,Fashion,1,0,36,2025-01-28 02:02:00,Desktop,iOS,Organic,1071,5077,Top-rated gadgets on sale,0,10
786,57,F,Aswan,Instagram,Display,Travel,0,0,27,2025-03-12 00:05:00,Desktop,Windows,Paid,1037,5087,Limited offer!,0,10
787,41,M,Giza,Instagram,Search,Food & Beverage,1,0,29,2025-02-28 07:02:00,Tablet,Windows,Paid,1063,5092,Buy now and save 20%,0,9
788,34,M,Cairo,Instagram,Display,Food & Beverage,0,0,21,2025-01-10 03:19:00,Mobile,Windows,Social,1100,5029,Book your travel today,0,7
789,42,M,Giza,Facebook,Video,Food & Beverage,0,0,34,2025-01-02 07:03:00,Mobile,Android,Paid,1094,5056,Buy now and save 20%,0,2
790,21,M,Giza,Google Ads,Video,Electronics,0,0,48,2025-01-26 07:40:00,Mobile,Windows,Paid,1085,5078,Check our new collection,0,8
791,55,F,Cairo,Facebook,Video,Fashion,0,0,49,2025-02-13 08:43:00,Desktop,iOS,Social,1041,5022,Limited offer!,0,4
792,47,M,Cairo,Facebook,Display,Fashion,0,0,22,2025-02-23 17:49:00,Mobile,Windows,Paid,1030,5068,Top-rated gadgets on sale,0,8
793,30,F,Cairo,Facebook,Display,Electronics,0,0,29,2025-03-26 13:47:00,Tablet,Android,Organic,1044,5059,Top-rated gadgets on sale,0,2
794,47,M,Cairo,Facebook,Video,Gaming,1,0,30,2025-02-19 05:09:00,Desktop,iOS,Social,1066,5006,Buy now and save 20%,113,7
795,60,F,Aswan,Facebook,Video,Travel,0,0,30,2025-02-19 02:02:00,Tablet,iOS,Paid,1014,5057,Check our new collection,0,6
796,37,M,Cairo,Facebook,Display,Food & Beverage,0,0,41,2025-01-22 01:06:00,Mobile,iOS,Paid,1099,5058,Order online fast delivery,0,3
797,55,M,Giza,Google Ads,Display,Travel,0,0,24,2025-01-25 20:48:00,Tablet,Android,Organic,1010,5084,Order online fast delivery,0,2
798,38,M,Mansoura,Facebook,Display,Fashion,1,0,46,2025-03-28 17:14:00,Tablet,Windows,Social,1042,5090,Top-rated gadgets on sale,0,4
799,60,M,Alexandria,Facebook,Display,Fashion,0,1,6,2025-02-26 01:19:00,Desktop,Android,Organic,1051,5082,Top-rated gadgets on sale,0,10
800,28,M,Cairo,Google Ads,Video,Fashion,1,1,10,2025-03-12 09:18:00,Mobile,Windows,Paid,1019,5034,Check our new collection,55,6
801,59,F,Aswan,Instagram,Display,Travel,0,0,50,2025-01-06 23:51:00,Tablet,Android,Social,1017,5003,Book your travel today,0,5
802,37,F,Cairo,Facebook,Video,Food & Beverage,0,0,12,2025-01-05 08:47:00,Mobile,iOS,Social,1026,5012,Buy now and save 20%,0,8
803,57,F,Cairo,Facebook,Video,Electronics,0,0,40,2025-03-26 18:09:00,Desktop,Android,Organic,1012,5093,Top-rated gadgets on sale,0,2
804,38,M,Alexandria,Instagram,Search,Electronics,0,1,8,2025-01-11 15:46:00,Tablet,iOS,Social,1043,5013,Top-rated gadgets on sale,0,8
805,24,M,Cairo,Instagram,Video,Food & Beverage,0,0,32,2025-01-23 04:47:00,Desktop,Android,Organic,1074,5089,Order online fast delivery,190,8
806,24,F,Mansoura,Google Ads,Video,Gaming,0,0,15,2025-02-23 01:51:00,Desktop,Android,Social,1008,5007,Check our new collection,0,9
807,18,F,Cairo,YouTube,Display,Food & Beverage,1,0,26,2025-02-03 17:22:00,Mobile,iOS,Organic,1064,5034,Top-rated gadgets on sale,0,6
808,26,M,Giza,Facebook,Search,Food & Beverage,0,1,4,2025-03-20 12:30:00,Desktop,Windows,Organic,1032,5041,Order online fast delivery,0,2
809,52,M,Alexandria,YouTube,Search,Electronics,1,0,22,2025-03-14 15:42:00,Mobile,Android,Paid,1028,5023,Top-rated gadgets on sale,0,6
810,60,M,Cairo,Facebook,Video,Travel,0,0,13,2025-01-06 08:47:00,Tablet,Android,Organic,1083,5050,Limited offer!,0,3
811,25,F,Alexandria,Facebook,Video,Electronics,0,0,7,2025-03-25 12:08:00,Tablet,Windows,Organic,1086,5010,Order online fast delivery,0,7
812,22,M,Cairo,Google Ads,Display,Electronics,0,0,22,2025-02-10 11:45:00,Mobile,iOS,Organic,1042,5087,Top-rated gadgets on sale,0,10
813,51,F,Giza,YouTube,Video,Travel,0,0,47,2025-03-17 01:11:00,Desktop,Windows,Organic,1025,5030,Top-rated gadgets on sale,506,1
814,40,F,Alexandria,Facebook,Video,Food & Beverage,0,0,43,2025-01-17 05:23:00,Mobile,Android,Organic,1035,5094,Check our new collection,0,9
815,48,M,Mansoura,Google Ads,Video,Food & Beverage,0,0,6,2025-01-10 06:19:00,Tablet,iOS,Social,1003,5098,Book your travel today,0,2
816,28,M,Cairo,Google Ads,Display,Gaming,0,0,7,2025-03-22 22:51:00,Tablet,Windows,Social,1071,5057,Order online fast delivery,0,4
817,49,M,Cairo,Google Ads,Search,Food & Beverage,0,0,11,2025-03-09 13:42:00,Tablet,Android,Social,1003,5095,Top-rated gadgets on sale,176,5
818,18,M,Cairo,YouTube,Video,Travel,0,0,21,2025-02-26 12:15:00,Desktop,Windows,Paid,1076,5011,Top-rated gadgets on sale,0,3
819,40,F,Alexandria,Instagram,Display,Gaming,1,0,44,2025-03-14 12:22:00,Mobile,Windows,Social,1044,5091,Check our new collection,0,2
820,52,M,Giza,YouTube,Video,Food & Beverage,1,0,49,2025-03-17 17:11:00,Mobile,iOS,Paid,1073,5079,Top-rated gadgets on sale,0,7
821,36,F,Mansoura,Instagram,Video,Electronics,0,0,30,2025-02-15 08:41:00,Tablet,Android,Organic,1060,5033,Book your travel today,0,7
822,56,F,Cairo,Facebook,Display,Fashion,0,0,35,2025-03-31 15:41:00,Tablet,iOS,Social,1076,5009,Book your travel today,0,2
823,58,M,Giza,Google Ads,Search,Travel,1,0,27,2025-01-21 23:23:00,Desktop,iOS,Organic,1065,5023,Top-rated gadgets on sale,0,8
824,30,M,Alexandria,Google Ads,Video,Food & Beverage,1,0,37,2025-03-18 07:45:00,Mobile,Android,Paid,1008,5099,Limited offer!,0,3
825,23,F,Cairo,Facebook,Video,Electronics,0,0,49,2025-02-09 19:08:00,Mobile,Android,Organic,1020,5020,Check our new collection,0,2
826,30,F,Alexandria,YouTube,Display,Electronics,0,1,11,2025-03-24 07:03:00,Tablet,Windows,Paid,1025,5015,Buy now and save 20%,0,8
827,54,F,Cairo,Facebook,Display,Fashion,1,0,48,2025-02-17 15:07:00,Mobile,iOS,Organic,1053,5052,Buy now and save 20%,0,2
828,49,M,Giza,Facebook,Video,Food & Beverage,0,1,25,2025-03-08 20:30:00,Tablet,iOS,Paid,1015,5079,Check our new collection,1615,10
829,50,M,Giza,Instagram,Video,Electronics,0,0,8,2025-02-12 12:25:00,Desktop,iOS,Organic,1001,5087,Limited offer!,0,10
830,39,F,Luxor,Facebook,Display,Gaming,0,0,31,2025-01-12 11:06:00,Tablet,Android,Social,1071,5057,Top-rated gadgets on sale,0,8
831,26,M,Luxor,Facebook,Search,Food & Beverage,0,0,25,2025-02-09 15:08:00,Mobile,Windows,Social,1053,5089,Top-rated gadgets on sale,0,4
832,36,M,Luxor,Instagram,Search,Fashion,0,0,37,2025-01-11 17:30:00,Tablet,Windows,Organic,1099,5059,Top-rated gadgets on sale,0,8
833,50,M,Cairo,Facebook,Display,Food & Beverage,0,0,44,2025-03-14 11:25:00,Tablet,iOS,Paid,1098,5013,Check our new collection,0,4
834,33,F,Luxor,Google Ads,Display,Gaming,0,1,33,2025-01-27 11:33:00,Tablet,iOS,Organic,1089,5019,Buy now and save 20%,0,2
835,43,M,Luxor,Facebook,Display,Fashion,0,0,29,2025-01-21 07:18:00,Mobile,Windows,Social,1080,5077,Buy now and save 20%,0,2
836,48,M,Giza,Instagram,Search,Food & Beverage,0,0,15,2025-02-08 07:28:00,Mobile,Android,Paid,1067,5043,Top-rated gadgets on sale,0,8
837,56,M,Cairo,Google Ads,Video,Gaming,0,0,35,2025-01-24 00:38:00,Tablet,Windows,Paid,1026,5055,Buy now and save 20%,76,1
838,54,M,Giza,Facebook,Video,Food & Beverage,0,0,41,2025-03-22 09:21:00,Desktop,Android,Organic,1024,5037,Top-rated gadgets on sale,0,7
839,50,M,Aswan,Facebook,Search,Travel,0,0,8,2025-03-02 07:32:00,Desktop,Windows,Social,1008,5067,Check our new collection,1366,9
840,19,M,Cairo,Instagram,Video,Food & Beverage,0,1,28,2025-02-03 07:51:00,Mobile,iOS,Paid,1073,5026,Check our new collection,0,5
841,20,F,Alexandria,Google Ads,Video,Food & Beverage,1,0,45,2025-01-21 01:16:00,Tablet,Windows,Organic,1048,5054,Top-rated gadgets on sale,0,3
842,53,M,Aswan,YouTube,Display,Food & Beverage,0,0,21,2025-03-13 18:11:00,Mobile,Android,Organic,1024,5085,Check our new collection,0,4
843,36,F,Alexandria,Instagram,Search,Food & Beverage,0,0,7,2025-03-20 16:23:00,Desktop,Android,Paid,1061,5093,Top-rated gadgets on sale,0,1
844,51,M,Cairo,Facebook,Display,Food & Beverage,0,1,22,2025-01-13 01:16:00,Desktop,iOS,Social,1086,5004,Order online fast delivery,0,1
845,45,M,Cairo,YouTube,Video,Gaming,0,0,30,2025-03-22 11:20:00,Mobile,Windows,Paid,1028,5001,Check our new collection,0,6
846,29,M,Luxor,Google Ads,Display,Gaming,1,1,40,2025-01-27 15:32:00,Desktop,iOS,Paid,1036,5018,Limited offer!,0,1
847,25,M,Alexandria,Instagram,Video,Gaming,1,0,23,2025-03-16 23:00:00,Desktop,Android,Paid,1030,5087,Limited offer!,0,2
848,54,M,Mansoura,Google Ads,Video,Fashion,1,0,30,2025-02-11 15:12:00,Mobile,iOS,Paid,1047,5080,Buy now and save 20%,0,9
849,23,F,Luxor,Facebook,Display,Gaming,1,0,13,2025-03-15 02:44:00,Tablet,Android,Paid,1015,5065,Limited offer!,1427,6
850,32,F,Cairo,Facebook,Display,Fashion,0,0,44,2025-03-23 22:48:00,Desktop,Android,Organic,1070,5003,Limited offer!,0,4
851,19,M,Mansoura,Google Ads,Display,Electronics,0,1,5,2025-03-21 02:10:00,Mobile,Android,Organic,1002,5020,Top-rated gadgets on sale,0,8
852,52,F,Giza,Facebook,Display,Travel,0,0,21,2025-03-17 12:11:00,Tablet,iOS,Paid,1040,5050,Top-rated gadgets on sale,0,7
853,44,M,Mansoura,Instagram,Video,Food & Beverage,1,0,22,2025-01-04 17:15:00,Tablet,Windows,Organic,1043,5098,Check our new collection,0,4
854,30,F,Cairo,YouTube,Video,Gaming,1,0,19,2025-02-27 14:09:00,Tablet,Android,Social,1072,5099,Top-rated gadgets on sale,0,1
855,20,M,Cairo,Instagram,Display,Food & Beverage,0,0,10,2025-03-31 04:00:00,Mobile,Windows,Social,1092,5066,Check our new collection,0,7
856,60,F,Aswan,Google Ads,Display,Travel,0,0,13,2025-01-13 10:02:00,Tablet,Android,Paid,1063,5080,Buy now and save 20%,0,7
857,41,F,Cairo,YouTube,Display,Fashion,1,1,31,2025-02-17 18:27:00,Tablet,Android,Organic,1040,5000,Book your travel today,0,4
858,22,F,Mansoura,Facebook,Display,Electronics,1,0,22,2025-03-04 20:40:00,Mobile,Android,Organic,1022,5077,Check our new collection,0,2
859,54,M,Mansoura,Google Ads,Video,Electronics,1,1,21,2025-01-06 05:11:00,Desktop,Android,Paid,1013,5079,Buy now and save 20%,0,8
860,55,M,Cairo,Facebook,Display,Fashion,0,0,47,2025-02-25 03:42:00,Tablet,iOS,Paid,1037,5062,Check our new collection,0,10
861,34,M,Aswan,Facebook,Display,Gaming,0,0,34,2025-03-14 10:43:00,Tablet,Windows,Organic,1035,5041,Order online fast delivery,0,10
862,54,M,Cairo,Facebook,Display,Fashion,1,0,30,2025-01-18 00:42:00,Mobile,Android,Social,1057,5090,Limited offer!,98,7
863,51,M,Giza,YouTube,Display,Fashion,1,1,24,2025-02-19 10:01:00,Mobile,Android,Paid,1027,5081,Limited offer!,0,1
864,52,F,Alexandria,Google Ads,Search,Electronics,1,0,24,2025-02-25 20:09:00,Mobile,iOS,Paid,1072,5016,Limited offer!,1830,10
865,26,M,Cairo,YouTube,Search,Travel,1,0,3,2025-01-28 20:30:00,Desktop,Windows,Paid,1034,5082,Top-rated gadgets on sale,0,2
866,18,F,Giza,Facebook,Search,Gaming,1,0,36,2025-03-22 08:45:00,Desktop,iOS,Organic,1085,5006,Order online fast delivery,0,6
867,20,M,Mansoura,Instagram,Search,Fashion,0,0,46,2025-03-26 18:29:00,Tablet,Android,Social,1046,5078,Limited offer!,262,9
868,45,M,Cairo,Instagram,Display,Travel,0,1,9,2025-02-19 14:23:00,Desktop,Android,Paid,1085,5034,Order online fast delivery,0,7
869,22,F,Cairo,Google Ads,Video,Electronics,0,0,18,2025-01-22 14:52:00,Mobile,Windows,Organic,1082,5093,Book your travel today,0,1
870,48,F,Alexandria,Google Ads,Display,Food & Beverage,0,0,24,2025-02-27 12:23:00,Desktop,iOS,Organic,1045,5061,Top-rated gadgets on sale,0,2
871,33,F,Aswan,Facebook,Video,Electronics,1,0,21,2025-03-09 00:45:00,Mobile,Android,Organic,1091,5069,Top-rated gadgets on sale,0,7
872,39,F,Mansoura,Facebook,Search,Fashion,1,1,3,2025-01-16 02:53:00,Mobile,iOS,Paid,1042,5061,Book your travel today,0,3
873,33,F,Giza,Instagram,Search,Fashion,0,0,43,2025-02-12 06:14:00,Desktop,Windows,Social,1063,5006,Buy now and save 20%,0,3
874,37,M,Alexandria,Instagram,Video,Electronics,1,0,43,2025-03-08 01:14:00,Tablet,Android,Organic,1079,5057,Limited offer!,0,8
875,53,M,Cairo,Instagram,Search,Food & Beverage,0,0,25,2025-02-17 23:34:00,Desktop,Windows,Organic,1048,5004,Book your travel today,976,8
876,37,M,Alexandria,Instagram,Display,Food & Beverage,0,0,20,2025-02-11 20:00:00,Tablet,Windows,Paid,1013,5020,Order online fast delivery,1565,1
877,27,M,Mansoura,Instagram,Display,Food & Beverage,1,0,6,2025-01-20 03:27:00,Tablet,Android,Social,1078,5038,Check our new collection,0,4
878,51,M,Cairo,Instagram,Display,Fashion,0,1,20,2025-03-30 06:37:00,Tablet,Windows,Social,1097,5078,Top-rated gadgets on sale,0,8
879,56,F,Giza,Instagram,Display,Food & Beverage,0,0,29,2025-01-18 23:30:00,Tablet,Android,Social,1009,5092,Check our new collection,0,8
880,19,M,Mansoura,Instagram,Video,Electronics,1,0,7,2025-01-15 16:23:00,Desktop,iOS,Social,1033,5037,Buy now and save 20%,460,4
881,49,M,Luxor,Facebook,Search,Electronics,1,0,46,2025-03-02 06:13:00,Desktop,iOS,Social,1077,5003,Buy now and save 20%,0,6
882,20,M,Giza,Facebook,Display,Travel,1,1,33,2025-02-11 20:37:00,Desktop,iOS,Paid,1099,5014,Buy now and save 20%,0,8
883,38,M,Cairo,Instagram,Video,Gaming,0,0,20,2025-03-28 03:11:00,Desktop,Android,Social,1095,5030,Order online fast delivery,1480,7
884,40,F,Cairo,YouTube,Display,Fashion,0,1,46,2025-02-09 14:40:00,Mobile,Windows,Paid,1100,5084,Buy now and save 20%,489,3
885,32,F,Cairo,Facebook,Display,Gaming,1,1,11,2025-02-11 18:00:00,Mobile,iOS,Social,1059,5084,Limited offer!,0,8
886,20,F,Alexandria,Facebook,Video,Electronics,1,0,43,2025-02-05 02:09:00,Mobile,iOS,Paid,1027,5098,Top-rated gadgets on sale,0,4
887,25,F,Aswan,Facebook,Display,Gaming,0,0,46,2025-02-28 09:53:00,Mobile,Windows,Social,1049,5055,Buy now and save 20%,0,3
888,58,M,Cairo,YouTube,Display,Electronics,0,0,38,2025-03-08 21:59:00,Tablet,Android,Social,1019,5075,Order online fast delivery,0,4
889,58,F,Aswan,Instagram,Display,Electronics,1,0,49,2025-01-08 21:11:00,Tablet,iOS,Social,1030,5019,Order online fast delivery,0,6
890,60,M,Aswan,Google Ads,Video,Gaming,1,0,17,2025-01-27 22:24:00,Desktop,Windows,Social,1084,5050,Buy now and save 20%,1971,1
891,45,M,Cairo,YouTube,Display,Fashion,1,0,39,2025-03-07 02:31:00,Tablet,Windows,Organic,1025,5004,Top-rated gadgets on sale,0,3
892,56,M,Luxor,Facebook,Video,Fashion,1,0,35,2025-01-04 20:39:00,Tablet,Windows,Paid,1093,5000,Buy now and save 20%,0,8
893,18,M,Giza,YouTube,Display,Food & Beverage,0,0,47,2025-03-31 03:15:00,Tablet,iOS,Social,1045,5001,Top-rated gadgets on sale,0,10
894,57,M,Cairo,Instagram,Search,Gaming,1,0,18,2025-01-02 11:34:00,Tablet,Android,Organic,1014,5042,Book your travel today,0,9
895,27,M,Alexandria,Google Ads,Display,Gaming,1,0,42,2025-01-07 01:27:00,Mobile,Windows,Organic,1003,5087,Order online fast delivery,0,10
896,47,F,Cairo,Facebook,Video,Electronics,0,0,20,2025-02-27 03:58:00,Desktop,Windows,Social,1075,5013,Check our new collection,0,6
897,32,M,Luxor,Facebook,Display,Fashion,0,0,34,2025-01-13 18:56:00,Tablet,Windows,Social,1010,5091,Book your travel today,0,10
898,35,F,Mansoura,Facebook,Video,Food & Beverage,0,0,17,2025-01-30 09:08:00,Mobile,iOS,Paid,1033,5001,Top-rated gadgets on sale,571,5
899,35,M,Alexandria,Facebook,Video,Food & Beverage,0,0,17,2025-01-25 19:02:00,Tablet,Android,Paid,1069,5031,Order online fast delivery,0,8
900,46,F,Luxor,Google Ads,Video,Food & Beverage,1,0,44,2025-02-25 07:23:00,Desktop,Windows,Paid,1052,5017,Book your travel today,0,10
901,20,M,Alexandria,Facebook,Video,Travel,0,0,22,2025-03-08 13:13:00,Mobile,Android,Paid,1047,5014,Check our new collection,0,7
902,46,M,Alexandria,Facebook,Video,Food & Beverage,0,0,14,2025-01-28 07:51:00,Desktop,Windows,Paid,1083,5022,Check our new collection,0,6
903,54,M,Giza,Google Ads,Video,Food & Beverage,1,0,4,2025-03-30 01:46:00,Desktop,iOS,Paid,1083,5002,Book your travel today,0,10
904,20,M,Giza,Facebook,Display,Food & Beverage,1,0,18,2025-02-13 02:04:00,Mobile,Android,Social,1019,5007,Limited offer!,0,8
905,45,M,Cairo,YouTube,Display,Electronics,0,0,37,2025-02-02 07:23:00,Tablet,iOS,Organic,1001,5079,Book your travel today,0,3
906,37,F,Cairo,Instagram,Display,Fashion,1,0,48,2025-01-31 00:34:00,Desktop,Windows,Paid,1026,5034,Book your travel today,0,1
907,29,F,Cairo,Instagram,Search,Fashion,0,0,42,2025-01-03 22:06:00,Mobile,Android,Social,1064,5027,Check our new collection,0,9
908,60,M,Cairo,Facebook,Search,Travel,1,0,5,2025-01-30 22:28:00,Tablet,Windows,Social,1091,5071,Top-rated gadgets on sale,0,10
909,27,M,Mansoura,Facebook,Display,Fashion,0,0,17,2025-01-08 18:22:00,Mobile,iOS,Paid,1071,5059,Limited offer!,0,1
910,56,M,Luxor,Google Ads,Search,Electronics,0,1,20,2025-03-07 13:54:00,Mobile,iOS,Paid,1040,5091,Top-rated gadgets on sale,147,8
911,37,F,Alexandria,Instagram,Display,Electronics,1,1,48,2025-03-20 10:53:00,Tablet,Android,Organic,1006,5011,Order online fast delivery,0,5
912,33,F,Cairo,Instagram,Video,Fashion,1,0,46,2025-01-18 00:49:00,Mobile,iOS,Organic,1048,5095,Limited offer!,0,1
913,18,F,Alexandria,Instagram,Video,Electronics,0,1,44,2025-01-07 21:43:00,Desktop,Android,Organic,1009,5067,Top-rated gadgets on sale,0,8
914,36,F,Luxor,YouTube,Video,Electronics,0,0,12,2025-02-09 11:38:00,Mobile,Android,Paid,1076,5003,Book your travel today,0,4
915,60,M,Giza,Facebook,Video,Fashion,0,0,41,2025-02-23 11:10:00,Tablet,Android,Organic,1044,5034,Book your travel today,0,6
916,39,F,Giza,Instagram,Display,Travel,0,0,25,2025-01-16 22:39:00,Mobile,Android,Paid,1016,5023,Buy now and save 20%,0,2
917,49,M,Mansoura,Google Ads,Display,Food & Beverage,1,0,6,2025-01-13 03:55:00,Tablet,Windows,Organic,1076,5075,Limited offer!,0,8
918,46,F,Cairo,Facebook,Video,Food & Beverage,0,0,44,2025-01-31 22:53:00,Desktop,Android,Paid,1057,5069,Order online fast delivery,0,1
919,40,M,Mansoura,Facebook,Video,Food & Beverage,0,0,27,2025-01-06 03:02:00,Tablet,Windows,Social,1043,5061,Limited offer!,0,2
920,19,M,Cairo,Facebook,Display,Travel,0,0,50,2025-03-25 00:45:00,Desktop,Windows,Paid,1021,5012,Top-rated gadgets on sale,0,1
921,53,F,Mansoura,Instagram,Video,Food & Beverage,1,0,32,2025-02-04 02:44:00,Desktop,iOS,Social,1098,5034,Limited offer!,0,4
922,45,F,Cairo,YouTube,Display,Gaming,0,0,27,2025-02-12 05:59:00,Desktop,Android,Social,1049,5053,Top-rated gadgets on sale,1683,6
923,22,M,Cairo,Instagram,Display,Fashion,0,0,30,2025-01-08 02:13:00,Desktop,Windows,Organic,1083,5076,Limited offer!,584,10
924,30,M,Giza,Facebook,Display,Food & Beverage,0,1,21,2025-03-02 20:04:00,Mobile,Android,Organic,1025,5043,Book your travel today,0,4
925,28,M,Alexandria,Google Ads,Display,Food & Beverage,1,1,2,2025-03-29 20:38:00,Tablet,Windows,Organic,1083,5050,Check our new collection,0,10
926,48,F,Cairo,Facebook,Display,Fashion,0,1,35,2025-02-04 19:46:00,Desktop,Android,Social,1033,5072,Order online fast delivery,0,9
927,54,M,Mansoura,Instagram,Search,Fashion,1,0,25,2025-03-25 20:20:00,Mobile,iOS,Paid,1032,5013,Top-rated gadgets on sale,0,6
928,29,F,Cairo,YouTube,Video,Fashion,0,1,17,2025-02-02 17:19:00,Tablet,iOS,Organic,1056,5012,Top-rated gadgets on sale,0,7
929,41,M,Alexandria,Facebook,Display,Travel,0,0,28,2025-02-28 01:23:00,Mobile,Windows,Organic,1030,5041,Buy now and save 20%,0,3
930,52,F,Luxor,Instagram,Search,Food & Beverage,0,0,9,2025-01-29 20:21:00,Desktop,Android,Organic,1085,5008,Top-rated gadgets on sale,0,4
931,21,F,Aswan,Facebook,Search,Food & Beverage,1,0,29,2025-03-24 21:52:00,Mobile,Android,Organic,1004,5007,Book your travel today,0,8
932,49,M,Giza,Google Ads,Video,Travel,0,1,38,2025-01-06 16:10:00,Desktop,iOS,Paid,1036,5035,Order online fast delivery,0,9
933,46,F,Giza,Facebook,Display,Travel,0,0,29,2025-02-02 07:35:00,Desktop,Windows,Social,1010,5071,Limited offer!,0,5
934,34,M,Cairo,YouTube,Search,Fashion,0,1,48,2025-01-26 13:58:00,Mobile,Android,Social,1036,5096,Buy now and save 20%,1341,4
935,52,F,Cairo,Facebook,Display,Fashion,0,0,46,2025-01-31 02:36:00,Mobile,iOS,Paid,1058,5068,Check our new collection,0,1
936,53,F,Aswan,YouTube,Video,Travel,0,1,42,2025-03-30 17:46:00,Mobile,Windows,Social,1002,5004,Buy now and save 20%,0,10
937,23,F,Luxor,Instagram,Video,Electronics,1,0,26,2025-01-29 21:08:00,Desktop,iOS,Organic,1024,5044,Limited offer!,0,4
938,18,F,Cairo,Instagram,Display,Food & Beverage,0,0,22,2025-03-18 12:35:00,Tablet,Android,Organic,1080,5038,Check our new collection,854,9
939,21,M,Cairo,Facebook,Video,Electronics,1,0,42,2025-03-22 20:10:00,Tablet,Windows,Organic,1005,5036,Buy now and save 20%,342,8
940,56,M,Giza,Facebook,Video,Food & Beverage,1,0,50,2025-02-19 16:32:00,Desktop,iOS,Social,1086,5053,Limited offer!,0,10
941,28,F,Giza,Google Ads,Video,Electronics,0,0,29,2025-01-04 09:49:00,Mobile,iOS,Paid,1024,5073,Check our new collection,0,8
942,55,F,Cairo,Instagram,Display,Electronics,0,0,50,2025-03-05 00:22:00,Mobile,Windows,Paid,1052,5069,Top-rated gadgets on sale,0,10
943,53,M,Mansoura,Instagram,Video,Travel,1,0,50,2025-01-14 10:18:00,Desktop,Windows,Social,1038,5027,Limited offer!,0,3
944,38,F,Luxor,Google Ads,Video,Travel,0,0,32,2025-01-17 03:25:00,Mobile,iOS,Social,1100,5010,Limited offer!,0,4
945,35,F,Luxor,Instagram,Display,Gaming,0,0,37,2025-01-28 09:59:00,Tablet,iOS,Social,1080,5029,Book your travel today,0,8
946,27,M,Luxor,Facebook,Video,Electronics,1,0,6,2025-03-30 20:10:00,Tablet,iOS,Social,1065,5011,Check our new collection,0,1
947,51,F,Cairo,Facebook,Display,Fashion,0,0,44,2025-03-22 22:29:00,Tablet,Windows,Social,1032,5001,Book your travel today,0,4
948,25,M,Luxor,Facebook,Display,Food & Beverage,1,0,4,2025-02-14 20:32:00,Tablet,Android,Social,1026,5098,Limited offer!,0,1
949,45,F,Giza,Facebook,Search,Food & Beverage,0,0,9,2025-01-02 19:56:00,Tablet,Windows,Organic,1096,5030,Top-rated gadgets on sale,0,7
950,49,F,Cairo,Instagram,Search,Gaming,0,0,19,2025-01-13 08:15:00,Desktop,iOS,Organic,1012,5000,Check our new collection,0,5
951,57,F,Aswan,Facebook,Display,Fashion,1,0,47,2025-01-03 23:25:00,Mobile,iOS,Paid,1056,5028,Order online fast delivery,0,1
952,31,F,Giza,Google Ads,Search,Gaming,1,0,11,2025-03-09 16:29:00,Mobile,Android,Organic,1083,5034,Top-rated gadgets on sale,0,8
953,45,M,Giza,YouTube,Search,Travel,0,0,35,2025-03-27 16:32:00,Desktop,Android,Social,1025,5088,Order online fast delivery,0,6
954,58,F,Giza,Facebook,Display,Travel,0,0,18,2025-02-07 02:44:00,Mobile,iOS,Organic,1020,5052,Buy now and save 20%,0,2
955,22,M,Alexandria,Google Ads,Display,Food & Beverage,1,0,24,2025-02-04 21:41:00,Desktop,iOS,Social,1065,5008,Book your travel today,0,10
956,60,F,Cairo,Facebook,Display,Travel,0,0,35,2025-01-05 17:41:00,Tablet,Android,Social,1033,5091,Book your travel today,1884,3
957,29,M,Alexandria,Instagram,Video,Food & Beverage,0,0,28,2025-01-06 14:52:00,Mobile,Windows,Social,1022,5055,Limited offer!,937,4
958,18,F,Giza,Google Ads,Display,Fashion,0,0,44,2025-03-18 00:03:00,Mobile,Android,Social,1086,5010,Top-rated gadgets on sale,0,3
959,53,F,Mansoura,Google Ads,Display,Food & Beverage,0,0,18,2025-02-20 11:18:00,Desktop,Windows,Social,1007,5023,Limited offer!,0,10
960,25,M,Giza,Instagram,Video,Gaming,0,0,24,2025-02-07 08:15:00,Tablet,Android,Organic,1065,5078,Check our new collection,0,9
961,21,F,Cairo,Facebook,Display,Travel,1,0,34,2025-03-14 23:18:00,Mobile,iOS,Social,1086,5090,Buy now and save 20%,0,9
962,39,M,Aswan,Facebook,Display,Travel,0,0,5,2025-03-12 18:12:00,Tablet,iOS,Social,1014,5098,Book your travel today,0,3
963,48,F,Alexandria,Instagram,Video,Food & Beverage,0,0,30,2025-01-12 10:42:00,Mobile,Windows,Paid,1081,5027,Order online fast delivery,0,7
964,39,M,Cairo,Google Ads,Search,Food & Beverage,0,0,9,2025-02-11 11:22:00,Desktop,iOS,Organic,1075,5040,Buy now and save 20%,0,3
965,52,F,Giza,Instagram,Video,Travel,0,0,45,2025-01-19 07:38:00,Mobile,Android,Paid,1043,5079,Buy now and save 20%,0,10
966,42,M,Cairo,Facebook,Video,Fashion,0,0,42,2025-01-28 20:42:00,Mobile,Android,Paid,1081,5090,Buy now and save 20%,660,10
967,22,F,Cairo,Facebook,Display,Electronics,0,0,31,2025-01-15 07:22:00,Mobile,Android,Organic,1077,5043,Check our new collection,0,7
968,22,M,Mansoura,Facebook,Display,Travel,1,0,15,2025-01-14 23:00:00,Desktop,Windows,Social,1062,5063,Top-rated gadgets on sale,0,3
969,52,F,Cairo,Facebook,Display,Fashion,0,0,44,2025-02-24 21:33:00,Mobile,Android,Paid,1034,5086,Buy now and save 20%,0,10
970,30,F,Luxor,Facebook,Display,Food & Beverage,0,0,14,2025-03-20 18:58:00,Desktop,Android,Organic,1038,5071,Buy now and save 20%,0,9
971,38,M,Mansoura,Instagram,Display,Food & Beverage,0,0,30,2025-01-20 03:13:00,Desktop,Windows,Organic,1022,5096,Check our new collection,830,8
972,29,M,Mansoura,Facebook,Display,Gaming,0,0,34,2025-01-07 09:36:00,Desktop,Android,Social,1058,5010,Book your travel today,719,4
973,32,M,Aswan,Facebook,Search,Electronics,0,0,9,2025-03-20 13:49:00,Tablet,Windows,Paid,1051,5074,Check our new collection,1732,9
974,60,F,Cairo,Google Ads,Display,Travel,0,0,28,2025-01-19 08:33:00,Mobile,Windows,Paid,1013,5088,Check our new collection,0,4
975,32,M,Giza,Google Ads,Display,Travel,1,0,35,2025-01-18 15:47:00,Tablet,Windows,Paid,1089,5082,Book your travel today,219,8
976,39,M,Alexandria,Facebook,Display,Electronics,1,0,23,2025-03-23 19:56:00,Mobile,Windows,Paid,1052,5016,Top-rated gadgets on sale,0,9
977,32,F,Cairo,Google Ads,Display,Travel,0,0,34,2025-01-26 17:54:00,Tablet,Windows,Organic,1042,5092,Check our new collection,0,1
978,58,F,Cairo,Facebook,Search,Fashion,1,0,36,2025-03-30 03:12:00,Desktop,Windows,Organic,1037,5013,Book your travel today,0,4
979,42,M,Mansoura,Instagram,Display,Food & Beverage,0,0,34,2025-02-11 09:27:00,Tablet,Android,Paid,1013,5070,Buy now and save 20%,0,6
980,39,F,Cairo,YouTube,Video,Gaming,1,0,33,2025-02-07 04:10:00,Desktop,iOS,Social,1039,5050,Limited offer!,0,8
981,59,F,Cairo,Facebook,Video,Fashion,1,0,47,2025-03-27 18:18:00,Tablet,Windows,Paid,1096,5068,Top-rated gadgets on sale,0,7
982,43,F,Luxor,Facebook,Display,Food & Beverage,0,0,31,2025-01-24 01:18:00,Mobile,Windows,Social,1056,5076,Check our new collection,0,3
983,26,M,Mansoura,Facebook,Video,Gaming,0,0,28,2025-02-11 23:13:00,Tablet,Windows,Paid,1087,5071,Top-rated gadgets on sale,0,2
984,36,F,Giza,Instagram,Display,Food & Beverage,1,0,8,2025-01-20 08:48:00,Tablet,Android,Organic,1043,5079,Check our new collection,0,7
985,21,F,Cairo,Facebook,Search,Fashion,0,0,42,2025-02-23 08:20:00,Desktop,Android,Social,1091,5008,Buy now and save 20%,0,8
986,21,M,Luxor,Facebook,Video,Fashion,0,0,40,2025-03-07 02:28:00,Desktop,Windows,Organic,1001,5000,Limited offer!,0,10
987,53,M,Luxor,Facebook,Video,Food & Beverage,0,0,18,2025-02-06 19:32:00,Tablet,Android,Paid,1098,5012,Limited offer!,0,4
988,50,F,Cairo,Facebook,Video,Gaming,1,0,25,2025-01-07 01:40:00,Tablet,Windows,Paid,1012,5085,Limited offer!,302,5
989,19,M,Aswan,Instagram,Display,Food & Beverage,0,0,34,2025-01-17 20:12:00,Mobile,Windows,Social,1060,5032,Buy now and save 20%,1046,3
990,34,F,Cairo,Facebook,Video,Food & Beverage,0,0,48,2025-02-21 18:06:00,Mobile,Android,Social,1085,5057,Check our new collection,1505,4
991,44,M,Luxor,Instagram,Video,Food & Beverage,0,0,25,2025-01-06 23:03:00,Desktop,Windows,Paid,1070,5074,Book your travel today,0,7
992,24,M,Cairo,Instagram,Video,Food & Beverage,0,0,4,2025-02-09 20:14:00,Desktop,Android,Paid,1007,5060,Top-rated gadgets on sale,0,7
993,41,M,Giza,Google Ads,Display,Travel,1,0,4,2025-01-25 20:09:00,Mobile,Windows,Organic,1010,5039,Order online fast delivery,0,9
994,18,M,Cairo,Instagram,Display,Food & Beverage,0,0,31,2025-01-12 18:14:00,Mobile,iOS,Paid,1053,5021,Check our new collection,1078,6
995,22,M,Luxor,Google Ads,Display,Gaming,1,0,48,2025-01-31 01:13:00,Mobile,Windows,Organic,1048,5040,Book your travel today,0,5
996,23,M,Cairo,Google Ads,Display,Travel,0,0,29,2025-02-06 07:50:00,Tablet,Android,Social,1082,5077,Book your travel today,0,8
997,18,M,Aswan,Google Ads,Display,Electronics,0,0,47,2025-03-01 00:49:00,Desktop,iOS,Organic,1028,5017,Book your travel today,0,10
998,20,F,Aswan,Facebook,Video,Fashion,0,0,2,2025-03-14 13:51:00,Desktop,Windows,Organic,1058,5054,Buy now and save 20%,0,5
999,53,M,Alexandria,Facebook,Display,Food & Beverage,0,0,3,2025-01-29 01:35:00,Mobile,Windows,Paid,1002,5084,Top-rated gadgets on sale,0,6
1000,26,M,Aswan,Instagram,Search,Fashion,1,0,13,2025-01-04 16:48:00,Tablet,Windows,Organic,1051,5037,Top-rated gadgets on sale,0,7
1001,32,M,Cairo,Facebook,Search,Gaming,0,0,35,2025-01-02 04:20:00,Mobile,iOS,Social,1061,5072,Book your travel today,0,5
1002,33,F,Luxor,Google Ads,Display,Fashion,0,0,41,2025-03-30 10:47:00,Desktop,Android,Organic,1068,5028,Limited offer!,0,8
1003,47,F,Giza,Google Ads,Display,Gaming,0,0,40,2025-02-21 12:15:00,Mobile,Android,Paid,1025,5014,Check our new collection,0,3
1004,31,F,Alexandria,Google Ads,Search,Travel,0,0,10,2025-01-05 03:48:00,Desktop,Android,Paid,1054,5006,Limited offer!,0,9
1005,24,M,Giza,Instagram,Display,Fashion,0,0,39,2025-03-20 17:26:00,Mobile,Android,Organic,1055,5098,Book your travel today,203,6
1006,47,M,Alexandria,Facebook,Display,Gaming,0,0,18,2025-02-24 07:28:00,Desktop,Windows,Organic,1087,5081,Limited offer!,0,4
1007,45,F,Alexandria,YouTube,Display,Food & Beverage,0,0,17,2025-01-29 07:45:00,Desktop,Windows,Social,1008,5021,Limited offer!,0,6
1008,37,F,Aswan,Instagram,Video,Gaming,0,0,26,2025-03-22 13:41:00,Mobile,Windows,Paid,1086,5021,Order online fast delivery,620,8
1009,30,F,Cairo,Facebook,Display,Travel,0,0,46,2025-03-23 20:55:00,Desktop,Android,Paid,1097,5026,Buy now and save 20%,0,5
1010,28,M,Cairo,Google Ads,Video,Travel,1,0,30,2025-01-02 09:50:00,Desktop,Android,Paid,1013,5017,Buy now and save 20%,903,5
1011,50,M,Cairo,Facebook,Video,Fashion,0,1,24,2025-02-12 16:01:00,Tablet,Android,Paid,1079,5055,Buy now and save 20%,0,4
1012,23,M,Cairo,Facebook,Video,Electronics,0,0,44,2025-02-05 16:36:00,Mobile,iOS,Paid,1099,5048,Check our new collection,0,5
1013,24,M,Alexandria,Facebook,Video,Food & Beverage,0,0,5,2025-02-03 00:19:00,Tablet,Android,Organic,1011,5033,Limited offer!,0,9
1014,41,M,Giza,YouTube,Search,Gaming,1,0,32,2025-03-19 00:45:00,Desktop,iOS,Paid,1003,5070,Buy now and save 20%,0,10
1015,45,F,Cairo,Facebook,Display,Fashion,0,0,34,2025-02-22 18:21:00,Desktop,Windows,Social,1046,5074,Check our new collection,0,6
1016,29,F,Cairo,Google Ads,Display,Fashion,0,0,13,2025-01-02 03:49:00,Tablet,iOS,Organic,1100,5093,Check our new collection,0,1
1017,44,M,Alexandria,YouTube,Display,Food & Beverage,0,0,20,2025-02-18 11:07:00,Tablet,iOS,Organic,1075,5086,Buy now and save 20%,0,7
1018,22,M,Cairo,Facebook,Display,Travel,1,0,14,2025-02-26 05:56:00,Desktop,Android,Social,1053,5021,Book your travel today,0,6
1019,43,F,Giza,Facebook,Search,Electronics,1,0,30,2025-01-15 00:30:00,Mobile,Android,Social,1010,5035,Check our new collection,0,9
1020,60,F,Cairo,YouTube,Video,Electronics,1,0,31,2025-02-22 08:42:00,Tablet,iOS,Organic,1032,5021,Limited offer!,0,9
1021,28,F,Cairo,Facebook,Display,Food & Beverage,0,0,19,2025-02-20 18:33:00,Desktop,Windows,Social,1056,5089,Order online fast delivery,0,10
1022,22,M,Luxor,Facebook,Display,Electronics,0,0,39,2025-03-21 00:55:00,Mobile,iOS,Paid,1030,5025,Book your travel today,0,9
1023,22,M,Cairo,Facebook,Display,Electronics,1,0,39,2025-01-20 00:55:00,Tablet,iOS,Social,1078,5063,Order online fast delivery,573,4
1024,37,M,Giza,YouTube,Display,Electronics,1,1,13,2025-01-13 03:45:00,Mobile,iOS,Paid,1084,5014,Book your travel today,0,1
1025,29,M,Cairo,Facebook,Search,Food & Beverage,0,0,29,2025-01-25 08:58:00,Mobile,Windows,Organic,1001,5058,Order online fast delivery,0,1
1026,50,M,Alexandria,Instagram,Display,Food & Beverage,1,0,14,2025-02-05 06:15:00,Mobile,Android,Organic,1052,5079,Buy now and save 20%,0,10
1027,36,F,Cairo,Facebook,Display,Fashion,0,1,48,2025-01-22 10:46:00,Mobile,iOS,Social,1074,5089,Limited offer!,0,10
1028,23,F,Cairo,YouTube,Display,Electronics,1,0,35,2025-01-07 13:55:00,Mobile,Android,Social,1028,5037,Book your travel today,0,2
1029,39,F,Cairo,Google Ads,Display,Fashion,1,0,16,2025-02-10 12:03:00,Desktop,Android,Organic,1089,5054,Order online fast delivery,0,1
1030,49,F,Cairo,Facebook,Display,Fashion,0,0,37,2025-01-02 14:24:00,Tablet,Android,Paid,1011,5059,Limited offer!,1895,2
1031,38,M,Cairo,Facebook,Display,Fashion,0,0,36,2025-02-14 07:51:00,Desktop,Android,Organic,1090,5057,Limited offer!,0,3
1032,35,F,Cairo,Instagram,Search,Food & Beverage,0,0,45,2025-01-05 19:33:00,Tablet,Android,Organic,1004,5052,Top-rated gadgets on sale,0,2
1033,27,F,Cairo,Facebook,Video,Travel,0,1,29,2025-02-05 19:55:00,Tablet,Android,Social,1064,5015,Book your travel today,0,5
1034,45,F,Mansoura,Google Ads,Display,Fashion,1,0,4,2025-01-01 04:54:00,Mobile,Android,Social,1049,5069,Limited offer!,1774,10
1035,29,F,Mansoura,Instagram,Video,Electronics,1,0,17,2025-02-05 12:59:00,Mobile,Windows,Paid,1078,5089,Buy now and save 20%,0,1
1036,60,M,Alexandria,Google Ads,Display,Travel,0,0,21,2025-01-25 22:56:00,Tablet,Android,Paid,1077,5052,Limited offer!,0,3
1037,27,F,Mansoura,Facebook,Display,Food & Beverage,0,1,27,2025-02-16 02:50:00,Tablet,Windows,Social,1053,5076,Book your travel today,0,4
1038,43,M,Cairo,Facebook,Video,Travel,0,0,13,2025-03-18 19:25:00,Tablet,Android,Organic,1044,5092,Check our new collection,1308,4
1039,28,M,Cairo,Google Ads,Display,Electronics,0,1,42,2025-03-08 20:40:00,Desktop,iOS,Social,1027,5028,Check our new collection,0,4
1040,37,F,Mansoura,Google Ads,Display,Electronics,0,0,23,2025-02-14 10:30:00,Mobile,Windows,Organic,1090,5078,Order online fast delivery,0,1
1041,48,F,Alexandria,YouTube,Display,Electronics,0,0,3,2025-02-28 13:31:00,Desktop,iOS,Paid,1064,5036,Check our new collection,0,9
1042,31,F,Alexandria,Instagram,Video,Gaming,1,0,43,2025-03-10 14:46:00,Desktop,Android,Organic,1032,5087,Buy now and save 20%,0,2
1043,39,M,Giza,Facebook,Display,Food & Beverage,0,0,17,2025-02-18 15:16:00,Tablet,iOS,Social,1002,5098,Check our new collection,0,8
1044,56,F,Luxor,Instagram,Display,Food & Beverage,0,0,34,2025-02-23 10:37:00,Tablet,iOS,Organic,1053,5036,Top-rated gadgets on sale,0,3
1045,36,F,Cairo,Facebook,Video,Fashion,1,0,4,2025-03-17 10:52:00,Tablet,iOS,Social,1086,5060,Top-rated gadgets on sale,0,1
1046,42,M,Mansoura,Instagram,Display,Electronics,0,0,45,2025-01-05 20:12:00,Mobile,Android,Paid,1082,5026,Buy now and save 20%,1303,4
1047,42,F,Cairo,Facebook,Display,Travel,0,0,6,2025-03-05 02:13:00,Mobile,Android,Social,1038,5098,Buy now and save 20%,0,5
1048,45,M,Luxor,Google Ads,Video,Food & Beverage,1,0,29,2025-03-25 09:24:00,Mobile,Windows,Paid,1087,5027,Top-rated gadgets on sale,0,9
1049,37,M,Cairo,Google Ads,Video,Fashion,0,0,12,2025-01-12 12:11:00,Tablet,Android,Social,1046,5035,Limited offer!,0,10
1050,24,F,Giza,Instagram,Search,Fashion,0,0,12,2025-02-05 15:12:00,Tablet,iOS,Organic,1062,5067,Check our new collection,1119,10
1051,43,M,Cairo,Facebook,Display,Fashion,0,0,28,2025-02-25 08:46:00,Desktop,Windows,Social,1036,5086,Limited offer!,0,6
1052,58,F,Mansoura,Google Ads,Display,Food & Beverage,0,0,12,2025-03-04 22:34:00,Tablet,Windows,Paid,1061,5047,Limited offer!,0,3
1053,31,F,Cairo,Facebook,Display,Food & Beverage,0,0,38,2025-01-26 21:35:00,Desktop,iOS,Paid,1095,5045,Top-rated gadgets on sale,0,4
1054,53,F,Giza,Facebook,Display,Fashion,1,0,25,2025-03-30 13:36:00,Mobile,Windows,Paid,1053,5033,Check our new collection,0,3
1055,28,M,Giza,YouTube,Display,Fashion,0,0,5,2025-01-16 01:06:00,Desktop,Android,Paid,1041,5062,Buy now and save 20%,0,2
1056,40,F,Aswan,Facebook,Search,Travel,1,1,47,2025-01-08 03:11:00,Tablet,iOS,Social,1025,5004,Book your travel today,0,2
1057,58,F,Aswan,Facebook,Display,Gaming,0,0,22,2025-02-04 10:17:00,Desktop,Windows,Organic,1033,5100,Buy now and save 20%,0,10
1058,34,M,Cairo,Instagram,Display,Fashion,1,0,8,2025-03-26 20:06:00,Tablet,Android,Organic,1015,5065,Order online fast delivery,0,8
1059,35,M,Cairo,Facebook,Video,Fashion,1,1,40,2025-03-05 19:05:00,Tablet,Android,Paid,1005,5051,Buy now and save 20%,0,7
1060,39,F,Giza,Facebook,Video,Gaming,0,0,32,2025-02-17 05:41:00,Desktop,Android,Social,1033,5072,Order online fast delivery,0,7
1061,48,M,Giza,Facebook,Video,Gaming,0,0,50,2025-01-09 21:03:00,Tablet,iOS,Social,1042,5085,Buy now and save 20%,0,1
1062,53,M,Giza,Facebook,Display,Electronics,0,0,44,2025-03-20 04:38:00,Mobile,Windows,Organic,1062,5065,Buy now and save 20%,0,1
1063,59,F,Alexandria,Google Ads,Video,Fashion,0,0,9,2025-03-16 09:19:00,Desktop,Android,Social,1064,5082,Buy now and save 20%,0,7
1064,47,M,Luxor,YouTube,Display,Food & Beverage,0,0,7,2025-01-24 02:30:00,Desktop,Android,Social,1066,5003,Check our new collection,0,10
1065,30,M,Giza,Google Ads,Display,Fashion,0,0,38,2025-01-19 03:23:00,Mobile,Android,Paid,1080,5036,Check our new collection,1097,6
1066,40,M,Luxor,Google Ads,Display,Electronics,1,0,19,2025-02-22 20:45:00,Tablet,Windows,Social,1022,5098,Order online fast delivery,0,2
1067,23,F,Aswan,Facebook,Display,Food & Beverage,0,0,30,2025-03-05 05:51:00,Desktop,Windows,Paid,1098,5080,Buy now and save 20%,0,5
1068,41,M,Cairo,YouTube,Display,Electronics,0,0,30,2025-01-01 02:41:00,Mobile,iOS,Paid,1025,5092,Limited offer!,0,3
1069,56,M,Giza,Facebook,Display,Fashion,0,0,49,2025-01-19 06:31:00,Mobile,Android,Social,1062,5031,Order online fast delivery,0,6
1070,36,M,Alexandria,YouTube,Video,Electronics,1,0,6,2025-02-03 07:08:00,Tablet,Windows,Organic,1081,5055,Top-rated gadgets on sale,0,2
1071,51,F,Cairo,Facebook,Display,Fashion,1,0,27,2025-01-26 03:44:00,Tablet,Android,Social,1084,5082,Buy now and save 20%,0,3
1072,54,F,Mansoura,Instagram,Display,Food & Beverage,0,1,43,2025-01-05 20:40:00,Mobile,Windows,Paid,1077,5082,Top-rated gadgets on sale,0,5
1073,43,M,Mansoura,Google Ads,Search,Food & Beverage,0,0,9,2025-01-02 07:12:00,Tablet,Windows,Social,1003,5009,Order online fast delivery,0,1
1074,18,M,Aswan,Facebook,Display,Travel,1,0,7,2025-02-03 12:48:00,Mobile,Android,Paid,1072,5045,Top-rated gadgets on sale,0,5
1075,27,F,Cairo,Instagram,Display,Food & Beverage,0,0,19,2025-01-21 19:16:00,Mobile,Windows,Social,1087,5099,Buy now and save 20%,0,8
1076,54,M,Luxor,Facebook,Video,Fashion,0,0,24,2025-03-29 20:17:00,Mobile,Android,Paid,1081,5073,Book your travel today,1094,4
1077,34,M,Alexandria,Facebook,Display,Food & Beverage,0,1,9,2025-02-21 19:32:00,Mobile,Windows,Paid,1040,5068,Order online fast delivery,0,1
1078,38,M,Cairo,Facebook,Search,Gaming,1,0,46,2025-03-29 07:48:00,Desktop,Android,Paid,1086,5082,Check our new collection,0,3
1079,34,F,Aswan,Facebook,Video,Food & Beverage,0,0,10,2025-02-22 06:27:00,Mobile,iOS,Paid,1054,5028,Order online fast delivery,0,1
1080,32,F,Alexandria,Google Ads,Display,Food & Beverage,0,0,18,2025-02-10 10:02:00,Tablet,Windows,Organic,1022,5035,Top-rated gadgets on sale,0,1
1081,37,F,Cairo,Google Ads,Display,Electronics,0,0,14,2025-01-09 06:47:00,Mobile,Windows,Paid,1011,5021,Order online fast delivery,465,6
1082,32,M,Aswan,Facebook,Video,Food & Beverage,1,0,12,2025-01-10 18:18:00,Tablet,Android,Paid,1004,5056,Order online fast delivery,0,9
1083,56,M,Giza,Instagram,Video,Fashion,0,0,49,2025-03-27 09:43:00,Tablet,Android,Paid,1056,5052,Limited offer!,0,1
1084,60,M,Cairo,Instagram,Display,Gaming,1,1,16,2025-03-31 15:23:00,Desktop,Android,Organic,1005,5007,Top-rated gadgets on sale,0,8
1085,54,M,Cairo,YouTube,Display,Electronics,1,0,44,2025-03-06 05:44:00,Tablet,Windows,Organic,1041,5096,Buy now and save 20%,459,5
1086,20,F,Cairo,Instagram,Video,Travel,0,0,3,2025-01-19 03:38:00,Mobile,iOS,Paid,1023,5079,Top-rated gadgets on sale,0,4
1087,25,M,Mansoura,Instagram,Display,Fashion,0,0,44,2025-01-07 12:16:00,Desktop,Android,Organic,1100,5090,Check our new collection,1119,2
1088,56,M,Cairo,Instagram,Search,Travel,0,0,29,2025-03-25 05:12:00,Tablet,iOS,Organic,1011,5041,Buy now and save 20%,0,1
1089,18,F,Alexandria,Facebook,Display,Food & Beverage,0,0,28,2025-01-17 08:26:00,Mobile,Android,Social,1024,5001,Check our new collection,0,10
1090,32,F,Giza,Instagram,Display,Food & Beverage,0,0,7,2025-03-06 16:49:00,Tablet,Android,Social,1081,5081,Limited offer!,1677,3
1091,26,M,Cairo,YouTube,Search,Fashion,0,0,39,2025-01-20 15:56:00,Tablet,Android,Social,1084,5013,Book your travel today,0,10
1092,42,F,Giza,Instagram,Display,Food & Beverage,0,0,13,2025-01-09 15:10:00,Mobile,Windows,Social,1071,5045,Buy now and save 20%,0,2
1093,41,M,Giza,Instagram,Display,Fashion,1,1,8,2025-02-18 04:08:00,Tablet,iOS,Paid,1012,5080,Buy now and save 20%,0,8
1094,27,M,Cairo,Facebook,Video,Travel,0,0,43,2025-01-17 10:04:00,Desktop,iOS,Paid,1022,5091,Top-rated gadgets on sale,0,1
1095,59,M,Cairo,Facebook,Video,Travel,1,0,33,2025-01-23 19:25:00,Tablet,Android,Organic,1000,5015,Check our new collection,0,8
1096,39,M,Giza,Facebook,Video,Electronics,1,0,33,2025-03-14 13:32:00,Desktop,Windows,Paid,1073,5074,Top-rated gadgets on sale,0,3
1097,43,F,Luxor,YouTube,Video,Food & Beverage,1,0,45,2025-02-06 18:47:00,Desktop,iOS,Organic,1009,5026,Book your travel today,0,4
1098,45,M,Cairo,Instagram,Video,Food & Beverage,0,0,36,2025-02-06 08:48:00,Desktop,iOS,Paid,1039,5066,Top-rated gadgets on sale,0,1
1099,49,F,Cairo,YouTube,Display,Fashion,0,0,19,2025-02-19 12:44:00,Desktop,Windows,Paid,1022,5012,Check our new collection,1111,3
1100,35,F,Giza,YouTube,Video,Food & Beverage,0,0,14,2025-03-12 22:08:00,Desktop,iOS,Paid,1035,5006,Check our new collection,0,10
1101,40,M,Luxor,Instagram,Display,Food & Beverage,0,0,2,2025-01-10 10:17:00,Mobile,iOS,Social,1018,5058,Book your travel today,0,8
1102,19,F,Mansoura,Instagram,Display,Fashion,0,0,5,2025-03-16 11:31:00,Mobile,Windows,Paid,1017,5068,Limited offer!,0,8
1103,55,F,Mansoura,Instagram,Video,Travel,0,0,5,2025-01-19 12:05:00,Mobile,Android,Paid,1023,5100,Top-rated gadgets on sale,1003,3
1104,18,M,Alexandria,YouTube,Video,Electronics,0,0,36,2025-02-22 03:46:00,Mobile,Android,Organic,1048,5084,Top-rated gadgets on sale,0,3
1105,37,M,Alexandria,Instagram,Video,Food & Beverage,1,0,42,2025-01-06 06:07:00,Desktop,Windows,Organic,1003,5033,Book your travel today,0,4
1106,51,F,Aswan,Instagram,Display,Travel,0,0,34,2025-03-31 13:45:00,Mobile,iOS,Organic,1011,5002,Check our new collection,0,8
1107,44,F,Cairo,Google Ads,Search,Travel,1,1,23,2025-02-17 14:31:00,Mobile,Android,Organic,1014,5047,Check our new collection,0,8
1108,24,F,Giza,Google Ads,Video,Electronics,1,0,23,2025-02-10 23:14:00,Mobile,iOS,Social,1051,5072,Top-rated gadgets on sale,0,10
1109,27,M,Luxor,Google Ads,Display,Food & Beverage,0,0,34,2025-02-09 05:21:00,Tablet,Windows,Social,1029,5060,Order online fast delivery,0,6
1110,46,F,Alexandria,Instagram,Display,Fashion,1,1,18,2025-02-04 21:08:00,Tablet,Android,Social,1093,5039,Order online fast delivery,0,3
1111,44,F,Cairo,Facebook,Display,Gaming,1,0,5,2025-02-03 15:47:00,Tablet,Windows,Organic,1057,5014,Limited offer!,0,7
1112,19,M,Alexandria,YouTube,Video,Food & Beverage,0,0,45,2025-02-20 08:25:00,Desktop,Windows,Paid,1062,5081,Check our new collection,775,1
1113,48,F,Alexandria,Instagram,Display,Food & Beverage,0,0,15,2025-03-23 01:05:00,Mobile,Windows,Social,1072,5029,Book your travel today,0,8
1114,36,F,Luxor,Facebook,Display,Fashion,1,0,16,2025-01-21 01:40:00,Desktop,Windows,Organic,1081,5054,Buy now and save 20%,0,7
1115,48,F,Cairo,Google Ads,Display,Travel,0,0,13,2025-01-30 06:02:00,Tablet,Android,Paid,1067,5091,Limited offer!,0,8
1116,36,M,Cairo,Facebook,Video,Fashion,0,1,21,2025-02-28 01:37:00,Desktop,Windows,Paid,1024,5058,Check our new collection,0,10
1117,19,M,Giza,Facebook,Video,Food & Beverage,0,0,49,2025-02-23 12:01:00,Desktop,iOS,Paid,1025,5049,Limited offer!,694,8
1118,48,M,Aswan,Facebook,Display,Food & Beverage,0,0,9,2025-02-20 00:52:00,Mobile,iOS,Social,1088,5032,Book your travel today,1053,3
1119,48,M,Luxor,Facebook,Display,Electronics,0,0,50,2025-01-14 00:00:00,Desktop,iOS,Organic,1069,5037,Buy now and save 20%,0,9
1120,59,F,Cairo,Facebook,Display,Fashion,0,0,3,2025-03-10 01:10:00,Desktop,Android,Social,1047,5068,Book your travel today,0,8
1121,34,M,Mansoura,Facebook,Display,Food & Beverage,0,0,4,2025-03-19 17:05:00,Tablet,iOS,Paid,1049,5047,Check our new collection,0,5
1122,30,M,Giza,Facebook,Display,Food & Beverage,1,0,49,2025-01-23 05:03:00,Mobile,Android,Social,1005,5100,Order online fast delivery,0,4
1123,38,M,Mansoura,Google Ads,Search,Electronics,1,0,43,2025-02-17 20:13:00,Desktop,iOS,Social,1010,5090,Top-rated gadgets on sale,0,6
1124,49,F,Mansoura,Google Ads,Display,Electronics,0,0,29,2025-03-09 13:14:00,Mobile,Windows,Organic,1082,5035,Buy now and save 20%,0,8
1125,23,M,Giza,Instagram,Video,Fashion,0,1,7,2025-03-23 20:37:00,Mobile,iOS,Social,1076,5095,Limited offer!,0,5
1126,24,M,Cairo,YouTube,Display,Gaming,0,0,28,2025-03-16 13:47:00,Tablet,Android,Social,1013,5085,Order online fast delivery,0,10
1127,53,M,Cairo,Facebook,Display,Food & Beverage,0,0,44,2025-01-03 23:10:00,Mobile,iOS,Social,1005,5017,Top-rated gadgets on sale,0,10
1128,55,F,Cairo,YouTube,Video,Food & Beverage,0,0,29,2025-03-09 03:13:00,Tablet,Windows,Social,1097,5049,Book your travel today,1017,4
1129,23,M,Alexandria,Instagram,Video,Electronics,0,0,45,2025-01-16 00:10:00,Tablet,Android,Social,1022,5098,Order online fast delivery,683,10
1130,40,M,Cairo,Facebook,Display,Food & Beverage,0,0,31,2025-02-23 16:12:00,Tablet,Android,Social,1093,5097,Limited offer!,0,3
1131,29,M,Aswan,YouTube,Display,Food & Beverage,0,0,8,2025-03-20 20:45:00,Mobile,iOS,Social,1068,5002,Top-rated gadgets on sale,0,7
1132,45,F,Giza,Google Ads,Display,Electronics,0,0,13,2025-02-21 18:05:00,Mobile,Android,Social,1029,5093,Book your travel today,0,3
1133,23,F,Luxor,Facebook,Search,Electronics,0,1,2,2025-02-18 08:29:00,Tablet,Windows,Social,1010,5014,Order online fast delivery,0,3
1134,41,F,Luxor,Facebook,Video,Electronics,0,1,44,2025-02-07 18:27:00,Mobile,Android,Social,1085,5028,Buy now and save 20%,0,2
1135,19,M,Cairo,Google Ads,Display,Food & Beverage,1,1,21,2025-03-20 03:49:00,Mobile,Windows,Organic,1020,5081,Buy now and save 20%,0,1
1136,22,F,Cairo,Instagram,Video,Fashion,0,0,21,2025-01-19 18:35:00,Desktop,iOS,Paid,1090,5025,Top-rated gadgets on sale,0,8
1137,47,F,Giza,Facebook,Display,Electronics,0,1,40,2025-01-18 06:17:00,Tablet,Android,Social,1072,5096,Top-rated gadgets on sale,0,5
1138,41,M,Cairo,Facebook,Display,Gaming,1,0,35,2025-01-21 04:03:00,Mobile,Windows,Organic,1034,5021,Order online fast delivery,0,1
1139,39,M,Giza,Instagram,Display,Travel,0,0,4,2025-02-20 04:07:00,Mobile,iOS,Social,1057,5066,Limited offer!,0,6
1140,21,F,Aswan,Facebook,Search,Gaming,1,0,35,2025-02-02 23:08:00,Desktop,Android,Paid,1087,5092,Top-rated gadgets on sale,0,5
1141,49,M,Cairo,Facebook,Video,Gaming,0,1,30,2025-01-25 16:48:00,Mobile,Windows,Paid,1011,5005,Top-rated gadgets on sale,0,8
1142,19,M,Cairo,Google Ads,Video,Fashion,0,0,10,2025-02-22 14:08:00,Mobile,Android,Paid,1056,5080,Book your travel today,0,3
1143,36,M,Cairo,Facebook,Display,Food & Beverage,1,0,21,2025-02-17 19:05:00,Mobile,Windows,Organic,1024,5036,Buy now and save 20%,0,4
1144,36,F,Cairo,Google Ads,Display,Electronics,0,1,44,2025-02-07 08:23:00,Mobile,iOS,Organic,1020,5062,Limited offer!,0,5
1145,32,M,Cairo,Instagram,Video,Fashion,0,0,44,2025-01-04 05:28:00,Desktop,Android,Paid,1004,5027,Book your travel today,0,9
1146,47,M,Alexandria,Facebook,Display,Gaming,1,0,5,2025-01-26 18:46:00,Mobile,iOS,Organic,1033,5087,Check our new collection,0,8
1147,46,M,Alexandria,Facebook,Video,Food & Beverage,1,0,19,2025-03-21 03:47:00,Tablet,iOS,Social,1094,5008,Order online fast delivery,1241,10
1148,46,M,Cairo,Facebook,Video,Food & Beverage,1,0,40,2025-03-25 01:12:00,Desktop,Android,Organic,1002,5032,Top-rated gadgets on sale,913,3
1149,18,M,Cairo,Facebook,Display,Gaming,0,0,4,2025-02-24 07:01:00,Desktop,Android,Paid,1028,5062,Buy now and save 20%,0,1
1150,40,F,Cairo,Facebook,Video,Electronics,0,0,3,2025-01-28 08:26:00,Mobile,Android,Paid,1043,5011,Buy now and save 20%,0,10
1151,25,F,Aswan,Instagram,Video,Electronics,0,0,16,2025-01-12 01:13:00,Mobile,Android,Paid,1072,5016,Check our new collection,0,6
1152,31,M,Cairo,Google Ads,Search,Fashion,0,0,30,2025-01-25 15:40:00,Tablet,Windows,Social,1047,5088,Order online fast delivery,0,2
1153,55,F,Giza,YouTube,Display,Food & Beverage,0,0,3,2025-02-24 09:41:00,Tablet,iOS,Organic,1044,5077,Book your travel today,0,8
1154,53,M,Giza,Instagram,Video,Electronics,0,0,21,2025-03-04 02:56:00,Tablet,Android,Organic,1090,5077,Check our new collection,0,7
1155,21,F,Cairo,Instagram,Video,Electronics,1,0,40,2025-01-23 02:20:00,Desktop,iOS,Social,1012,5052,Top-rated gadgets on sale,0,5
1156,52,M,Alexandria,Instagram,Display,Travel,1,0,8,2025-02-26 18:13:00,Tablet,Android,Organic,1095,5065,Check our new collection,1090,9
1157,27,F,Luxor,Facebook,Display,Food & Beverage,0,0,18,2025-01-30 00:39:00,Desktop,Windows,Organic,1091,5045,Buy now and save 20%,0,5
1158,50,M,Cairo,Facebook,Display,Food & Beverage,0,0,39,2025-03-29 21:07:00,Desktop,iOS,Paid,1033,5078,Book your travel today,0,7
1159,29,F,Aswan,Instagram,Video,Gaming,1,0,4,2025-02-03 16:07:00,Desktop,iOS,Social,1091,5020,Limited offer!,0,7
1160,60,F,Cairo,Google Ads,Display,Fashion,1,0,27,2025-03-01 02:03:00,Tablet,Windows,Paid,1051,5005,Book your travel today,1667,9
1161,60,M,Cairo,Instagram,Video,Fashion,0,0,7,2025-03-22 21:35:00,Desktop,Android,Social,1044,5094,Buy now and save 20%,0,4
1162,52,F,Mansoura,Facebook,Display,Gaming,1,0,38,2025-01-06 02:54:00,Tablet,iOS,Organic,1019,5042,Order online fast delivery,0,8
1163,18,M,Giza,Instagram,Display,Gaming,1,0,26,2025-02-13 13:44:00,Desktop,Android,Social,1032,5011,Book your travel today,0,7
1164,19,F,Cairo,Instagram,Search,Gaming,1,0,24,2025-03-01 15:59:00,Tablet,iOS,Paid,1042,5078,Check our new collection,0,1
1165,37,M,Alexandria,Google Ads,Video,Fashion,0,0,9,2025-01-21 04:49:00,Desktop,iOS,Organic,1002,5078,Order online fast delivery,0,9
1166,23,F,Giza,Facebook,Video,Fashion,0,0,4,2025-01-04 06:29:00,Desktop,Windows,Organic,1100,5029,Check our new collection,0,9
1167,26,M,Luxor,Facebook,Display,Food & Beverage,0,0,24,2025-02-25 05:34:00,Desktop,Android,Organic,1093,5065,Buy now and save 20%,0,1
1168,31,F,Cairo,Google Ads,Display,Food & Beverage,0,1,14,2025-02-17 07:47:00,Mobile,Android,Organic,1049,5043,Limited offer!,0,9
1169,49,M,Alexandria,Facebook,Video,Electronics,0,0,18,2025-03-08 18:00:00,Desktop,iOS,Organic,1023,5073,Order online fast delivery,1119,4
1170,60,M,Mansoura,Google Ads,Display,Electronics,0,0,46,2025-02-06 19:18:00,Desktop,Android,Paid,1096,5004,Buy now and save 20%,386,10
1171,46,M,Cairo,Google Ads,Display,Electronics,0,0,40,2025-02-07 07:47:00,Tablet,Windows,Organic,1018,5063,Top-rated gadgets on sale,441,1
1172,39,F,Luxor,Facebook,Video,Food & Beverage,1,0,29,2025-02-06 05:59:00,Desktop,Android,Social,1000,5075,Buy now and save 20%,0,2
1173,25,M,Alexandria,Google Ads,Display,Food & Beverage,0,0,35,2025-02-20 01:45:00,Tablet,iOS,Paid,1024,5032,Check our new collection,0,8
1174,39,M,Luxor,Instagram,Display,Food & Beverage,0,1,46,2025-03-10 15:48:00,Tablet,iOS,Social,1088,5071,Order online fast delivery,0,2
1175,43,M,Luxor,Google Ads,Video,Travel,0,0,23,2025-03-20 09:14:00,Desktop,iOS,Social,1029,5070,Check our new collection,0,9
1176,55,M,Alexandria,Facebook,Display,Food & Beverage,0,0,17,2025-01-02 05:43:00,Tablet,iOS,Social,1065,5084,Book your travel today,0,7
1177,25,M,Cairo,YouTube,Video,Food & Beverage,0,0,9,2025-01-21 07:39:00,Mobile,iOS,Organic,1002,5090,Buy now and save 20%,0,8
1178,60,M,Alexandria,Instagram,Search,Food & Beverage,0,0,12,2025-02-12 13:17:00,Mobile,Android,Social,1023,5056,Buy now and save 20%,0,10
1179,24,F,Alexandria,Google Ads,Video,Travel,1,0,16,2025-01-04 18:49:00,Tablet,Windows,Social,1094,5098,Book your travel today,1847,6
1180,59,F,Aswan,Instagram,Video,Electronics,0,0,45,2025-03-29 02:21:00,Tablet,Windows,Paid,1095,5019,Book your travel today,0,2
1181,33,F,Mansoura,Instagram,Display,Food & Beverage,0,0,31,2025-01-04 02:16:00,Mobile,iOS,Paid,1033,5073,Check our new collection,0,4
1182,49,M,Cairo,Instagram,Search,Gaming,1,0,42,2025-03-19 00:24:00,Mobile,Windows,Social,1003,5091,Limited offer!,0,3
1183,50,F,Aswan,YouTube,Display,Gaming,0,0,39,2025-03-27 09:40:00,Mobile,Windows,Organic,1031,5026,Book your travel today,0,7
1184,42,M,Mansoura,Facebook,Video,Fashion,0,0,27,2025-03-11 12:05:00,Tablet,Android,Organic,1071,5064,Buy now and save 20%,1930,3
1185,56,F,Mansoura,Instagram,Video,Travel,0,1,31,2025-01-16 02:13:00,Mobile,iOS,Social,1004,5080,Check our new collection,0,1
1186,36,M,Alexandria,Facebook,Display,Food & Beverage,1,0,21,2025-02-08 21:30:00,Tablet,Android,Social,1025,5090,Top-rated gadgets on sale,0,2
1187,21,F,Luxor,YouTube,Video,Travel,0,0,47,2025-01-15 15:20:00,Mobile,Android,Paid,1090,5019,Book your travel today,0,1
1188,56,M,Mansoura,Instagram,Video,Electronics,0,0,22,2025-01-16 01:07:00,Mobile,iOS,Paid,1064,5084,Top-rated gadgets on sale,0,2
1189,60,M,Cairo,Instagram,Video,Electronics,1,0,3,2025-01-07 07:28:00,Desktop,Windows,Organic,1092,5013,Book your travel today,65,1
1190,35,M,Alexandria,Google Ads,Video,Food & Beverage,0,1,22,2025-02-11 15:02:00,Tablet,Windows,Social,1007,5015,Buy now and save 20%,0,5
1191,45,M,Cairo,Facebook,Video,Fashion,0,0,12,2025-02-22 20:48:00,Mobile,Android,Organic,1010,5038,Check our new collection,0,1
1192,53,M,Cairo,YouTube,Video,Food & Beverage,1,0,3,2025-02-19 18:32:00,Desktop,Windows,Paid,1070,5098,Order online fast delivery,1328,6
1193,56,F,Mansoura,Google Ads,Display,Food & Beverage,0,1,27,2025-03-14 19:30:00,Tablet,Windows,Social,1086,5039,Top-rated gadgets on sale,1892,5
1194,40,M,Giza,YouTube,Display,Gaming,1,0,14,2025-02-09 14:25:00,Tablet,Windows,Social,1034,5055,Buy now and save 20%,0,8
1195,57,F,Mansoura,YouTube,Video,Travel,0,0,28,2025-01-28 11:19:00,Desktop,Windows,Social,1086,5036,Order online fast delivery,0,5
1196,36,M,Luxor,Google Ads,Video,Food & Beverage,1,0,11,2025-03-15 13:18:00,Desktop,Windows,Paid,1068,5030,Top-rated gadgets on sale,0,9
1197,52,M,Cairo,Instagram,Display,Electronics,0,0,3,2025-02-11 10:29:00,Desktop,Windows,Social,1089,5025,Order online fast delivery,0,2
1198,55,F,Cairo,Google Ads,Display,Travel,0,0,19,2025-02-28 23:47:00,Mobile,Android,Paid,1008,5080,Buy now and save 20%,1897,9
1199,44,M,Luxor,Facebook,Video,Food & Beverage,0,0,19,2025-01-10 00:36:00,Desktop,Windows,Social,1081,5038,Buy now and save 20%,0,9
1200,45,F,Cairo,Facebook,Video,Fashion,0,0,15,2025-03-05 13:44:00,Tablet,Android,Organic,1081,5038,Book your travel today,0,5
1201,33,M,Aswan,Facebook,Display,Food & Beverage,0,0,46,2025-02-26 21:38:00,Mobile,iOS,Social,1046,5015,Limited offer!,1479,10
1202,50,F,Alexandria,Instagram,Search,Food & Beverage,0,0,27,2025-01-07 11:23:00,Tablet,Android,Paid,1008,5036,Buy now and save 20%,0,2
1203,36,M,Giza,Facebook,Display,Fashion,0,0,37,2025-02-09 08:18:00,Tablet,Windows,Organic,1083,5028,Top-rated gadgets on sale,1703,8
1204,47,F,Cairo,Facebook,Search,Electronics,0,0,16,2025-03-04 21:52:00,Tablet,iOS,Organic,1084,5009,Book your travel today,0,2
1205,37,M,Cairo,Facebook,Display,Food & Beverage,1,0,27,2025-02-16 20:33:00,Mobile,iOS,Paid,1086,5098,Order online fast delivery,0,2
1206,42,F,Aswan,YouTube,Video,Electronics,0,0,27,2025-01-29 11:39:00,Desktop,Android,Social,1056,5023,Order online fast delivery,0,8
1207,58,M,Giza,Google Ads,Video,Gaming,0,1,20,2025-03-22 20:06:00,Tablet,iOS,Paid,1095,5009,Top-rated gadgets on sale,0,9
1208,27,M,Giza,Google Ads,Display,Electronics,0,0,22,2025-03-26 01:06:00,Tablet,iOS,Organic,1076,5092,Order online fast delivery,0,6
1209,47,M,Luxor,Facebook,Display,Food & Beverage,0,0,15,2025-01-20 05:15:00,Desktop,Windows,Organic,1044,5001,Book your travel today,0,5
1210,56,M,Cairo,Google Ads,Video,Electronics,0,0,27,2025-03-30 07:46:00,Desktop,iOS,Organic,1100,5063,Top-rated gadgets on sale,0,4
1211,33,M,Cairo,Facebook,Video,Food & Beverage,0,0,28,2025-02-09 15:54:00,Mobile,iOS,Organic,1022,5080,Check our new collection,0,2
1212,30,M,Luxor,Instagram,Display,Fashion,0,1,31,2025-01-20 09:48:00,Desktop,Android,Organic,1056,5070,Buy now and save 20%,0,4
1213,27,M,Alexandria,Facebook,Video,Travel,0,0,32,2025-02-03 17:20:00,Desktop,iOS,Paid,1088,5038,Check our new collection,0,6
1214,27,M,Giza,Facebook,Display,Electronics,0,0,41,2025-03-10 05:33:00,Mobile,Android,Organic,1058,5013,Buy now and save 20%,0,7
1215,56,F,Giza,Google Ads,Search,Electronics,0,0,8,2025-01-07 10:48:00,Desktop,Android,Social,1079,5035,Buy now and save 20%,0,10
1216,41,F,Luxor,Google Ads,Display,Food & Beverage,1,0,18,2025-01-19 07:27:00,Mobile,iOS,Paid,1038,5059,Book your travel today,0,1
1217,28,F,Giza,YouTube,Search,Electronics,1,0,23,2025-03-27 01:04:00,Desktop,Windows,Paid,1030,5074,Order online fast delivery,0,7
1218,40,M,Cairo,Instagram,Display,Fashion,1,0,9,2025-03-19 00:25:00,Desktop,iOS,Paid,1008,5100,Order online fast delivery,0,3
1219,27,F,Mansoura,Google Ads,Display,Electronics,1,0,37,2025-02-02 16:41:00,Desktop,iOS,Organic,1029,5012,Buy now and save 20%,0,9
1220,44,M,Cairo,Google Ads,Display,Food & Beverage,0,1,17,2025-02-25 21:58:00,Tablet,iOS,Organic,1005,5003,Buy now and save 20%,0,6
1221,25,F,Luxor,Facebook,Video,Food & Beverage,1,0,2,2025-03-16 18:10:00,Mobile,Windows,Paid,1066,5098,Order online fast delivery,0,8
1222,44,F,Mansoura,Facebook,Display,Electronics,1,0,25,2025-02-25 16:07:00,Mobile,Android,Organic,1091,5068,Order online fast delivery,0,1
1223,42,F,Mansoura,Instagram,Video,Food & Beverage,1,0,44,2025-02-16 23:13:00,Desktop,Windows,Organic,1065,5038,Check our new collection,460,6
1224,39,M,Luxor,Instagram,Display,Food & Beverage,0,0,25,2025-03-12 11:56:00,Tablet,Android,Social,1094,5088,Order online fast delivery,0,10
1225,53,F,Cairo,Instagram,Display,Food & Beverage,0,0,40,2025-02-28 22:44:00,Mobile,Android,Social,1008,5019,Book your travel today,0,9
1226,36,M,Alexandria,Google Ads,Display,Travel,0,0,46,2025-03-07 16:16:00,Tablet,Windows,Social,1050,5037,Limited offer!,0,4
1227,24,M,Cairo,YouTube,Search,Gaming,1,0,20,2025-03-18 03:37:00,Tablet,Android,Paid,1046,5000,Top-rated gadgets on sale,0,5
1228,38,F,Giza,Instagram,Display,Travel,0,0,42,2025-02-13 15:24:00,Tablet,Android,Organic,1080,5030,Check our new collection,0,5
1229,29,F,Alexandria,YouTube,Video,Travel,1,0,10,2025-01-16 01:41:00,Desktop,Windows,Paid,1079,5084,Check our new collection,0,1
1230,43,M,Cairo,Facebook,Display,Travel,0,0,49,2025-03-03 22:10:00,Desktop,Android,Organic,1024,5010,Order online fast delivery,0,6
1231,32,F,Giza,Facebook,Video,Electronics,1,0,47,2025-03-15 06:38:00,Desktop,iOS,Social,1065,5094,Limited offer!,636,4
1232,44,M,Mansoura,Instagram,Search,Electronics,0,1,3,2025-02-27 06:53:00,Mobile,Windows,Organic,1049,5002,Order online fast delivery,893,3
1233,18,M,Aswan,Facebook,Search,Gaming,0,0,4,2025-03-27 16:58:00,Mobile,Windows,Social,1040,5000,Buy now and save 20%,0,2
1234,37,F,Giza,Instagram,Display,Food & Beverage,0,0,40,2025-03-04 06:20:00,Mobile,iOS,Organic,1064,5071,Limited offer!,0,8
1235,19,F,Alexandria,Facebook,Search,Fashion,0,1,22,2025-02-23 17:13:00,Mobile,Windows,Paid,1100,5080,Limited offer!,0,5
1236,34,F,Luxor,Facebook,Display,Electronics,1,0,50,2025-02-21 00:57:00,Desktop,iOS,Organic,1008,5045,Order online fast delivery,0,6
1237,56,F,Mansoura,Facebook,Display,Food & Beverage,0,0,30,2025-03-04 18:49:00,Tablet,Windows,Paid,1090,5052,Order online fast delivery,1781,4
1238,55,F,Cairo,Facebook,Video,Electronics,1,0,31,2025-02-11 17:05:00,Tablet,Android,Social,1082,5077,Top-rated gadgets on sale,0,6
1239,54,F,Aswan,YouTube,Video,Electronics,1,0,31,2025-01-30 21:38:00,Mobile,Android,Social,1021,5020,Book your travel today,0,3
1240,46,M,Cairo,Facebook,Display,Gaming,0,0,30,2025-01-24 05:23:00,Desktop,Android,Organic,1040,5054,Book your travel today,826,8
1241,32,M,Alexandria,Facebook,Display,Travel,1,0,30,2025-02-05 05:06:00,Mobile,iOS,Organic,1071,5067,Book your travel today,0,10
1242,49,F,Alexandria,Instagram,Video,Travel,1,0,22,2025-01-07 23:34:00,Desktop,Android,Social,1031,5040,Top-rated gadgets on sale,0,6
1243,22,F,Cairo,Facebook,Display,Food & Beverage,1,0,21,2025-03-22 20:59:00,Mobile,iOS,Social,1019,5003,Buy now and save 20%,0,10
1244,29,M,Giza,Facebook,Video,Gaming,1,0,16,2025-01-29 18:19:00,Tablet,Android,Paid,1058,5047,Buy now and save 20%,0,9
1245,36,M,Aswan,YouTube,Video,Travel,1,1,17,2025-02-24 14:36:00,Desktop,Windows,Paid,1090,5079,Buy now and save 20%,0,7
1246,44,M,Giza,Facebook,Video,Fashion,0,0,46,2025-03-17 15:01:00,Tablet,Windows,Paid,1053,5022,Check our new collection,0,8
1247,46,F,Giza,Facebook,Display,Electronics,0,0,45,2025-02-16 23:31:00,Mobile,Android,Organic,1085,5062,Buy now and save 20%,0,4
1248,35,M,Cairo,Google Ads,Display,Fashion,0,1,7,2025-02-11 03:20:00,Mobile,iOS,Social,1073,5035,Book your travel today,0,2
1249,39,M,Alexandria,Facebook,Video,Food & Beverage,0,1,28,2025-02-02 16:30:00,Desktop,Windows,Social,1001,5041,Order online fast delivery,0,8
1250,24,F,Cairo,Instagram,Video,Food & Beverage,0,0,20,2025-01-26 03:14:00,Mobile,iOS,Social,1036,5051,Order online fast delivery,0,3
1251,54,M,Mansoura,Instagram,Video,Food & Beverage,0,0,3,2025-01-11 14:49:00,Mobile,Windows,Social,1097,5008,Top-rated gadgets on sale,0,5
1252,38,F,Cairo,YouTube,Video,Electronics,0,0,22,2025-02-15 21:57:00,Desktop,Windows,Paid,1054,5092,Buy now and save 20%,0,9
1253,31,F,Cairo,YouTube,Search,Fashion,0,0,25,2025-01-07 04:40:00,Desktop,Windows,Organic,1030,5064,Order online fast delivery,0,10
1254,39,M,Cairo,YouTube,Display,Food & Beverage,0,0,30,2025-03-22 18:33:00,Tablet,Android,Organic,1056,5050,Buy now and save 20%,1032,9
1255,55,M,Mansoura,Instagram,Display,Fashion,0,0,11,2025-03-16 18:01:00,Mobile,iOS,Organic,1011,5092,Book your travel today,0,3
1256,44,F,Giza,Facebook,Display,Electronics,1,0,9,2025-01-05 22:44:00,Mobile,Windows,Social,1000,5012,Order online fast delivery,0,10
1257,60,M,Alexandria,Instagram,Video,Gaming,1,0,43,2025-02-24 06:14:00,Desktop,iOS,Paid,1005,5061,Top-rated gadgets on sale,0,2
1258,20,F,Alexandria,Facebook,Display,Gaming,0,0,14,2025-02-19 10:18:00,Mobile,Android,Social,1016,5089,Limited offer!,1405,1
1259,42,F,Cairo,Instagram,Display,Gaming,1,0,18,2025-03-14 06:53:00,Desktop,iOS,Organic,1088,5064,Limited offer!,0,8
1260,45,M,Cairo,Instagram,Display,Fashion,1,1,47,2025-03-12 12:48:00,Desktop,Android,Organic,1073,5004,Check our new collection,0,8
1261,40,F,Cairo,Facebook,Display,Electronics,0,0,18,2025-02-08 05:39:00,Mobile,Android,Organic,1090,5025,Book your travel today,0,9
1262,30,F,Cairo,Instagram,Video,Electronics,1,0,28,2025-02-24 14:53:00,Desktop,Windows,Organic,1030,5012,Limited offer!,1918,9
1263,33,F,Giza,Facebook,Video,Food & Beverage,0,0,32,2025-02-17 21:19:00,Tablet,Windows,Social,1096,5082,Book your travel today,0,7
1264,54,M,Alexandria,YouTube,Display,Electronics,0,0,6,2025-03-23 10:33:00,Desktop,iOS,Social,1011,5079,Check our new collection,0,7
1265,35,M,Cairo,Instagram,Display,Food & Beverage,0,0,21,2025-02-22 13:24:00,Tablet,Android,Organic,1049,5092,Buy now and save 20%,1614,3
1266,21,F,Giza,Google Ads,Display,Fashion,0,0,28,2025-03-05 07:48:00,Mobile,Windows,Paid,1052,5053,Top-rated gadgets on sale,0,4
1267,33,M,Cairo,YouTube,Display,Food & Beverage,1,0,30,2025-02-23 20:52:00,Mobile,iOS,Social,1025,5037,Order online fast delivery,1073,7
1268,21,F,Mansoura,Google Ads,Search,Electronics,0,1,15,2025-02-10 02:27:00,Tablet,Windows,Paid,1087,5090,Buy now and save 20%,693,7
1269,24,F,Alexandria,Instagram,Display,Fashion,0,0,8,2025-03-18 05:28:00,Desktop,Windows,Social,1039,5037,Top-rated gadgets on sale,0,2
1270,26,F,Cairo,Instagram,Display,Food & Beverage,0,0,11,2025-03-23 00:06:00,Mobile,Android,Organic,1030,5042,Top-rated gadgets on sale,0,2
1271,50,M,Mansoura,Instagram,Video,Electronics,0,0,50,2025-03-17 15:02:00,Tablet,Android,Paid,1057,5010,Limited offer!,0,2
1272,49,M,Cairo,Google Ads,Display,Gaming,1,0,19,2025-02-27 19:47:00,Mobile,Windows,Organic,1048,5025,Buy now and save 20%,0,5
1273,53,F,Aswan,Instagram,Display,Fashion,0,0,19,2025-03-10 05:26:00,Tablet,iOS,Social,1088,5029,Top-rated gadgets on sale,0,4
1274,44,F,Cairo,YouTube,Search,Electronics,0,0,47,2025-01-21 17:46:00,Desktop,Windows,Paid,1023,5061,Check our new collection,0,4
1275,57,F,Giza,Facebook,Display,Electronics,0,0,18,2025-01-13 21:55:00,Desktop,Android,Organic,1048,5043,Order online fast delivery,0,8
1276,35,M,Luxor,Google Ads,Display,Fashion,1,1,4,2025-03-07 09:31:00,Desktop,iOS,Paid,1026,5020,Book your travel today,0,5
1277,53,M,Alexandria,Google Ads,Video,Fashion,0,0,4,2025-01-10 04:30:00,Mobile,Android,Social,1005,5053,Book your travel today,0,9
1278,51,F,Cairo,Google Ads,Display,Travel,0,0,7,2025-03-14 11:20:00,Mobile,Android,Paid,1093,5080,Limited offer!,0,3
1279,43,M,Aswan,Facebook,Video,Electronics,0,1,37,2025-01-21 22:54:00,Desktop,Windows,Organic,1086,5050,Top-rated gadgets on sale,0,7
1280,21,M,Cairo,Facebook,Display,Food & Beverage,0,0,9,2025-01-18 04:27:00,Mobile,Android,Social,1087,5078,Order online fast delivery,0,10
1281,44,M,Alexandria,Instagram,Video,Gaming,0,0,46,2025-01-10 12:01:00,Tablet,iOS,Social,1055,5094,Buy now and save 20%,1155,1
1282,52,F,Cairo,Facebook,Video,Electronics,0,0,21,2025-03-25 08:51:00,Desktop,iOS,Organic,1070,5032,Top-rated gadgets on sale,988,3
1283,57,F,Alexandria,Instagram,Video,Food & Beverage,0,0,50,2025-03-22 03:54:00,Desktop,Windows,Paid,1041,5030,Order online fast delivery,731,3
1284,30,F,Cairo,YouTube,Video,Food & Beverage,0,0,20,2025-02-28 17:58:00,Tablet,Android,Organic,1094,5016,Book your travel today,0,2
1285,47,M,Cairo,Facebook,Video,Fashion,1,0,38,2025-03-11 22:12:00,Desktop,Android,Paid,1014,5005,Top-rated gadgets on sale,0,1
1286,47,F,Alexandria,YouTube,Video,Gaming,1,0,40,2025-01-04 09:27:00,Tablet,Android,Paid,1035,5018,Order online fast delivery,0,6
1287,30,F,Alexandria,Facebook,Search,Travel,0,0,34,2025-03-03 08:05:00,Mobile,Android,Organic,1069,5090,Check our new collection,0,4
1288,52,F,Alexandria,Google Ads,Video,Fashion,0,0,8,2025-03-27 16:19:00,Mobile,Windows,Organic,1023,5087,Top-rated gadgets on sale,606,3
1289,59,F,Cairo,Instagram,Search,Food & Beverage,0,1,28,2025-02-23 01:06:00,Tablet,iOS,Organic,1054,5097,Limited offer!,0,3
1290,57,F,Luxor,Facebook,Video,Gaming,0,0,42,2025-02-15 08:09:00,Tablet,Windows,Organic,1084,5091,Check our new collection,0,9
1291,41,F,Cairo,YouTube,Display,Gaming,1,0,36,2025-03-07 23:23:00,Desktop,Windows,Paid,1078,5070,Buy now and save 20%,0,10
1292,44,F,Cairo,Facebook,Search,Fashion,0,0,15,2025-03-18 01:55:00,Mobile,iOS,Social,1054,5029,Limited offer!,0,9
1293,56,M,Mansoura,Facebook,Video,Electronics,0,1,46,2025-01-25 16:49:00,Mobile,Windows,Organic,1049,5023,Buy now and save 20%,0,4
1294,40,F,Cairo,YouTube,Display,Electronics,1,0,14,2025-02-11 13:34:00,Tablet,iOS,Social,1035,5020,Limited offer!,0,10
1295,31,F,Cairo,YouTube,Display,Food & Beverage,0,0,9,2025-03-24 00:56:00,Tablet,Android,Paid,1026,5089,Buy now and save 20%,0,7
1296,41,F,Luxor,Facebook,Search,Fashion,0,1,5,2025-02-16 03:25:00,Tablet,Windows,Social,1037,5094,Book your travel today,0,7
1297,46,F,Aswan,Facebook,Search,Fashion,0,0,9,2025-01-15 15:57:00,Mobile,iOS,Organic,1018,5094,Limited offer!,0,9
1298,57,F,Cairo,Facebook,Display,Food & Beverage,0,1,33,2025-01-20 00:51:00,Tablet,iOS,Social,1061,5007,Top-rated gadgets on sale,0,2
1299,40,M,Mansoura,Facebook,Video,Fashion,0,0,29,2025-02-10 16:48:00,Mobile,Android,Social,1019,5028,Book your travel today,0,2
1300,21,F,Cairo,Instagram,Display,Fashion,1,0,41,2025-02-05 12:12:00,Mobile,iOS,Social,1062,5059,Top-rated gadgets on sale,0,4
1301,60,M,Cairo,Facebook,Search,Electronics,0,0,4,2025-01-04 11:07:00,Mobile,Windows,Organic,1001,5047,Top-rated gadgets on sale,0,6
1302,50,M,Cairo,Instagram,Display,Gaming,0,1,49,2025-01-20 09:50:00,Tablet,iOS,Organic,1075,5044,Top-rated gadgets on sale,284,3
1303,33,F,Cairo,Facebook,Video,Food & Beverage,0,0,45,2025-03-04 13:14:00,Tablet,Android,Organic,1060,5058,Top-rated gadgets on sale,0,4
1304,55,F,Alexandria,Facebook,Display,Fashion,0,0,7,2025-03-19 21:04:00,Tablet,Android,Paid,1011,5004,Check our new collection,0,1
1305,59,F,Giza,Facebook,Display,Gaming,1,0,23,2025-02-17 20:49:00,Tablet,Windows,Organic,1036,5090,Limited offer!,0,3
1306,19,M,Cairo,Facebook,Video,Food & Beverage,0,0,31,2025-02-02 03:48:00,Mobile,Android,Paid,1045,5067,Book your travel today,0,2
1307,43,M,Aswan,Facebook,Display,Food & Beverage,1,1,39,2025-03-23 02:35:00,Desktop,Windows,Organic,1026,5025,Order online fast delivery,0,9
1308,25,M,Giza,Facebook,Video,Gaming,0,0,35,2025-01-04 01:17:00,Mobile,Windows,Social,1099,5035,Top-rated gadgets on sale,605,10
1309,44,M,Cairo,Facebook,Display,Electronics,0,0,17,2025-02-07 14:10:00,Desktop,Windows,Paid,1061,5011,Limited offer!,0,2
1310,21,F,Aswan,Facebook,Display,Electronics,1,1,8,2025-01-09 11:05:00,Tablet,Android,Social,1059,5086,Check our new collection,0,8
1311,26,M,Luxor,Google Ads,Display,Travel,1,0,6,2025-01-03 11:58:00,Mobile,Android,Paid,1028,5031,Top-rated gadgets on sale,0,6
1312,58,M,Giza,Facebook,Video,Fashion,0,0,23,2025-02-20 14:01:00,Desktop,iOS,Paid,1031,5015,Buy now and save 20%,1729,6
1313,24,M,Mansoura,Facebook,Search,Food & Beverage,0,0,7,2025-02-28 05:09:00,Desktop,iOS,Paid,1090,5063,Order online fast delivery,0,4
1314,22,F,Cairo,YouTube,Display,Food & Beverage,0,1,26,2025-03-14 03:05:00,Desktop,Android,Organic,1044,5074,Order online fast delivery,0,2
1315,60,F,Cairo,Instagram,Video,Gaming,1,0,13,2025-01-12 09:02:00,Mobile,Windows,Social,1092,5091,Limited offer!,0,3
1316,26,M,Cairo,Facebook,Search,Electronics,1,0,28,2025-03-04 21:16:00,Mobile,iOS,Paid,1072,5100,Check our new collection,0,2
1317,50,F,Cairo,Facebook,Display,Gaming,0,0,33,2025-01-31 01:01:00,Tablet,Android,Organic,1095,5000,Top-rated gadgets on sale,0,5
1318,25,F,Alexandria,YouTube,Display,Food & Beverage,0,0,12,2025-02-10 06:03:00,Tablet,Windows,Organic,1010,5079,Check our new collection,0,4
1319,53,F,Cairo,YouTube,Display,Gaming,1,0,41,2025-03-20 03:35:00,Tablet,iOS,Paid,1038,5018,Top-rated gadgets on sale,244,8
1320,27,M,Alexandria,YouTube,Video,Travel,0,0,15,2025-02-10 09:15:00,Tablet,Windows,Paid,1005,5011,Buy now and save 20%,0,3
1321,52,F,Giza,Google Ads,Video,Travel,0,0,21,2025-01-05 07:55:00,Mobile,iOS,Organic,1084,5020,Top-rated gadgets on sale,0,3
1322,20,F,Aswan,YouTube,Display,Food & Beverage,0,0,36,2025-03-17 08:54:00,Tablet,Windows,Paid,1031,5069,Order online fast delivery,0,3
1323,43,F,Giza,YouTube,Display,Electronics,0,0,41,2025-01-19 20:50:00,Tablet,Windows,Social,1100,5007,Limited offer!,0,1
1324,58,F,Alexandria,YouTube,Display,Food & Beverage,0,0,23,2025-02-17 09:31:00,Tablet,iOS,Paid,1089,5037,Limited offer!,0,6
1325,30,F,Alexandria,Google Ads,Display,Fashion,0,1,29,2025-02-14 08:27:00,Mobile,Windows,Paid,1088,5083,Check our new collection,0,10
1326,32,F,Alexandria,Instagram,Search,Travel,0,0,33,2025-02-02 09:51:00,Mobile,iOS,Paid,1096,5018,Book your travel today,1987,2
1327,20,M,Alexandria,Google Ads,Video,Fashion,0,0,25,2025-03-14 03:33:00,Mobile,Windows,Social,1059,5082,Limited offer!,0,8
1328,54,M,Aswan,Facebook,Video,Travel,0,0,16,2025-01-14 14:58:00,Desktop,Android,Organic,1063,5041,Limited offer!,0,3
1329,35,F,Giza,Facebook,Search,Fashion,0,0,46,2025-01-11 10:16:00,Tablet,iOS,Social,1052,5053,Check our new collection,0,1
1330,35,M,Cairo,Instagram,Video,Electronics,0,1,25,2025-02-07 11:13:00,Desktop,Android,Paid,1046,5054,Buy now and save 20%,0,1
1331,55,F,Giza,Instagram,Display,Food & Beverage,1,0,28,2025-02-04 03:30:00,Mobile,Windows,Paid,1068,5050,Order online fast delivery,0,1
1332,51,F,Luxor,Facebook,Display,Fashion,0,0,33,2025-03-25 10:34:00,Desktop,Android,Social,1038,5092,Top-rated gadgets on sale,0,3
1333,60,M,Alexandria,Instagram,Video,Electronics,1,1,28,2025-03-27 23:17:00,Mobile,Android,Paid,1098,5094,Limited offer!,0,8
1334,28,F,Giza,YouTube,Display,Electronics,0,0,16,2025-01-20 05:49:00,Tablet,iOS,Social,1040,5096,Book your travel today,0,10
1335,50,M,Aswan,YouTube,Display,Travel,0,0,47,2025-02-10 12:18:00,Desktop,Windows,Social,1051,5009,Book your travel today,0,10
1336,52,F,Cairo,YouTube,Video,Travel,0,1,12,2025-01-31 09:15:00,Mobile,Android,Social,1057,5099,Top-rated gadgets on sale,0,9
1337,53,M,Giza,Facebook,Video,Fashion,0,0,46,2025-03-26 06:33:00,Tablet,Android,Organic,1077,5019,Book your travel today,0,5
1338,22,M,Cairo,Instagram,Search,Food & Beverage,1,0,32,2025-01-07 02:26:00,Mobile,iOS,Social,1020,5021,Order online fast delivery,0,1
1339,21,F,Luxor,Facebook,Video,Food & Beverage,0,1,10,2025-01-18 01:37:00,Mobile,iOS,Paid,1036,5072,Book your travel today,0,2
1340,28,M,Alexandria,Facebook,Display,Fashion,0,0,18,2025-02-13 03:20:00,Mobile,Android,Paid,1020,5005,Limited offer!,1280,4
1341,27,F,Cairo,Google Ads,Search,Food & Beverage,1,0,20,2025-03-06 18:44:00,Tablet,iOS,Organic,1033,5084,Buy now and save 20%,850,7
1342,40,F,Luxor,YouTube,Display,Fashion,1,0,4,2025-02-11 10:39:00,Desktop,iOS,Social,1049,5085,Buy now and save 20%,0,10
1343,23,M,Mansoura,Google Ads,Video,Gaming,0,0,7,2025-01-09 20:54:00,Desktop,Windows,Paid,1005,5027,Order online fast delivery,0,8
1344,36,M,Aswan,Instagram,Display,Food & Beverage,1,0,36,2025-02-05 13:33:00,Mobile,Android,Paid,1073,5061,Book your travel today,0,8
1345,60,M,Giza,Facebook,Search,Electronics,1,0,21,2025-01-30 10:44:00,Mobile,iOS,Social,1016,5014,Buy now and save 20%,0,8
1346,47,M,Cairo,Instagram,Video,Fashion,0,1,44,2025-02-25 14:34:00,Desktop,iOS,Organic,1005,5028,Order online fast delivery,1821,3
1347,46,M,Alexandria,Facebook,Search,Gaming,1,0,46,2025-01-11 22:55:00,Mobile,Windows,Organic,1049,5095,Order online fast delivery,0,8
1348,58,F,Aswan,Google Ads,Display,Food & Beverage,1,0,11,2025-03-12 00:30:00,Desktop,Windows,Paid,1030,5056,Limited offer!,955,3
1349,44,F,Luxor,Instagram,Video,Travel,0,0,19,2025-02-28 22:02:00,Mobile,iOS,Social,1080,5057,Buy now and save 20%,0,6
1350,53,M,Aswan,YouTube,Video,Food & Beverage,0,0,18,2025-01-19 02:32:00,Tablet,Windows,Social,1009,5001,Order online fast delivery,0,6
1351,32,F,Cairo,Facebook,Display,Food & Beverage,0,0,32,2025-02-17 07:49:00,Tablet,Windows,Social,1082,5007,Order online fast delivery,0,6
1352,26,F,Cairo,Google Ads,Video,Food & Beverage,0,0,19,2025-02-26 20:55:00,Desktop,iOS,Paid,1078,5086,Limited offer!,0,5
1353,58,M,Aswan,Instagram,Display,Food & Beverage,0,0,30,2025-03-10 14:04:00,Tablet,Android,Social,1042,5001,Order online fast delivery,0,1
1354,40,F,Luxor,Instagram,Display,Fashion,0,0,7,2025-02-13 01:56:00,Mobile,iOS,Organic,1075,5073,Order online fast delivery,0,10
1355,47,F,Cairo,Instagram,Display,Travel,1,0,23,2025-02-11 03:22:00,Tablet,Android,Organic,1027,5083,Top-rated gadgets on sale,0,9
1356,31,F,Cairo,Facebook,Display,Food & Beverage,1,0,44,2025-03-06 01:55:00,Desktop,iOS,Social,1080,5077,Check our new collection,0,7
1357,26,M,Giza,Instagram,Video,Gaming,1,0,29,2025-02-05 20:47:00,Tablet,Windows,Paid,1065,5053,Limited offer!,0,8
1358,41,F,Alexandria,YouTube,Video,Fashion,0,0,22,2025-01-29 14:22:00,Mobile,iOS,Social,1030,5085,Top-rated gadgets on sale,0,2
1359,34,M,Cairo,Google Ads,Display,Travel,0,0,45,2025-01-08 00:14:00,Mobile,Android,Paid,1071,5082,Top-rated gadgets on sale,0,8
1360,31,F,Aswan,Google Ads,Display,Fashion,1,0,26,2025-01-16 10:16:00,Tablet,Windows,Paid,1075,5009,Book your travel today,0,5
1361,45,M,Giza,YouTube,Display,Fashion,0,0,39,2025-01-14 07:06:00,Mobile,Windows,Organic,1092,5096,Buy now and save 20%,703,3
1362,20,F,Cairo,Google Ads,Display,Fashion,0,1,14,2025-02-13 16:18:00,Tablet,Windows,Social,1086,5024,Check our new collection,0,8
1363,37,M,Aswan,Facebook,Display,Gaming,0,0,41,2025-02-13 02:50:00,Mobile,Windows,Organic,1079,5016,Limited offer!,0,9
1364,21,M,Cairo,Google Ads,Search,Food & Beverage,0,0,23,2025-01-11 12:17:00,Tablet,Android,Social,1094,5064,Order online fast delivery,0,10
1365,33,M,Cairo,Instagram,Search,Travel,0,1,9,2025-02-20 12:35:00,Desktop,iOS,Social,1057,5072,Order online fast delivery,0,4
1366,38,M,Luxor,Google Ads,Display,Food & Beverage,0,0,14,2025-03-03 23:41:00,Mobile,Android,Organic,1010,5091,Order online fast delivery,0,1
1367,30,M,Cairo,Instagram,Video,Food & Beverage,0,0,39,2025-01-28 15:27:00,Desktop,Windows,Paid,1039,5082,Top-rated gadgets on sale,692,10
1368,43,F,Cairo,Facebook,Search,Food & Beverage,0,0,41,2025-02-08 09:34:00,Mobile,Android,Social,1019,5016,Buy now and save 20%,0,4
1369,48,M,Cairo,Facebook,Display,Gaming,1,0,50,2025-03-08 17:33:00,Desktop,iOS,Organic,1033,5069,Order online fast delivery,1262,9
1370,20,F,Giza,Instagram,Display,Travel,0,0,36,2025-02-07 04:35:00,Mobile,iOS,Paid,1016,5069,Check our new collection,0,1
1371,51,M,Cairo,Google Ads,Search,Electronics,1,0,35,2025-01-31 03:18:00,Tablet,Android,Social,1052,5021,Book your travel today,608,3
1372,21,F,Giza,Facebook,Search,Food & Beverage,0,1,23,2025-02-21 07:38:00,Desktop,Windows,Organic,1053,5088,Limited offer!,854,9
1373,59,M,Luxor,Instagram,Display,Food & Beverage,1,1,40,2025-02-05 20:11:00,Tablet,iOS,Social,1029,5058,Buy now and save 20%,0,9
1374,49,M,Cairo,Instagram,Video,Electronics,1,0,44,2025-03-30 12:49:00,Mobile,Windows,Social,1013,5027,Book your travel today,0,2
1375,37,M,Giza,Facebook,Search,Travel,0,0,2,2025-03-06 07:14:00,Desktop,iOS,Paid,1040,5066,Order online fast delivery,0,5
1376,30,F,Luxor,Facebook,Display,Travel,1,0,50,2025-03-09 20:47:00,Tablet,iOS,Social,1025,5094,Check our new collection,0,10
1377,39,M,Alexandria,Instagram,Display,Food & Beverage,1,0,41,2025-01-13 18:56:00,Tablet,Windows,Organic,1045,5046,Order online fast delivery,0,2
1378,22,M,Luxor,Instagram,Display,Electronics,0,0,23,2025-03-18 05:57:00,Mobile,Windows,Organic,1077,5069,Top-rated gadgets on sale,0,9
1379,22,F,Giza,Instagram,Video,Travel,0,0,37,2025-01-22 14:06:00,Tablet,Windows,Organic,1005,5006,Check our new collection,0,1
1380,52,M,Cairo,Facebook,Display,Gaming,0,0,20,2025-03-15 00:16:00,Mobile,Android,Organic,1013,5027,Check our new collection,0,2
1381,44,F,Cairo,Google Ads,Video,Fashion,1,0,24,2025-02-03 01:52:00,Desktop,Windows,Organic,1025,5019,Book your travel today,0,3
1382,43,F,Alexandria,Google Ads,Display,Electronics,0,0,2,2025-03-08 05:50:00,Tablet,Android,Paid,1049,5060,Order online fast delivery,0,2
1383,20,F,Aswan,Instagram,Video,Food & Beverage,0,0,15,2025-01-12 19:32:00,Desktop,Windows,Organic,1042,5039,Limited offer!,0,10
1384,23,F,Alexandria,Google Ads,Search,Food & Beverage,0,0,2,2025-01-29 19:43:00,Desktop,Android,Paid,1071,5043,Limited offer!,0,2
1385,42,F,Cairo,Instagram,Search,Fashion,0,0,14,2025-02-27 07:10:00,Tablet,Windows,Social,1098,5002,Order online fast delivery,1910,6
1386,36,F,Alexandria,Instagram,Video,Electronics,0,1,44,2025-02-21 02:26:00,Desktop,iOS,Organic,1048,5083,Top-rated gadgets on sale,1080,5
1387,27,F,Mansoura,Facebook,Video,Electronics,1,0,31,2025-03-13 05:18:00,Mobile,Windows,Social,1019,5037,Order online fast delivery,0,9
1388,24,F,Cairo,YouTube,Display,Travel,1,0,42,2025-02-02 01:26:00,Desktop,iOS,Organic,1024,5045,Book your travel today,0,3
1389,34,M,Alexandria,Instagram,Video,Electronics,0,0,47,2025-02-05 14:51:00,Desktop,iOS,Organic,1079,5039,Order online fast delivery,0,2
1390,43,M,Alexandria,Facebook,Display,Electronics,1,0,46,2025-03-20 00:38:00,Tablet,Android,Paid,1048,5094,Check our new collection,0,8
1391,51,F,Alexandria,Facebook,Video,Food & Beverage,0,0,31,2025-01-15 18:46:00,Mobile,Android,Social,1048,5022,Buy now and save 20%,0,8
1392,49,F,Cairo,Facebook,Video,Gaming,1,0,24,2025-02-10 22:35:00,Mobile,Android,Organic,1010,5014,Limited offer!,0,4
1393,29,F,Alexandria,Google Ads,Display,Fashion,0,0,7,2025-01-09 20:12:00,Tablet,Android,Paid,1042,5037,Limited offer!,0,1
1394,48,M,Mansoura,Google Ads,Video,Travel,0,1,37,2025-02-19 21:50:00,Tablet,iOS,Paid,1046,5100,Limited offer!,0,6
1395,30,M,Cairo,Google Ads,Display,Electronics,0,0,22,2025-02-20 17:05:00,Tablet,Android,Organic,1050,5008,Order online fast delivery,0,9
1396,30,F,Alexandria,Facebook,Video,Fashion,0,0,8,2025-02-13 15:37:00,Desktop,Windows,Organic,1066,5093,Order online fast delivery,0,3
1397,26,F,Alexandria,Facebook,Display,Travel,0,0,38,2025-01-03 15:47:00,Tablet,Android,Paid,1067,5058,Limited offer!,0,3
1398,19,M,Giza,Google Ads,Video,Fashion,1,0,25,2025-01-12 21:29:00,Desktop,Android,Organic,1051,5081,Order online fast delivery,0,5
1399,20,F,Alexandria,Instagram,Display,Electronics,1,0,33,2025-02-13 20:41:00,Desktop,Windows,Organic,1015,5049,Book your travel today,0,2
1400,55,F,Alexandria,Facebook,Display,Fashion,0,1,17,2025-01-07 19:05:00,Tablet,iOS,Organic,1081,5016,Check our new collection,0,6
1401,19,F,Cairo,Google Ads,Display,Food & Beverage,0,0,5,2025-03-21 08:36:00,Tablet,Windows,Organic,1077,5050,Top-rated gadgets on sale,961,8
1402,50,F,Luxor,Facebook,Video,Food & Beverage,0,0,26,2025-01-22 19:17:00,Mobile,iOS,Organic,1060,5099,Order online fast delivery,0,7
1403,36,F,Mansoura,Facebook,Display,Fashion,0,0,35,2025-01-28 12:47:00,Mobile,Android,Social,1049,5070,Order online fast delivery,0,5
1404,30,F,Alexandria,Instagram,Video,Fashion,0,0,36,2025-02-27 06:41:00,Mobile,Windows,Paid,1051,5060,Order online fast delivery,0,3
1405,38,F,Cairo,YouTube,Display,Travel,0,0,38,2025-03-17 04:53:00,Desktop,Windows,Paid,1076,5027,Order online fast delivery,0,9
1406,48,M,Cairo,YouTube,Display,Fashion,0,1,49,2025-02-22 09:04:00,Mobile,iOS,Paid,1095,5046,Book your travel today,0,1
1407,47,F,Luxor,Instagram,Search,Travel,0,0,27,2025-01-09 19:25:00,Mobile,Android,Paid,1048,5026,Buy now and save 20%,0,6
1408,58,M,Cairo,Facebook,Display,Electronics,0,1,28,2025-01-21 11:57:00,Tablet,Windows,Paid,1072,5023,Buy now and save 20%,0,4
1409,57,M,Giza,YouTube,Display,Gaming,1,0,5,2025-03-24 07:15:00,Mobile,Android,Social,1072,5001,Top-rated gadgets on sale,0,3
1410,47,F,Cairo,Google Ads,Display,Fashion,0,0,33,2025-02-25 23:25:00,Desktop,Android,Paid,1092,5065,Buy now and save 20%,828,10
1411,31,M,Aswan,Google Ads,Display,Food & Beverage,0,0,5,2025-02-26 15:31:00,Tablet,Android,Social,1018,5034,Top-rated gadgets on sale,0,8
1412,41,F,Luxor,Facebook,Search,Fashion,1,0,38,2025-03-10 11:16:00,Mobile,Windows,Organic,1020,5060,Book your travel today,0,9
1413,29,M,Mansoura,Facebook,Search,Food & Beverage,0,0,42,2025-03-03 00:16:00,Desktop,Android,Paid,1074,5035,Top-rated gadgets on sale,0,5
1414,25,M,Aswan,YouTube,Video,Fashion,0,0,19,2025-03-12 20:14:00,Tablet,Android,Paid,1081,5082,Order online fast delivery,1067,4
1415,33,F,Alexandria,YouTube,Search,Fashion,0,1,6,2025-02-24 19:18:00,Tablet,Android,Social,1008,5089,Order online fast delivery,0,7
1416,42,F,Cairo,Instagram,Video,Gaming,0,1,2,2025-03-27 23:23:00,Mobile,iOS,Organic,1025,5028,Check our new collection,0,9
1417,34,M,Cairo,Instagram,Video,Gaming,1,0,20,2025-03-17 08:02:00,Desktop,Windows,Social,1019,5034,Buy now and save 20%,0,6
1418,59,M,Giza,Google Ads,Display,Travel,0,0,26,2025-03-17 15:42:00,Mobile,iOS,Paid,1052,5007,Order online fast delivery,0,3
1419,51,M,Luxor,Instagram,Video,Gaming,1,1,6,2025-02-23 18:05:00,Mobile,iOS,Social,1013,5087,Order online fast delivery,560,10
1420,28,M,Giza,Google Ads,Display,Electronics,0,0,46,2025-01-14 13:11:00,Desktop,Windows,Social,1064,5057,Top-rated gadgets on sale,0,8
1421,42,M,Giza,Facebook,Display,Gaming,0,0,17,2025-02-23 00:54:00,Mobile,Windows,Social,1078,5081,Top-rated gadgets on sale,0,7
1422,39,M,Aswan,Google Ads,Display,Fashion,0,0,4,2025-03-13 16:52:00,Tablet,iOS,Paid,1012,5048,Book your travel today,0,10
1423,30,F,Aswan,Facebook,Search,Food & Beverage,1,0,44,2025-03-02 04:25:00,Desktop,iOS,Organic,1019,5050,Book your travel today,1753,6
1424,37,F,Cairo,Facebook,Display,Travel,1,0,15,2025-03-30 21:19:00,Mobile,Android,Social,1047,5012,Limited offer!,0,2
1425,60,M,Aswan,Google Ads,Video,Fashion,0,1,33,2025-01-03 13:04:00,Mobile,Windows,Paid,1042,5029,Check our new collection,0,1
1426,39,F,Cairo,Google Ads,Search,Electronics,0,0,5,2025-03-24 15:11:00,Tablet,Android,Social,1024,5097,Check our new collection,0,6
1427,55,F,Aswan,Facebook,Display,Fashion,0,0,3,2025-01-22 19:42:00,Mobile,Android,Organic,1018,5014,Limited offer!,0,9
1428,19,M,Cairo,Facebook,Display,Food & Beverage,0,1,43,2025-01-31 05:59:00,Tablet,Android,Social,1043,5036,Top-rated gadgets on sale,0,2
1429,25,F,Mansoura,Facebook,Search,Food & Beverage,0,0,11,2025-02-06 01:23:00,Tablet,Android,Paid,1025,5025,Buy now and save 20%,0,10
1430,57,M,Luxor,Facebook,Search,Electronics,1,1,20,2025-03-14 20:04:00,Mobile,Android,Organic,1045,5097,Buy now and save 20%,0,3
1431,45,F,Luxor,Facebook,Display,Gaming,1,0,28,2025-01-17 10:36:00,Tablet,iOS,Social,1052,5085,Check our new collection,0,2
1432,59,M,Cairo,Instagram,Display,Fashion,0,0,25,2025-01-20 08:27:00,Desktop,Android,Paid,1001,5071,Order online fast delivery,0,7
1433,40,F,Cairo,Facebook,Search,Travel,0,0,12,2025-01-24 16:39:00,Tablet,Android,Social,1035,5067,Book your travel today,0,4
1434,51,F,Cairo,YouTube,Display,Food & Beverage,0,0,42,2025-03-27 09:06:00,Tablet,Windows,Organic,1003,5100,Check our new collection,0,7
1435,50,M,Giza,Instagram,Video,Fashion,0,0,12,2025-03-16 14:50:00,Desktop,Android,Paid,1098,5019,Order online fast delivery,0,4
1436,23,F,Alexandria,Facebook,Video,Fashion,0,0,28,2025-01-17 15:45:00,Desktop,iOS,Organic,1029,5027,Check our new collection,0,5
1437,40,M,Giza,YouTube,Display,Food & Beverage,0,0,46,2025-01-16 15:18:00,Desktop,Windows,Paid,1088,5068,Book your travel today,1435,7
1438,46,M,Giza,Google Ads,Display,Gaming,1,0,27,2025-01-31 03:38:00,Tablet,Android,Paid,1086,5002,Check our new collection,0,3
1439,28,F,Cairo,Google Ads,Video,Fashion,0,0,21,2025-03-11 10:25:00,Mobile,iOS,Paid,1005,5054,Order online fast delivery,427,2
1440,42,F,Alexandria,Google Ads,Search,Travel,0,0,45,2025-03-28 05:27:00,Desktop,Windows,Paid,1029,5080,Limited offer!,0,8
1441,21,M,Cairo,Instagram,Display,Food & Beverage,0,0,22,2025-01-24 06:58:00,Tablet,Android,Organic,1051,5082,Limited offer!,0,7
1442,51,M,Cairo,Google Ads,Display,Food & Beverage,1,0,25,2025-01-11 23:35:00,Mobile,Windows,Social,1064,5067,Book your travel today,0,7
1443,24,F,Cairo,Instagram,Video,Food & Beverage,0,0,14,2025-02-18 21:57:00,Desktop,Windows,Organic,1084,5019,Top-rated gadgets on sale,0,9
1444,29,M,Giza,YouTube,Display,Food & Beverage,0,0,37,2025-01-18 21:45:00,Tablet,Windows,Paid,1045,5097,Top-rated gadgets on sale,0,2
1445,21,M,Cairo,Instagram,Display,Food & Beverage,1,0,28,2025-02-03 08:28:00,Mobile,iOS,Paid,1038,5026,Limited offer!,0,8
1446,42,M,Cairo,Facebook,Search,Gaming,0,0,5,2025-01-21 16:15:00,Tablet,Windows,Social,1024,5017,Buy now and save 20%,0,9
1447,23,M,Alexandria,Google Ads,Video,Gaming,0,0,34,2025-03-29 14:15:00,Tablet,iOS,Organic,1023,5022,Limited offer!,1766,8
1448,23,F,Cairo,Facebook,Search,Travel,1,0,33,2025-02-22 10:29:00,Desktop,Windows,Paid,1090,5018,Top-rated gadgets on sale,0,3
1449,44,F,Giza,YouTube,Search,Food & Beverage,0,0,49,2025-03-15 02:39:00,Tablet,iOS,Social,1028,5014,Book your travel today,1913,10
1450,28,M,Cairo,Google Ads,Display,Food & Beverage,1,0,2,2025-01-27 04:11:00,Mobile,iOS,Paid,1023,5074,Buy now and save 20%,0,10
1451,59,F,Alexandria,Facebook,Search,Gaming,1,0,26,2025-01-23 06:11:00,Desktop,Windows,Social,1081,5064,Buy now and save 20%,0,9
1452,35,F,Cairo,Instagram,Display,Gaming,0,0,6,2025-03-13 16:26:00,Tablet,Windows,Social,1085,5035,Top-rated gadgets on sale,0,1
1453,42,M,Giza,YouTube,Video,Fashion,1,0,3,2025-02-04 18:41:00,Tablet,Windows,Organic,1087,5098,Top-rated gadgets on sale,0,7
1454,48,M,Alexandria,Facebook,Video,Food & Beverage,0,0,35,2025-02-21 18:05:00,Tablet,iOS,Paid,1074,5075,Check our new collection,0,5
1455,46,M,Giza,YouTube,Display,Food & Beverage,0,1,37,2025-03-19 01:19:00,Desktop,Android,Paid,1038,5053,Check our new collection,0,5
1456,43,F,Alexandria,YouTube,Display,Fashion,0,0,28,2025-02-20 13:51:00,Tablet,iOS,Organic,1086,5086,Limited offer!,0,2
1457,48,M,Luxor,YouTube,Search,Gaming,0,0,4,2025-01-07 04:10:00,Tablet,iOS,Paid,1028,5096,Book your travel today,0,4
1458,55,M,Alexandria,Facebook,Display,Electronics,1,0,40,2025-02-25 01:39:00,Tablet,Windows,Organic,1057,5091,Book your travel today,0,7
1459,34,F,Mansoura,Google Ads,Search,Electronics,0,0,27,2025-02-15 08:57:00,Desktop,Windows,Organic,1077,5074,Order online fast delivery,477,10
1460,33,F,Alexandria,Facebook,Display,Food & Beverage,0,1,9,2025-01-20 17:37:00,Mobile,Android,Social,1035,5078,Check our new collection,0,8
1461,49,M,Alexandria,Facebook,Display,Food & Beverage,0,0,43,2025-02-02 08:21:00,Mobile,Windows,Organic,1051,5089,Limited offer!,0,6
1462,55,M,Luxor,Instagram,Display,Travel,0,0,18,2025-02-11 05:30:00,Mobile,Android,Social,1097,5077,Top-rated gadgets on sale,0,3
1463,46,F,Mansoura,Google Ads,Video,Fashion,0,0,20,2025-02-07 08:08:00,Mobile,Windows,Social,1084,5093,Top-rated gadgets on sale,0,4
1464,40,F,Giza,YouTube,Video,Fashion,0,1,16,2025-02-07 16:52:00,Tablet,Windows,Social,1062,5098,Buy now and save 20%,0,1
1465,43,F,Cairo,Instagram,Video,Food & Beverage,1,0,18,2025-03-27 07:50:00,Desktop,iOS,Social,1059,5100,Book your travel today,0,10
1466,18,M,Giza,Instagram,Display,Food & Beverage,1,1,16,2025-02-24 04:08:00,Tablet,Android,Paid,1100,5065,Limited offer!,0,1
1467,60,F,Alexandria,Instagram,Search,Food & Beverage,0,0,40,2025-01-06 12:05:00,Tablet,Windows,Paid,1099,5083,Book your travel today,0,6
1468,31,F,Aswan,Facebook,Video,Gaming,0,0,25,2025-02-08 01:36:00,Desktop,iOS,Organic,1077,5061,Book your travel today,0,6
1469,38,M,Cairo,YouTube,Display,Electronics,1,0,46,2025-03-02 14:49:00,Mobile,Windows,Paid,1005,5077,Check our new collection,0,8
1470,27,F,Giza,Google Ads,Display,Gaming,1,0,20,2025-01-15 03:53:00,Mobile,Android,Paid,1035,5039,Buy now and save 20%,0,2
1471,59,F,Cairo,Facebook,Search,Food & Beverage,0,0,31,2025-03-27 11:18:00,Tablet,iOS,Paid,1087,5039,Limited offer!,0,4
1472,50,M,Cairo,Facebook,Video,Fashion,0,0,41,2025-03-07 06:28:00,Desktop,Windows,Organic,1036,5000,Book your travel today,0,8
1473,52,M,Aswan,Instagram,Display,Fashion,0,0,36,2025-03-30 23:56:00,Desktop,Android,Organic,1006,5079,Buy now and save 20%,0,9
1474,56,F,Cairo,Google Ads,Display,Electronics,0,0,15,2025-03-29 11:48:00,Mobile,Android,Paid,1045,5082,Check our new collection,0,6
1475,21,M,Luxor,Google Ads,Video,Gaming,1,0,16,2025-03-01 07:49:00,Desktop,iOS,Paid,1074,5083,Order online fast delivery,0,7
1476,54,F,Mansoura,Instagram,Display,Fashion,0,0,3,2025-01-17 00:23:00,Tablet,Android,Organic,1042,5039,Check our new collection,0,5
1477,50,F,Giza,Instagram,Video,Electronics,0,0,9,2025-03-31 19:58:00,Mobile,Android,Paid,1047,5020,Buy now and save 20%,0,7
1478,51,M,Alexandria,YouTube,Video,Food & Beverage,1,0,41,2025-01-16 15:54:00,Mobile,iOS,Social,1063,5018,Order online fast delivery,0,2
1479,50,F,Cairo,Facebook,Display,Travel,0,0,32,2025-02-12 21:02:00,Desktop,Windows,Social,1009,5014,Buy now and save 20%,0,6
1480,47,F,Alexandria,Google Ads,Display,Fashion,0,0,13,2025-02-23 17:33:00,Desktop,iOS,Paid,1028,5027,Top-rated gadgets on sale,0,7
1481,27,M,Alexandria,Instagram,Display,Fashion,1,0,31,2025-01-16 12:55:00,Desktop,Android,Social,1036,5051,Order online fast delivery,0,3
1482,49,F,Cairo,Facebook,Display,Electronics,0,0,18,2025-01-31 22:25:00,Desktop,Windows,Social,1074,5061,Buy now and save 20%,0,7
1483,44,F,Aswan,Google Ads,Display,Gaming,0,0,28,2025-03-15 02:10:00,Desktop,Android,Organic,1039,5060,Check our new collection,0,1
1484,57,F,Giza,Facebook,Search,Food & Beverage,0,1,15,2025-01-25 14:33:00,Tablet,Windows,Paid,1002,5052,Book your travel today,0,8
1485,39,M,Cairo,Instagram,Display,Gaming,0,0,28,2025-02-08 02:01:00,Desktop,Android,Organic,1059,5034,Check our new collection,0,1
1486,25,M,Alexandria,Facebook,Video,Food & Beverage,0,0,42,2025-03-26 14:19:00,Desktop,iOS,Social,1089,5033,Limited offer!,0,5
1487,46,M,Giza,Instagram,Display,Food & Beverage,0,0,30,2025-03-10 04:16:00,Mobile,Android,Paid,1029,5070,Top-rated gadgets on sale,0,8
1488,30,F,Cairo,Google Ads,Display,Gaming,0,0,25,2025-01-14 00:31:00,Desktop,Android,Social,1078,5055,Limited offer!,0,3
1489,55,M,Alexandria,Google Ads,Search,Food & Beverage,1,0,32,2025-01-26 12:34:00,Desktop,iOS,Organic,1083,5039,Book your travel today,0,8
1490,29,M,Luxor,Instagram,Display,Food & Beverage,1,0,44,2025-01-25 22:33:00,Mobile,iOS,Organic,1056,5020,Buy now and save 20%,0,2
1491,51,F,Mansoura,YouTube,Video,Gaming,1,0,14,2025-02-02 14:30:00,Desktop,Windows,Organic,1068,5010,Check our new collection,0,7
1492,24,M,Aswan,Instagram,Search,Gaming,0,0,50,2025-03-21 16:12:00,Tablet,iOS,Social,1089,5010,Top-rated gadgets on sale,0,6
1493,59,F,Cairo,Facebook,Video,Travel,0,0,31,2025-03-17 01:10:00,Tablet,Android,Paid,1066,5079,Check our new collection,0,6
1494,28,M,Cairo,Instagram,Search,Electronics,1,0,50,2025-02-10 21:00:00,Mobile,Android,Social,1073,5080,Check our new collection,0,5
1495,47,F,Luxor,Facebook,Display,Fashion,0,0,27,2025-03-19 06:19:00,Mobile,Windows,Paid,1065,5077,Order online fast delivery,1075,9
1496,45,M,Luxor,YouTube,Video,Food & Beverage,1,0,36,2025-01-18 10:54:00,Desktop,iOS,Organic,1028,5069,Check our new collection,0,5
1497,37,F,Aswan,Google Ads,Display,Travel,0,0,8,2025-03-23 21:17:00,Tablet,iOS,Organic,1024,5009,Check our new collection,0,2
1498,31,F,Cairo,Facebook,Display,Electronics,1,0,37,2025-01-07 17:44:00,Desktop,Windows,Social,1050,5072,Top-rated gadgets on sale,0,5
1499,18,M,Luxor,Facebook,Display,Fashion,0,0,9,2025-01-10 20:05:00,Tablet,Android,Social,1092,5099,Book your travel today,0,7
1500,46,M,Cairo,Instagram,Display,Food & Beverage,1,0,11,2025-02-07 22:24:00,Tablet,Windows,Social,1081,5052,Order online fast delivery,0,9
1501,26,F,Giza,Instagram,Display,Gaming,0,0,32,2025-02-26 18:18:00,Tablet,Android,Social,1081,5035,Book your travel today,1613,1
1502,24,F,Cairo,YouTube,Display,Food & Beverage,1,0,16,2025-02-02 01:27:00,Tablet,Android,Paid,1044,5069,Order online fast delivery,0,7
1503,48,F,Cairo,Facebook,Video,Gaming,1,0,17,2025-01-26 18:20:00,Tablet,Windows,Social,1068,5054,Order online fast delivery,757,9
1504,49,F,Mansoura,Google Ads,Display,Food & Beverage,1,0,26,2025-03-12 13:34:00,Mobile,Android,Organic,1006,5080,Book your travel today,0,6
1505,25,M,Alexandria,Google Ads,Display,Food & Beverage,1,0,20,2025-03-02 12:43:00,Desktop,iOS,Organic,1022,5035,Book your travel today,0,3
1506,19,F,Cairo,Google Ads,Display,Travel,0,0,45,2025-01-24 04:00:00,Mobile,iOS,Paid,1016,5020,Buy now and save 20%,1886,10
1507,33,M,Aswan,YouTube,Display,Gaming,1,0,11,2025-02-05 02:31:00,Tablet,Windows,Organic,1081,5056,Book your travel today,0,7
1508,44,M,Mansoura,YouTube,Search,Electronics,0,0,34,2025-03-03 12:52:00,Desktop,Android,Organic,1071,5069,Limited offer!,0,6
1509,49,F,Mansoura,Instagram,Display,Electronics,0,0,48,2025-02-19 15:56:00,Desktop,Android,Social,1037,5027,Check our new collection,0,7
1510,24,M,Aswan,Instagram,Video,Fashion,0,0,19,2025-01-19 13:04:00,Tablet,Android,Organic,1052,5066,Limited offer!,1615,4
1511,45,F,Giza,YouTube,Video,Food & Beverage,0,0,26,2025-02-23 10:05:00,Tablet,iOS,Social,1013,5079,Book your travel today,0,10
1512,42,F,Aswan,Facebook,Search,Food & Beverage,0,0,2,2025-02-20 12:55:00,Desktop,Windows,Organic,1054,5066,Buy now and save 20%,0,4
1513,34,F,Luxor,YouTube,Video,Food & Beverage,1,0,28,2025-01-12 12:21:00,Mobile,Windows,Social,1071,5023,Top-rated gadgets on sale,0,9
1514,31,F,Luxor,Google Ads,Display,Food & Beverage,0,0,13,2025-02-07 18:02:00,Desktop,iOS,Paid,1080,5017,Buy now and save 20%,0,10
1515,60,M,Cairo,Facebook,Video,Gaming,0,0,2,2025-03-27 20:10:00,Desktop,Windows,Social,1012,5034,Buy now and save 20%,0,4
1516,22,F,Luxor,YouTube,Search,Electronics,0,0,37,2025-02-09 14:43:00,Desktop,iOS,Paid,1015,5028,Buy now and save 20%,0,5
1517,19,F,Mansoura,Facebook,Video,Electronics,1,0,12,2025-03-20 22:35:00,Desktop,iOS,Organic,1074,5013,Top-rated gadgets on sale,0,1
1518,19,F,Giza,Facebook,Display,Electronics,0,0,4,2025-03-23 20:18:00,Tablet,Android,Social,1032,5022,Top-rated gadgets on sale,181,10
1519,20,M,Giza,Facebook,Display,Food & Beverage,1,0,40,2025-02-21 15:48:00,Mobile,Windows,Paid,1090,5066,Order online fast delivery,0,8
1520,43,M,Cairo,Instagram,Video,Travel,0,0,47,2025-01-09 11:18:00,Desktop,Windows,Social,1005,5025,Buy now and save 20%,0,5
1521,41,F,Luxor,Facebook,Display,Fashion,1,0,20,2025-03-25 14:08:00,Mobile,Windows,Organic,1051,5022,Order online fast delivery,0,9
1522,40,F,Luxor,Facebook,Display,Fashion,0,0,17,2025-03-28 23:33:00,Tablet,iOS,Paid,1024,5084,Limited offer!,0,2
1523,35,M,Cairo,Google Ads,Video,Travel,0,0,38,2025-02-21 13:33:00,Tablet,iOS,Organic,1043,5037,Buy now and save 20%,0,5
1524,54,F,Alexandria,Facebook,Display,Fashion,0,0,6,2025-03-30 17:25:00,Desktop,Android,Social,1003,5039,Buy now and save 20%,0,4
1525,20,F,Cairo,Facebook,Video,Gaming,0,0,43,2025-02-07 14:01:00,Tablet,Windows,Social,1096,5082,Top-rated gadgets on sale,0,8
1526,24,M,Alexandria,Facebook,Video,Electronics,0,0,42,2025-01-21 18:59:00,Tablet,iOS,Organic,1061,5027,Check our new collection,0,3
1527,41,M,Cairo,Instagram,Display,Gaming,1,0,37,2025-01-17 05:00:00,Tablet,Android,Social,1044,5076,Top-rated gadgets on sale,375,10
1528,50,F,Mansoura,Facebook,Video,Gaming,1,0,45,2025-01-20 14:48:00,Desktop,Windows,Social,1041,5049,Top-rated gadgets on sale,1817,2
1529,25,F,Luxor,Facebook,Search,Food & Beverage,0,0,11,2025-03-25 19:26:00,Desktop,Windows,Organic,1068,5084,Order online fast delivery,0,6
1530,43,M,Cairo,Facebook,Video,Travel,0,0,12,2025-03-20 20:46:00,Desktop,Android,Paid,1063,5023,Book your travel today,770,10
1531,29,M,Cairo,Facebook,Search,Fashion,0,1,26,2025-03-07 06:26:00,Desktop,Android,Paid,1059,5074,Check our new collection,0,2
1532,43,M,Cairo,Facebook,Search,Food & Beverage,1,0,14,2025-03-23 15:56:00,Desktop,iOS,Paid,1077,5073,Order online fast delivery,0,10
1533,18,F,Mansoura,Instagram,Video,Electronics,0,1,16,2025-01-25 06:28:00,Mobile,Windows,Organic,1080,5051,Check our new collection,0,1
1534,32,M,Alexandria,Facebook,Video,Gaming,0,0,31,2025-02-05 12:15:00,Tablet,Windows,Social,1008,5033,Order online fast delivery,0,10
1535,53,M,Cairo,Facebook,Display,Food & Beverage,1,1,16,2025-02-24 13:56:00,Mobile,iOS,Organic,1064,5080,Order online fast delivery,0,1
1536,39,M,Giza,YouTube,Video,Travel,0,0,25,2025-02-12 06:41:00,Mobile,iOS,Organic,1018,5057,Top-rated gadgets on sale,0,9
1537,50,M,Cairo,Facebook,Search,Fashion,0,0,6,2025-03-01 03:34:00,Desktop,iOS,Organic,1019,5007,Top-rated gadgets on sale,0,6
1538,41,F,Cairo,Instagram,Video,Fashion,1,0,47,2025-03-30 02:32:00,Tablet,iOS,Paid,1034,5009,Buy now and save 20%,0,5
1539,26,F,Mansoura,Facebook,Search,Food & Beverage,0,0,26,2025-03-21 20:47:00,Desktop,Android,Paid,1032,5053,Top-rated gadgets on sale,0,8
1540,54,F,Alexandria,Google Ads,Display,Gaming,1,0,33,2025-01-28 14:48:00,Tablet,Android,Paid,1047,5034,Buy now and save 20%,1881,9
1541,54,M,Giza,Google Ads,Search,Electronics,0,0,3,2025-02-03 18:10:00,Tablet,iOS,Social,1054,5067,Top-rated gadgets on sale,0,7
1542,37,M,Alexandria,Facebook,Display,Fashion,1,0,32,2025-02-01 15:58:00,Desktop,Windows,Organic,1040,5050,Check our new collection,0,1
1543,54,F,Cairo,Facebook,Video,Electronics,1,0,37,2025-03-23 19:36:00,Tablet,Windows,Social,1011,5080,Top-rated gadgets on sale,0,10
1544,55,M,Cairo,Facebook,Video,Food & Beverage,1,0,34,2025-03-02 07:14:00,Desktop,iOS,Paid,1088,5046,Book your travel today,0,7
1545,32,M,Giza,Facebook,Video,Gaming,0,0,23,2025-02-23 04:49:00,Desktop,Android,Paid,1054,5030,Top-rated gadgets on sale,0,4
1546,58,M,Cairo,Facebook,Video,Fashion,0,0,17,2025-02-14 04:08:00,Desktop,Android,Paid,1073,5058,Limited offer!,0,3
1547,25,M,Cairo,Instagram,Display,Food & Beverage,1,0,14,2025-03-18 20:31:00,Mobile,Windows,Organic,1011,5005,Book your travel today,0,10
1548,59,M,Cairo,Instagram,Display,Travel,0,0,8,2025-01-25 06:21:00,Tablet,Windows,Social,1085,5064,Limited offer!,0,8
1549,38,M,Aswan,YouTube,Search,Gaming,1,1,17,2025-03-28 17:55:00,Mobile,Windows,Paid,1021,5054,Buy now and save 20%,0,10
1550,32,M,Aswan,Facebook,Video,Food & Beverage,1,0,47,2025-03-05 18:50:00,Mobile,iOS,Paid,1036,5059,Order online fast delivery,0,9
1551,53,F,Alexandria,Facebook,Display,Food & Beverage,0,0,38,2025-02-10 13:38:00,Tablet,iOS,Organic,1025,5067,Check our new collection,0,4
1552,54,F,Alexandria,Instagram,Display,Gaming,0,0,25,2025-01-21 23:25:00,Desktop,Android,Paid,1094,5066,Limited offer!,0,9
1553,41,F,Cairo,YouTube,Display,Gaming,1,1,42,2025-03-12 06:52:00,Desktop,Android,Paid,1019,5015,Order online fast delivery,0,6
1554,38,M,Alexandria,Instagram,Search,Electronics,0,0,42,2025-02-19 01:16:00,Mobile,Windows,Social,1052,5005,Book your travel today,0,2
1555,31,F,Cairo,Google Ads,Display,Gaming,0,1,10,2025-01-19 14:29:00,Tablet,iOS,Organic,1046,5048,Book your travel today,0,5
1556,59,M,Cairo,Instagram,Display,Food & Beverage,0,1,34,2025-03-13 12:47:00,Tablet,Windows,Social,1039,5032,Book your travel today,0,8
1557,54,M,Alexandria,Facebook,Display,Food & Beverage,0,0,20,2025-01-24 15:28:00,Tablet,iOS,Paid,1039,5020,Buy now and save 20%,0,10
1558,37,M,Alexandria,Instagram,Video,Electronics,0,0,35,2025-03-24 12:53:00,Desktop,Windows,Organic,1009,5092,Top-rated gadgets on sale,0,1
1559,29,M,Cairo,Google Ads,Video,Gaming,1,0,16,2025-01-03 16:11:00,Mobile,Windows,Social,1040,5006,Book your travel today,0,6
1560,30,F,Mansoura,Google Ads,Display,Electronics,1,0,15,2025-03-04 11:48:00,Tablet,Windows,Paid,1012,5091,Buy now and save 20%,0,9
1561,40,M,Giza,Instagram,Display,Electronics,0,0,39,2025-01-04 23:40:00,Mobile,Windows,Social,1016,5093,Limited offer!,0,5
1562,60,F,Cairo,Facebook,Display,Travel,1,0,13,2025-03-21 01:57:00,Desktop,iOS,Organic,1031,5090,Buy now and save 20%,0,2
1563,27,F,Cairo,Facebook,Video,Electronics,0,0,25,2025-01-09 03:05:00,Tablet,Windows,Social,1088,5054,Limited offer!,1295,8
1564,22,M,Aswan,Google Ads,Video,Food & Beverage,0,0,25,2025-01-24 10:43:00,Mobile,iOS,Paid,1037,5075,Top-rated gadgets on sale,0,1
1565,32,F,Giza,Google Ads,Video,Travel,0,1,46,2025-03-13 06:55:00,Desktop,Windows,Social,1098,5018,Limited offer!,1803,6
1566,50,M,Cairo,Facebook,Search,Fashion,0,0,29,2025-01-04 04:05:00,Desktop,Android,Organic,1079,5022,Order online fast delivery,122,9
1567,37,F,Cairo,Facebook,Display,Electronics,1,0,21,2025-03-12 04:46:00,Tablet,iOS,Organic,1006,5040,Buy now and save 20%,0,6
1568,40,F,Cairo,YouTube,Search,Fashion,1,0,4,2025-02-28 06:15:00,Tablet,iOS,Paid,1040,5073,Check our new collection,0,6
1569,36,M,Alexandria,YouTube,Display,Gaming,0,0,49,2025-01-25 18:00:00,Desktop,Windows,Organic,1059,5071,Top-rated gadgets on sale,0,6
1570,30,F,Giza,YouTube,Video,Electronics,1,0,31,2025-01-01 01:24:00,Desktop,iOS,Paid,1034,5011,Order online fast delivery,0,2
1571,25,F,Alexandria,YouTube,Display,Food & Beverage,1,0,8,2025-01-29 16:36:00,Tablet,Windows,Social,1074,5058,Limited offer!,0,1
1572,37,M,Cairo,Instagram,Display,Fashion,1,0,49,2025-01-31 23:47:00,Desktop,Windows,Social,1072,5093,Limited offer!,0,8
1573,51,F,Luxor,Facebook,Video,Food & Beverage,0,0,27,2025-01-13 09:35:00,Desktop,Windows,Organic,1050,5099,Check our new collection,0,5
1574,51,M,Cairo,Facebook,Display,Travel,1,0,13,2025-01-04 20:23:00,Mobile,Windows,Paid,1091,5062,Limited offer!,0,8
1575,51,F,Cairo,Instagram,Display,Fashion,0,0,38,2025-01-17 12:22:00,Tablet,iOS,Paid,1084,5080,Check our new collection,1828,9
1576,31,M,Aswan,Facebook,Video,Travel,0,0,47,2025-02-20 12:20:00,Mobile,Windows,Paid,1041,5047,Top-rated gadgets on sale,1203,9
1577,57,M,Alexandria,Google Ads,Display,Gaming,1,0,20,2025-03-23 08:11:00,Mobile,Android,Paid,1086,5017,Buy now and save 20%,0,5
1578,42,M,Aswan,Facebook,Display,Food & Beverage,0,0,16,2025-03-31 10:42:00,Tablet,Windows,Paid,1097,5059,Buy now and save 20%,0,6
1579,25,F,Cairo,Google Ads,Display,Gaming,0,0,23,2025-03-27 22:42:00,Tablet,Windows,Organic,1037,5069,Limited offer!,0,6
1580,55,M,Giza,Facebook,Display,Food & Beverage,0,0,30,2025-01-06 23:33:00,Tablet,Windows,Social,1045,5000,Limited offer!,0,4
1581,19,F,Luxor,YouTube,Search,Food & Beverage,1,0,35,2025-03-05 02:19:00,Tablet,Windows,Social,1007,5022,Book your travel today,0,5
1582,39,M,Giza,Instagram,Video,Electronics,0,1,23,2025-03-12 16:13:00,Mobile,iOS,Organic,1026,5052,Limited offer!,0,2
1583,36,M,Luxor,YouTube,Display,Fashion,0,0,34,2025-03-14 05:00:00,Mobile,iOS,Paid,1012,5001,Top-rated gadgets on sale,0,7
1584,19,M,Cairo,Facebook,Video,Food & Beverage,0,0,39,2025-03-05 14:13:00,Mobile,Windows,Paid,1080,5032,Order online fast delivery,0,7
1585,56,M,Giza,Instagram,Display,Food & Beverage,0,0,29,2025-03-21 20:52:00,Tablet,Windows,Social,1091,5020,Buy now and save 20%,0,6
1586,42,M,Alexandria,Instagram,Video,Food & Beverage,1,0,13,2025-01-04 18:22:00,Mobile,Windows,Social,1081,5032,Top-rated gadgets on sale,0,2
1587,36,F,Cairo,Google Ads,Display,Food & Beverage,0,0,2,2025-03-16 22:48:00,Mobile,Android,Organic,1076,5079,Book your travel today,0,10
1588,44,F,Luxor,Google Ads,Display,Food & Beverage,0,0,37,2025-02-17 09:03:00,Tablet,iOS,Social,1001,5090,Top-rated gadgets on sale,0,3
1589,36,F,Luxor,Facebook,Search,Electronics,0,0,9,2025-01-01 00:37:00,Desktop,Windows,Social,1072,5072,Order online fast delivery,0,8
1590,32,F,Mansoura,Google Ads,Search,Gaming,0,0,33,2025-03-16 12:55:00,Desktop,Android,Social,1023,5087,Top-rated gadgets on sale,1864,10
1591,27,M,Cairo,Google Ads,Display,Fashion,1,0,18,2025-01-24 02:14:00,Tablet,Windows,Social,1034,5049,Check our new collection,881,2
1592,41,F,Cairo,Instagram,Search,Electronics,0,0,42,2025-03-27 11:48:00,Mobile,Android,Organic,1061,5028,Limited offer!,0,5
1593,56,M,Cairo,Google Ads,Display,Food & Beverage,0,0,24,2025-02-10 09:27:00,Tablet,iOS,Organic,1035,5020,Check our new collection,0,1
1594,20,M,Aswan,Facebook,Video,Travel,0,0,42,2025-01-08 02:08:00,Desktop,iOS,Organic,1100,5007,Buy now and save 20%,0,2
1595,24,F,Mansoura,YouTube,Video,Electronics,1,0,13,2025-03-12 16:42:00,Mobile,Windows,Social,1055,5085,Buy now and save 20%,0,2
1596,20,M,Cairo,Instagram,Video,Fashion,1,0,24,2025-03-14 10:49:00,Tablet,iOS,Paid,1045,5026,Top-rated gadgets on sale,0,2
1597,35,F,Cairo,Facebook,Search,Fashion,0,0,42,2025-03-11 19:18:00,Desktop,Android,Social,1081,5095,Top-rated gadgets on sale,0,8
1598,55,F,Giza,Instagram,Display,Fashion,0,0,26,2025-01-17 02:19:00,Tablet,Windows,Paid,1078,5010,Buy now and save 20%,0,8
1599,57,F,Luxor,Facebook,Video,Food & Beverage,1,0,45,2025-01-04 23:50:00,Mobile,Android,Paid,1083,5033,Check our new collection,0,4
1600,54,F,Giza,Google Ads,Video,Fashion,0,0,2,2025-01-02 11:59:00,Tablet,Android,Social,1100,5063,Book your travel today,668,2
1601,27,M,Giza,Instagram,Display,Electronics,1,0,41,2025-03-30 00:16:00,Desktop,iOS,Organic,1086,5041,Limited offer!,0,3
1602,43,F,Cairo,Facebook,Video,Electronics,0,0,47,2025-02-15 13:05:00,Desktop,Android,Social,1076,5062,Book your travel today,0,1
1603,47,F,Alexandria,Facebook,Search,Fashion,0,0,41,2025-01-04 18:02:00,Mobile,Android,Social,1011,5047,Check our new collection,0,1
1604,34,M,Cairo,YouTube,Display,Food & Beverage,0,0,23,2025-03-04 21:05:00,Tablet,Android,Social,1001,5062,Check our new collection,0,8
1605,57,F,Cairo,YouTube,Display,Food & Beverage,0,0,37,2025-02-08 14:46:00,Desktop,Windows,Social,1000,5042,Check our new collection,0,2
1606,46,M,Aswan,YouTube,Display,Fashion,0,0,26,2025-03-28 21:44:00,Mobile,iOS,Organic,1083,5080,Book your travel today,0,1
1607,45,M,Giza,YouTube,Display,Food & Beverage,0,0,24,2025-03-05 18:22:00,Desktop,iOS,Social,1089,5039,Order online fast delivery,0,4
1608,37,M,Alexandria,Facebook,Video,Fashion,0,0,33,2025-01-31 07:28:00,Mobile,Android,Social,1034,5075,Top-rated gadgets on sale,1405,4
1609,57,F,Giza,Google Ads,Display,Gaming,1,1,37,2025-01-18 16:18:00,Tablet,iOS,Social,1029,5068,Check our new collection,1109,2
1610,34,M,Cairo,Instagram,Display,Electronics,1,1,12,2025-03-02 10:04:00,Mobile,Windows,Social,1100,5099,Check our new collection,0,8
1611,25,M,Giza,Facebook,Video,Electronics,0,0,25,2025-01-16 03:15:00,Mobile,Windows,Organic,1005,5021,Book your travel today,0,8
1612,33,F,Cairo,Instagram,Display,Fashion,0,0,28,2025-01-01 05:45:00,Desktop,Windows,Paid,1091,5001,Book your travel today,0,10
1613,24,M,Cairo,Facebook,Display,Electronics,0,0,11,2025-01-07 13:01:00,Mobile,iOS,Organic,1040,5070,Order online fast delivery,1279,4
1614,20,M,Cairo,Facebook,Video,Electronics,0,0,35,2025-02-24 07:27:00,Desktop,Android,Social,1038,5020,Limited offer!,0,5
1615,56,M,Cairo,Facebook,Display,Food & Beverage,0,0,3,2025-01-08 21:27:00,Desktop,Android,Organic,1091,5010,Top-rated gadgets on sale,0,4
1616,33,F,Cairo,Google Ads,Search,Travel,0,0,25,2025-01-24 08:52:00,Tablet,Android,Organic,1097,5060,Limited offer!,0,9
1617,40,F,Mansoura,Facebook,Video,Food & Beverage,0,0,50,2025-02-18 05:16:00,Mobile,iOS,Organic,1073,5078,Top-rated gadgets on sale,0,1
1618,45,M,Cairo,YouTube,Video,Food & Beverage,1,0,30,2025-01-25 23:42:00,Desktop,Windows,Paid,1035,5033,Limited offer!,0,1
1619,22,F,Luxor,Instagram,Video,Fashion,1,0,46,2025-03-14 04:09:00,Desktop,Android,Paid,1090,5083,Top-rated gadgets on sale,797,10
1620,22,M,Cairo,Instagram,Video,Electronics,0,0,38,2025-01-07 16:54:00,Tablet,Windows,Organic,1013,5011,Limited offer!,0,4
1621,55,F,Cairo,Facebook,Video,Travel,0,0,41,2025-03-25 22:41:00,Desktop,iOS,Paid,1073,5095,Check our new collection,0,4
1622,47,F,Giza,Facebook,Display,Gaming,1,0,31,2025-03-31 03:41:00,Tablet,Windows,Organic,1096,5005,Buy now and save 20%,361,2
1623,54,F,Luxor,Instagram,Display,Travel,0,0,49,2025-03-28 01:34:00,Desktop,Windows,Paid,1036,5076,Order online fast delivery,0,8
1624,54,M,Giza,Instagram,Search,Fashion,0,0,22,2025-03-01 11:09:00,Tablet,iOS,Social,1097,5041,Limited offer!,339,10
1625,42,F,Cairo,Facebook,Video,Fashion,1,0,29,2025-03-14 03:30:00,Mobile,Windows,Paid,1043,5025,Top-rated gadgets on sale,0,2
1626,32,M,Cairo,Facebook,Display,Fashion,1,0,26,2025-02-09 19:06:00,Desktop,iOS,Paid,1028,5037,Top-rated gadgets on sale,0,9
1627,41,F,Cairo,Facebook,Video,Fashion,0,0,38,2025-02-07 19:02:00,Mobile,iOS,Organic,1010,5089,Buy now and save 20%,0,5
1628,48,F,Luxor,Facebook,Display,Food & Beverage,0,0,3,2025-01-06 16:23:00,Desktop,iOS,Organic,1062,5047,Limited offer!,0,8
1629,56,M,Cairo,YouTube,Search,Electronics,0,0,10,2025-02-04 21:07:00,Tablet,iOS,Paid,1066,5047,Limited offer!,0,1
1630,58,M,Cairo,Facebook,Search,Electronics,0,0,2,2025-01-15 10:28:00,Mobile,iOS,Social,1061,5025,Buy now and save 20%,0,5
1631,44,M,Cairo,Facebook,Search,Fashion,0,1,44,2025-03-25 17:55:00,Mobile,Windows,Paid,1022,5088,Buy now and save 20%,0,5
1632,36,M,Luxor,Facebook,Video,Gaming,0,0,4,2025-03-23 17:08:00,Desktop,Android,Paid,1074,5020,Buy now and save 20%,859,4
1633,40,M,Cairo,Instagram,Display,Food & Beverage,1,0,29,2025-01-20 21:23:00,Mobile,Android,Social,1096,5032,Limited offer!,0,9
1634,21,F,Cairo,Facebook,Video,Gaming,0,0,7,2025-01-05 05:29:00,Tablet,Android,Social,1031,5087,Top-rated gadgets on sale,0,9
1635,60,M,Giza,YouTube,Video,Food & Beverage,0,0,33,2025-02-27 20:26:00,Tablet,iOS,Paid,1071,5081,Check our new collection,0,3
1636,46,M,Aswan,Instagram,Display,Travel,0,0,29,2025-01-05 14:02:00,Desktop,Android,Paid,1012,5021,Top-rated gadgets on sale,0,2
1637,43,M,Cairo,Instagram,Video,Food & Beverage,1,0,18,2025-03-03 22:09:00,Tablet,Windows,Paid,1002,5067,Check our new collection,0,5
1638,41,M,Aswan,Facebook,Video,Food & Beverage,0,0,35,2025-01-07 15:52:00,Tablet,Windows,Social,1023,5043,Top-rated gadgets on sale,0,6
1639,36,F,Alexandria,Google Ads,Display,Electronics,1,0,49,2025-01-03 16:45:00,Mobile,Windows,Organic,1002,5059,Top-rated gadgets on sale,0,8
1640,38,F,Mansoura,Instagram,Video,Travel,0,0,37,2025-03-10 11:20:00,Desktop,Android,Organic,1091,5044,Buy now and save 20%,0,4
1641,53,F,Aswan,Instagram,Video,Fashion,1,0,32,2025-02-17 01:51:00,Desktop,iOS,Organic,1017,5047,Buy now and save 20%,0,6
1642,41,F,Aswan,YouTube,Display,Travel,0,0,31,2025-03-19 12:12:00,Tablet,Android,Social,1047,5003,Book your travel today,0,4
1643,51,F,Cairo,Google Ads,Video,Gaming,0,0,24,2025-02-10 10:33:00,Tablet,iOS,Social,1055,5006,Check our new collection,0,6
1644,47,F,Cairo,Facebook,Video,Travel,1,0,8,2025-02-07 11:57:00,Mobile,iOS,Organic,1049,5091,Limited offer!,0,7
1645,49,M,Cairo,Google Ads,Search,Fashion,0,0,16,2025-03-30 09:22:00,Desktop,iOS,Social,1053,5044,Check our new collection,0,3
1646,31,F,Cairo,Facebook,Display,Travel,1,0,6,2025-02-10 23:08:00,Mobile,iOS,Paid,1001,5045,Limited offer!,0,3
1647,42,F,Giza,YouTube,Search,Fashion,0,0,38,2025-01-28 01:21:00,Mobile,iOS,Paid,1026,5029,Book your travel today,1675,9
1648,24,F,Giza,YouTube,Video,Travel,1,0,37,2025-03-04 17:47:00,Desktop,Android,Social,1048,5014,Order online fast delivery,0,3
1649,56,M,Cairo,Google Ads,Display,Food & Beverage,0,0,41,2025-01-18 13:18:00,Tablet,Android,Social,1077,5002,Check our new collection,348,7
1650,57,M,Giza,YouTube,Video,Fashion,1,0,33,2025-01-06 07:27:00,Desktop,Windows,Paid,1042,5065,Top-rated gadgets on sale,0,1
1651,20,M,Alexandria,Google Ads,Display,Food & Beverage,1,0,8,2025-02-11 02:27:00,Tablet,Windows,Organic,1031,5014,Check our new collection,1272,4
1652,20,M,Cairo,Facebook,Display,Electronics,1,0,37,2025-03-22 23:42:00,Desktop,iOS,Paid,1060,5007,Check our new collection,0,3
1653,57,F,Mansoura,Google Ads,Video,Gaming,0,0,25,2025-03-19 20:05:00,Desktop,Android,Organic,1065,5073,Buy now and save 20%,0,3
1654,35,F,Cairo,Instagram,Display,Fashion,1,0,34,2025-02-04 12:12:00,Mobile,iOS,Organic,1004,5020,Check our new collection,0,3
1655,57,M,Cairo,Instagram,Search,Travel,1,0,30,2025-03-20 21:08:00,Desktop,iOS,Social,1046,5053,Book your travel today,0,1
1656,29,F,Alexandria,Instagram,Display,Fashion,0,0,46,2025-02-10 16:23:00,Tablet,Windows,Social,1001,5094,Order online fast delivery,0,8
1657,55,F,Aswan,YouTube,Display,Fashion,1,0,13,2025-01-27 06:34:00,Mobile,Windows,Paid,1024,5087,Check our new collection,0,2
1658,56,F,Giza,Facebook,Display,Fashion,0,0,34,2025-02-05 17:03:00,Desktop,iOS,Paid,1043,5084,Book your travel today,918,9
1659,35,F,Giza,YouTube,Display,Fashion,1,0,23,2025-03-20 19:00:00,Mobile,iOS,Paid,1094,5054,Top-rated gadgets on sale,0,6
1660,31,M,Giza,Google Ads,Display,Electronics,1,0,29,2025-02-20 10:48:00,Mobile,Android,Paid,1071,5058,Check our new collection,0,7
1661,40,M,Cairo,YouTube,Search,Electronics,1,0,46,2025-03-31 19:11:00,Tablet,Android,Paid,1044,5056,Check our new collection,0,9
1662,19,M,Mansoura,Facebook,Search,Fashion,0,0,45,2025-01-04 04:48:00,Mobile,iOS,Social,1070,5099,Order online fast delivery,0,3
1663,39,M,Aswan,Instagram,Display,Electronics,1,1,50,2025-03-31 03:52:00,Desktop,iOS,Social,1064,5072,Top-rated gadgets on sale,0,10
1664,41,M,Aswan,Instagram,Search,Food & Beverage,1,0,19,2025-01-07 07:35:00,Tablet,Windows,Social,1095,5042,Limited offer!,1694,4
1665,57,F,Giza,Facebook,Display,Food & Beverage,0,0,49,2025-02-18 13:41:00,Mobile,iOS,Paid,1036,5087,Limited offer!,0,5
1666,46,M,Alexandria,Instagram,Video,Fashion,1,0,27,2025-01-12 21:30:00,Mobile,Windows,Organic,1027,5092,Top-rated gadgets on sale,0,1
1667,48,F,Cairo,Facebook,Display,Fashion,0,0,34,2025-03-05 12:53:00,Tablet,iOS,Paid,1008,5081,Limited offer!,1874,4
1668,45,M,Alexandria,Facebook,Display,Food & Beverage,1,0,24,2025-02-14 16:41:00,Tablet,Windows,Organic,1065,5089,Book your travel today,0,2
1669,23,M,Alexandria,Instagram,Display,Travel,0,1,16,2025-01-23 08:53:00,Tablet,iOS,Paid,1025,5065,Book your travel today,1694,3
1670,25,M,Cairo,Google Ads,Search,Gaming,1,0,14,2025-03-07 22:26:00,Tablet,Windows,Social,1025,5090,Check our new collection,1002,1
1671,26,F,Cairo,Facebook,Video,Fashion,1,0,31,2025-02-02 03:04:00,Tablet,Android,Paid,1095,5035,Buy now and save 20%,0,9
1672,54,F,Luxor,Facebook,Display,Food & Beverage,1,1,17,2025-03-24 15:49:00,Desktop,Android,Social,1001,5009,Check our new collection,0,7
1673,20,M,Luxor,Instagram,Search,Fashion,1,0,5,2025-01-09 00:24:00,Tablet,Windows,Organic,1030,5085,Buy now and save 20%,1046,9
1674,43,F,Alexandria,Google Ads,Video,Fashion,0,0,7,2025-01-20 01:24:00,Mobile,Android,Paid,1021,5018,Check our new collection,998,9
1675,34,M,Cairo,Facebook,Display,Fashion,1,0,14,2025-01-19 00:56:00,Desktop,Android,Paid,1003,5074,Book your travel today,0,7
1676,22,F,Luxor,Facebook,Display,Electronics,0,1,43,2025-01-30 14:27:00,Tablet,Android,Organic,1048,5049,Check our new collection,0,5
1677,56,F,Mansoura,Instagram,Video,Gaming,0,0,2,2025-01-23 07:59:00,Mobile,iOS,Paid,1050,5079,Buy now and save 20%,0,2
1678,21,F,Cairo,Facebook,Video,Fashion,0,0,4,2025-02-02 22:07:00,Desktop,iOS,Paid,1096,5035,Check our new collection,0,4
1679,60,M,Alexandria,Instagram,Search,Electronics,1,0,39,2025-03-09 09:24:00,Mobile,Windows,Organic,1019,5096,Buy now and save 20%,0,5
1680,52,F,Cairo,Google Ads,Video,Fashion,0,0,46,2025-01-10 10:29:00,Desktop,iOS,Organic,1016,5082,Buy now and save 20%,1435,4
1681,46,F,Mansoura,Facebook,Video,Fashion,0,0,19,2025-01-19 10:15:00,Desktop,Android,Paid,1047,5076,Buy now and save 20%,0,7
1682,42,F,Alexandria,Instagram,Display,Gaming,0,0,46,2025-01-04 02:25:00,Tablet,Android,Social,1002,5029,Top-rated gadgets on sale,0,1
1683,19,M,Cairo,Facebook,Display,Travel,1,0,20,2025-01-27 20:54:00,Tablet,iOS,Social,1036,5063,Buy now and save 20%,0,4
1684,45,M,Cairo,Google Ads,Video,Food & Beverage,1,0,34,2025-01-15 02:37:00,Desktop,Windows,Social,1044,5035,Limited offer!,144,5
1685,30,F,Cairo,Facebook,Search,Electronics,0,1,50,2025-01-13 17:04:00,Tablet,Windows,Paid,1042,5009,Check our new collection,0,9
1686,57,M,Luxor,YouTube,Video,Fashion,0,1,8,2025-03-09 11:31:00,Mobile,Windows,Paid,1004,5006,Buy now and save 20%,0,10
1687,41,F,Luxor,Google Ads,Display,Gaming,1,0,40,2025-02-16 03:17:00,Tablet,iOS,Organic,1028,5032,Book your travel today,0,1
1688,34,F,Cairo,Google Ads,Video,Food & Beverage,0,0,2,2025-02-16 15:50:00,Tablet,iOS,Organic,1059,5070,Check our new collection,0,2
1689,23,M,Giza,Instagram,Display,Electronics,0,0,43,2025-03-02 16:38:00,Mobile,Windows,Organic,1041,5091,Limited offer!,0,4
1690,20,F,Cairo,Google Ads,Video,Travel,0,0,16,2025-02-24 05:25:00,Tablet,Android,Paid,1024,5045,Top-rated gadgets on sale,0,3
1691,39,F,Alexandria,Google Ads,Search,Travel,0,0,34,2025-02-23 23:03:00,Desktop,Windows,Social,1017,5006,Order online fast delivery,331,2
1692,22,M,Cairo,Google Ads,Search,Fashion,1,0,38,2025-02-27 13:32:00,Mobile,Android,Social,1001,5065,Book your travel today,0,2
1693,29,F,Luxor,Google Ads,Search,Fashion,0,0,9,2025-03-07 15:52:00,Desktop,iOS,Social,1036,5019,Buy now and save 20%,0,2
1694,22,F,Cairo,YouTube,Display,Food & Beverage,1,0,48,2025-02-03 09:23:00,Mobile,Android,Social,1077,5027,Limited offer!,521,4
1695,41,M,Mansoura,Instagram,Video,Food & Beverage,1,1,25,2025-01-30 23:59:00,Tablet,Windows,Paid,1044,5077,Order online fast delivery,0,8
1696,53,M,Giza,Instagram,Display,Travel,1,0,33,2025-01-25 22:57:00,Tablet,Windows,Paid,1077,5079,Check our new collection,0,5
1697,23,M,Alexandria,Instagram,Display,Fashion,1,0,44,2025-02-14 15:50:00,Desktop,iOS,Organic,1088,5097,Book your travel today,0,6
1698,54,F,Alexandria,Instagram,Display,Electronics,1,0,26,2025-02-13 05:03:00,Desktop,Windows,Social,1089,5096,Top-rated gadgets on sale,0,10
1699,32,M,Giza,Google Ads,Search,Food & Beverage,0,0,22,2025-01-17 09:41:00,Desktop,iOS,Paid,1027,5090,Buy now and save 20%,0,10
1700,52,M,Cairo,Instagram,Display,Fashion,0,0,43,2025-01-01 21:01:00,Tablet,Android,Social,1091,5089,Buy now and save 20%,1373,7
1701,22,F,Giza,Google Ads,Display,Travel,0,0,15,2025-02-03 05:48:00,Mobile,iOS,Organic,1022,5018,Book your travel today,0,9
1702,47,F,Cairo,YouTube,Display,Fashion,0,0,10,2025-01-06 23:37:00,Desktop,Windows,Social,1070,5046,Check our new collection,0,1
1703,44,M,Cairo,Facebook,Search,Gaming,0,0,19,2025-02-24 06:40:00,Desktop,Android,Organic,1047,5068,Book your travel today,0,6
1704,58,F,Giza,Facebook,Display,Food & Beverage,0,1,9,2025-02-08 22:23:00,Tablet,Android,Social,1073,5017,Order online fast delivery,0,3
1705,27,F,Cairo,Facebook,Display,Food & Beverage,0,0,16,2025-02-27 00:52:00,Mobile,iOS,Social,1003,5072,Buy now and save 20%,0,9
1706,28,F,Luxor,Facebook,Display,Fashion,1,0,46,2025-03-30 09:49:00,Tablet,Android,Organic,1006,5066,Limited offer!,0,5
1707,35,M,Cairo,YouTube,Display,Gaming,1,0,29,2025-01-06 07:30:00,Tablet,Windows,Paid,1098,5060,Limited offer!,0,8
1708,29,M,Alexandria,Instagram,Video,Food & Beverage,0,0,38,2025-01-28 18:34:00,Tablet,Windows,Organic,1077,5031,Book your travel today,0,2
1709,56,M,Cairo,YouTube,Video,Food & Beverage,0,1,46,2025-01-26 11:25:00,Tablet,Windows,Social,1066,5021,Limited offer!,0,8
1710,57,F,Cairo,Google Ads,Display,Gaming,0,0,4,2025-03-17 03:02:00,Mobile,Android,Paid,1048,5052,Top-rated gadgets on sale,300,3
1711,24,F,Luxor,Google Ads,Video,Food & Beverage,0,1,23,2025-01-07 08:37:00,Desktop,Windows,Social,1047,5020,Check our new collection,0,2
1712,34,M,Luxor,YouTube,Video,Fashion,0,1,30,2025-01-12 14:13:00,Tablet,Windows,Social,1035,5058,Buy now and save 20%,0,6
1713,60,F,Alexandria,YouTube,Search,Food & Beverage,0,0,23,2025-01-08 22:31:00,Desktop,iOS,Social,1045,5028,Check our new collection,0,10
1714,55,F,Cairo,Instagram,Video,Food & Beverage,1,0,27,2025-01-09 09:42:00,Tablet,iOS,Paid,1042,5026,Top-rated gadgets on sale,0,2
1715,33,M,Alexandria,Facebook,Display,Fashion,0,0,43,2025-01-21 03:29:00,Mobile,iOS,Social,1057,5010,Check our new collection,0,1
1716,54,F,Cairo,Facebook,Video,Fashion,0,0,38,2025-03-08 16:31:00,Mobile,Android,Social,1072,5084,Check our new collection,0,1
1717,39,F,Mansoura,Facebook,Display,Fashion,0,0,22,2025-02-24 12:53:00,Tablet,iOS,Paid,1094,5064,Book your travel today,604,10
1718,53,M,Giza,Instagram,Video,Gaming,1,1,5,2025-02-05 23:59:00,Mobile,Windows,Paid,1001,5004,Check our new collection,0,1
1719,35,M,Cairo,Facebook,Search,Fashion,1,0,31,2025-01-04 17:52:00,Mobile,Windows,Paid,1078,5059,Buy now and save 20%,0,3
1720,31,F,Luxor,Facebook,Display,Fashion,0,0,9,2025-02-06 19:58:00,Mobile,Android,Organic,1025,5096,Top-rated gadgets on sale,0,6
1721,27,F,Giza,Instagram,Video,Gaming,0,0,39,2025-01-26 11:04:00,Mobile,Windows,Social,1076,5061,Limited offer!,0,8
1722,57,F,Giza,Instagram,Display,Fashion,1,1,33,2025-03-06 17:08:00,Mobile,iOS,Social,1059,5096,Limited offer!,0,3
1723,49,M,Giza,Google Ads,Search,Fashion,1,0,50,2025-03-17 22:48:00,Desktop,iOS,Social,1027,5090,Limited offer!,0,8
1724,18,F,Cairo,Instagram,Video,Fashion,0,0,43,2025-02-27 13:22:00,Desktop,Android,Paid,1012,5088,Limited offer!,516,8
1725,58,F,Cairo,Facebook,Video,Food & Beverage,1,0,23,2025-01-28 23:28:00,Desktop,Android,Social,1045,5060,Book your travel today,0,5
1726,32,F,Aswan,Facebook,Search,Fashion,0,0,40,2025-02-09 21:49:00,Tablet,iOS,Organic,1029,5064,Buy now and save 20%,0,1
1727,43,M,Cairo,Google Ads,Search,Electronics,0,0,18,2025-03-26 02:02:00,Mobile,iOS,Social,1017,5005,Top-rated gadgets on sale,0,4
1728,51,F,Giza,Facebook,Display,Food & Beverage,1,0,6,2025-03-10 17:40:00,Mobile,iOS,Social,1031,5078,Buy now and save 20%,0,9
1729,18,M,Cairo,Google Ads,Display,Travel,0,0,19,2025-03-03 07:42:00,Mobile,iOS,Paid,1031,5046,Check our new collection,70,5
1730,57,F,Giza,Facebook,Search,Travel,0,1,31,2025-03-26 13:26:00,Tablet,Android,Social,1061,5063,Limited offer!,1158,5
1731,57,M,Aswan,Instagram,Video,Food & Beverage,0,0,42,2025-02-09 12:33:00,Mobile,Android,Social,1010,5035,Buy now and save 20%,1724,9
1732,59,M,Giza,Facebook,Display,Fashion,0,0,22,2025-03-25 06:38:00,Tablet,Android,Paid,1034,5077,Buy now and save 20%,0,1
1733,55,F,Giza,Facebook,Display,Travel,1,0,24,2025-03-09 11:03:00,Desktop,Android,Paid,1079,5027,Check our new collection,0,10
1734,18,F,Cairo,Facebook,Display,Electronics,0,0,14,2025-01-28 17:37:00,Mobile,Windows,Social,1058,5050,Limited offer!,0,7
1735,20,M,Luxor,Facebook,Video,Fashion,1,0,16,2025-03-29 05:12:00,Desktop,Windows,Social,1031,5076,Order online fast delivery,0,1
1736,45,M,Mansoura,Instagram,Display,Food & Beverage,1,0,17,2025-01-12 19:42:00,Mobile,iOS,Paid,1072,5077,Limited offer!,0,8
1737,47,M,Alexandria,Facebook,Video,Travel,0,0,50,2025-03-19 09:35:00,Desktop,Android,Paid,1030,5043,Check our new collection,0,4
1738,52,M,Mansoura,Instagram,Display,Fashion,0,0,13,2025-02-27 21:00:00,Mobile,iOS,Social,1047,5096,Limited offer!,0,10
1739,24,M,Giza,Instagram,Video,Fashion,0,0,16,2025-01-22 13:47:00,Desktop,iOS,Organic,1043,5082,Book your travel today,0,6
1740,37,F,Giza,Instagram,Video,Food & Beverage,0,0,48,2025-02-25 18:58:00,Mobile,Android,Paid,1090,5014,Book your travel today,0,7
1741,47,F,Mansoura,Instagram,Display,Travel,0,0,31,2025-03-09 00:15:00,Mobile,iOS,Paid,1031,5060,Check our new collection,0,4
1742,49,F,Giza,YouTube,Display,Travel,0,0,12,2025-01-10 15:34:00,Desktop,Android,Organic,1074,5065,Limited offer!,0,9
1743,57,F,Alexandria,Facebook,Display,Electronics,0,1,4,2025-03-28 02:07:00,Mobile,Windows,Organic,1004,5021,Limited offer!,507,2
1744,46,M,Giza,YouTube,Video,Food & Beverage,0,0,33,2025-03-25 09:48:00,Desktop,Windows,Social,1054,5069,Limited offer!,0,6
1745,50,F,Giza,YouTube,Display,Gaming,1,0,8,2025-03-18 15:40:00,Desktop,Windows,Social,1017,5044,Limited offer!,0,2
1746,45,F,Alexandria,Facebook,Display,Gaming,1,0,21,2025-01-19 07:21:00,Tablet,iOS,Organic,1033,5009,Order online fast delivery,0,1
1747,37,F,Alexandria,YouTube,Display,Fashion,0,0,16,2025-02-15 16:40:00,Desktop,Android,Social,1001,5050,Order online fast delivery,0,7
1748,54,M,Mansoura,Google Ads,Video,Electronics,1,0,40,2025-03-12 17:41:00,Mobile,Android,Social,1018,5074,Check our new collection,0,7
1749,55,F,Luxor,Instagram,Video,Fashion,0,0,48,2025-02-25 10:29:00,Tablet,Windows,Organic,1022,5026,Top-rated gadgets on sale,0,9
1750,36,F,Cairo,Facebook,Video,Fashion,1,0,20,2025-01-16 06:17:00,Desktop,Android,Paid,1096,5032,Buy now and save 20%,0,2
1751,44,M,Aswan,Facebook,Search,Gaming,1,0,5,2025-02-21 17:59:00,Tablet,iOS,Paid,1029,5022,Buy now and save 20%,963,4
1752,29,F,Luxor,Facebook,Video,Fashion,0,0,16,2025-02-26 10:14:00,Desktop,Windows,Organic,1056,5092,Check our new collection,0,1
1753,22,F,Cairo,Google Ads,Display,Fashion,0,0,27,2025-01-30 21:23:00,Mobile,iOS,Social,1022,5057,Buy now and save 20%,0,5
1754,40,M,Alexandria,Facebook,Video,Food & Beverage,1,1,41,2025-02-15 11:09:00,Tablet,Windows,Organic,1048,5021,Order online fast delivery,950,7
1755,38,F,Luxor,Instagram,Video,Gaming,1,1,20,2025-02-06 15:03:00,Desktop,iOS,Organic,1082,5017,Top-rated gadgets on sale,331,8
1756,59,F,Alexandria,Instagram,Display,Travel,0,0,32,2025-02-02 06:01:00,Tablet,Windows,Social,1072,5069,Buy now and save 20%,0,4
1757,28,F,Cairo,Google Ads,Search,Gaming,0,0,10,2025-03-21 23:47:00,Mobile,iOS,Organic,1036,5050,Order online fast delivery,0,8
1758,46,M,Luxor,Facebook,Video,Fashion,1,0,20,2025-02-10 22:08:00,Desktop,iOS,Social,1072,5095,Order online fast delivery,0,3
1759,59,F,Giza,YouTube,Display,Electronics,0,0,4,2025-02-24 19:37:00,Desktop,iOS,Social,1099,5004,Book your travel today,0,10
1760,36,M,Cairo,YouTube,Display,Electronics,0,0,35,2025-03-26 23:08:00,Mobile,iOS,Social,1081,5053,Top-rated gadgets on sale,0,6
1761,36,M,Luxor,Instagram,Display,Fashion,0,0,4,2025-02-06 17:11:00,Mobile,Android,Paid,1002,5075,Check our new collection,0,5
1762,45,M,Giza,Instagram,Video,Fashion,0,0,4,2025-03-28 16:14:00,Mobile,Android,Social,1068,5011,Book your travel today,0,8
1763,32,M,Alexandria,Instagram,Display,Gaming,0,0,7,2025-01-23 17:42:00,Desktop,iOS,Organic,1043,5047,Buy now and save 20%,0,5
1764,44,F,Aswan,Google Ads,Display,Food & Beverage,0,0,16,2025-02-03 23:28:00,Desktop,Windows,Social,1027,5043,Book your travel today,0,3
1765,58,M,Cairo,Facebook,Display,Fashion,0,0,14,2025-03-28 17:37:00,Desktop,Android,Paid,1097,5060,Order online fast delivery,0,7
1766,55,M,Cairo,Facebook,Display,Electronics,0,0,44,2025-01-06 01:25:00,Mobile,Windows,Organic,1045,5091,Limited offer!,0,9
1767,40,M,Alexandria,Facebook,Search,Fashion,1,0,27,2025-02-28 10:50:00,Tablet,iOS,Paid,1040,5034,Buy now and save 20%,0,4
1768,30,F,Giza,Facebook,Display,Food & Beverage,0,0,26,2025-01-24 15:51:00,Tablet,Android,Social,1035,5037,Order online fast delivery,0,2
1769,20,F,Cairo,Google Ads,Video,Gaming,0,0,20,2025-01-19 23:26:00,Tablet,iOS,Paid,1061,5098,Buy now and save 20%,0,3
1770,34,F,Cairo,Instagram,Video,Electronics,0,1,31,2025-02-21 18:25:00,Desktop,Android,Organic,1042,5045,Top-rated gadgets on sale,0,1
1771,58,M,Alexandria,Google Ads,Video,Fashion,1,1,44,2025-03-20 02:09:00,Mobile,Android,Social,1048,5095,Order online fast delivery,0,1
1772,34,F,Alexandria,Facebook,Video,Fashion,0,0,33,2025-01-03 16:34:00,Desktop,iOS,Paid,1023,5058,Check our new collection,0,2
1773,37,F,Alexandria,YouTube,Search,Food & Beverage,0,0,3,2025-01-22 03:50:00,Mobile,Android,Social,1058,5041,Limited offer!,0,6
1774,31,F,Cairo,Google Ads,Video,Gaming,0,1,20,2025-01-14 20:53:00,Mobile,Android,Paid,1086,5055,Order online fast delivery,0,3
1775,30,F,Aswan,Instagram,Display,Gaming,0,0,6,2025-02-01 03:48:00,Desktop,Windows,Social,1033,5029,Top-rated gadgets on sale,284,7
1776,18,F,Luxor,Facebook,Display,Electronics,1,0,37,2025-02-25 10:56:00,Mobile,Android,Social,1093,5041,Book your travel today,0,3
1777,25,M,Giza,Google Ads,Video,Travel,1,0,39,2025-01-31 15:26:00,Tablet,Android,Organic,1095,5091,Limited offer!,0,8
1778,53,M,Cairo,YouTube,Display,Travel,0,0,42,2025-02-10 09:05:00,Desktop,Windows,Social,1041,5084,Check our new collection,0,9
1779,35,M,Alexandria,Instagram,Display,Electronics,0,1,40,2025-01-08 05:20:00,Desktop,iOS,Social,1022,5053,Limited offer!,0,8
1780,49,M,Alexandria,Google Ads,Video,Fashion,1,0,2,2025-01-29 19:41:00,Mobile,Windows,Paid,1099,5075,Order online fast delivery,0,5
1781,53,F,Aswan,Facebook,Video,Gaming,0,1,20,2025-02-05 09:01:00,Mobile,Android,Social,1017,5045,Limited offer!,0,9
1782,20,F,Aswan,Facebook,Display,Fashion,0,1,15,2025-03-10 18:58:00,Tablet,iOS,Paid,1059,5035,Order online fast delivery,0,6
1783,50,M,Cairo,YouTube,Video,Gaming,1,0,4,2025-02-17 11:03:00,Tablet,iOS,Paid,1073,5040,Check our new collection,0,8
1784,37,F,Luxor,Google Ads,Display,Electronics,0,0,45,2025-01-26 20:11:00,Tablet,Android,Organic,1034,5068,Limited offer!,0,2
1785,37,M,Mansoura,Google Ads,Display,Gaming,1,0,23,2025-02-11 16:25:00,Tablet,iOS,Organic,1071,5062,Top-rated gadgets on sale,806,9
1786,50,F,Alexandria,YouTube,Search,Electronics,1,1,22,2025-03-28 12:10:00,Tablet,Android,Organic,1037,5090,Buy now and save 20%,367,8
1787,50,F,Aswan,Facebook,Video,Food & Beverage,0,0,6,2025-03-07 15:58:00,Mobile,Windows,Social,1022,5005,Limited offer!,0,3
1788,58,F,Luxor,YouTube,Video,Gaming,0,0,20,2025-02-21 17:31:00,Tablet,iOS,Organic,1098,5066,Check our new collection,0,4
1789,39,M,Giza,Facebook,Display,Travel,0,0,12,2025-01-28 13:35:00,Tablet,iOS,Paid,1025,5021,Limited offer!,0,1
1790,27,F,Alexandria,YouTube,Search,Gaming,1,1,31,2025-02-05 13:36:00,Mobile,Android,Paid,1094,5061,Limited offer!,0,3
1791,58,F,Cairo,Instagram,Video,Food & Beverage,1,1,37,2025-01-31 22:28:00,Desktop,Windows,Social,1043,5092,Check our new collection,0,9
1792,43,M,Cairo,Instagram,Display,Fashion,0,0,17,2025-03-28 16:16:00,Desktop,Android,Social,1081,5063,Limited offer!,0,7
1793,37,M,Giza,Facebook,Display,Fashion,1,1,40,2025-03-01 15:07:00,Tablet,Windows,Social,1090,5057,Limited offer!,0,5
1794,29,M,Alexandria,Instagram,Video,Fashion,0,0,4,2025-03-17 20:18:00,Desktop,iOS,Organic,1095,5079,Top-rated gadgets on sale,424,2
1795,22,M,Cairo,Instagram,Display,Fashion,0,0,4,2025-03-17 21:56:00,Tablet,Android,Social,1019,5033,Limited offer!,0,6
1796,28,M,Cairo,YouTube,Display,Travel,1,0,12,2025-03-27 12:16:00,Tablet,Android,Organic,1053,5091,Book your travel today,0,3
1797,18,F,Giza,Instagram,Search,Fashion,1,1,47,2025-03-26 20:22:00,Tablet,Android,Organic,1025,5096,Order online fast delivery,0,5
1798,53,M,Alexandria,Facebook,Search,Travel,0,1,43,2025-03-27 13:54:00,Tablet,Windows,Organic,1046,5064,Check our new collection,0,3
1799,27,F,Giza,Facebook,Search,Electronics,0,0,40,2025-01-15 14:49:00,Tablet,Windows,Social,1057,5050,Check our new collection,1121,7
1800,21,M,Cairo,Facebook,Video,Electronics,0,0,6,2025-03-25 05:05:00,Tablet,Android,Paid,1077,5022,Top-rated gadgets on sale,0,7
1801,18,M,Alexandria,Instagram,Display,Fashion,0,0,25,2025-01-27 19:00:00,Desktop,iOS,Paid,1006,5014,Book your travel today,0,4
1802,52,M,Cairo,Facebook,Video,Travel,1,0,33,2025-03-01 21:47:00,Mobile,Windows,Organic,1074,5057,Buy now and save 20%,0,1
1803,25,F,Cairo,Instagram,Display,Electronics,0,0,43,2025-03-31 00:00:00,Tablet,Android,Organic,1006,5069,Check our new collection,0,3
1804,34,M,Giza,Google Ads,Display,Food & Beverage,1,0,18,2025-01-21 07:50:00,Desktop,Windows,Paid,1027,5018,Top-rated gadgets on sale,0,8
1805,49,F,Luxor,Google Ads,Display,Fashion,0,0,36,2025-03-02 08:17:00,Desktop,Windows,Paid,1033,5071,Check our new collection,0,7
1806,33,M,Aswan,YouTube,Video,Gaming,0,1,17,2025-01-17 07:16:00,Desktop,Windows,Organic,1057,5051,Buy now and save 20%,0,2
1807,40,M,Cairo,Google Ads,Display,Electronics,0,0,27,2025-01-26 21:41:00,Mobile,Windows,Social,1015,5011,Order online fast delivery,1122,4
1808,58,M,Cairo,Facebook,Display,Electronics,1,1,13,2025-03-04 19:39:00,Desktop,Windows,Organic,1037,5067,Limited offer!,0,4
1809,35,F,Luxor,Instagram,Video,Fashion,0,0,4,2025-02-28 08:01:00,Mobile,iOS,Organic,1015,5061,Book your travel today,1239,9
1810,49,M,Cairo,Facebook,Video,Food & Beverage,1,0,38,2025-02-20 02:50:00,Mobile,iOS,Organic,1028,5000,Book your travel today,0,4
1811,36,M,Giza,YouTube,Display,Food & Beverage,1,0,31,2025-01-17 15:21:00,Mobile,Windows,Social,1082,5018,Order online fast delivery,0,2
1812,22,M,Cairo,Facebook,Display,Electronics,1,0,42,2025-01-25 08:49:00,Desktop,iOS,Organic,1091,5018,Buy now and save 20%,0,7
1813,38,M,Cairo,Google Ads,Display,Food & Beverage,0,0,47,2025-02-01 13:44:00,Mobile,Android,Paid,1071,5054,Top-rated gadgets on sale,0,3
1814,45,F,Cairo,Facebook,Display,Gaming,0,0,47,2025-03-31 14:48:00,Tablet,iOS,Organic,1039,5100,Check our new collection,0,3
1815,50,F,Alexandria,Google Ads,Display,Gaming,1,0,13,2025-01-18 05:35:00,Desktop,Windows,Social,1079,5038,Limited offer!,0,2
1816,19,M,Luxor,Facebook,Search,Electronics,0,0,25,2025-03-19 12:40:00,Tablet,Android,Social,1081,5067,Buy now and save 20%,0,7
1817,27,F,Cairo,Google Ads,Display,Fashion,0,0,46,2025-03-31 02:26:00,Tablet,iOS,Organic,1005,5071,Top-rated gadgets on sale,0,3
1818,56,M,Aswan,Instagram,Search,Travel,1,0,10,2025-01-25 03:48:00,Mobile,Windows,Organic,1075,5056,Top-rated gadgets on sale,0,9
1819,25,M,Mansoura,YouTube,Display,Gaming,1,0,21,2025-02-25 08:16:00,Desktop,Windows,Social,1077,5014,Book your travel today,0,6
1820,49,M,Cairo,Google Ads,Display,Gaming,0,1,48,2025-01-31 14:18:00,Desktop,Windows,Organic,1003,5019,Order online fast delivery,1966,4
1821,56,M,Giza,YouTube,Video,Electronics,1,1,24,2025-01-05 00:03:00,Tablet,Windows,Organic,1042,5007,Limited offer!,0,5
1822,37,M,Alexandria,Facebook,Display,Travel,1,0,40,2025-01-14 14:09:00,Desktop,Android,Paid,1042,5007,Limited offer!,0,9
1823,35,F,Luxor,Instagram,Display,Electronics,1,0,12,2025-03-20 04:26:00,Desktop,Android,Social,1063,5057,Check our new collection,0,8
1824,42,F,Cairo,Google Ads,Display,Gaming,1,0,48,2025-02-15 22:12:00,Tablet,iOS,Social,1086,5062,Book your travel today,0,2
1825,33,F,Luxor,Google Ads,Display,Electronics,0,0,30,2025-01-06 22:37:00,Tablet,Windows,Paid,1055,5036,Order online fast delivery,0,7
1826,39,F,Cairo,YouTube,Display,Gaming,0,0,44,2025-03-21 12:43:00,Desktop,iOS,Paid,1092,5056,Buy now and save 20%,835,3
1827,38,F,Cairo,Facebook,Search,Gaming,0,0,7,2025-03-31 11:52:00,Tablet,Android,Social,1037,5088,Check our new collection,0,8
1828,20,M,Giza,Facebook,Video,Travel,1,0,41,2025-01-07 17:59:00,Tablet,Windows,Paid,1095,5081,Limited offer!,983,8
1829,41,M,Cairo,Instagram,Display,Electronics,0,0,44,2025-01-29 17:05:00,Tablet,Windows,Paid,1004,5021,Check our new collection,0,8
1830,24,M,Aswan,Google Ads,Search,Travel,0,0,32,2025-02-20 05:01:00,Desktop,iOS,Organic,1025,5038,Top-rated gadgets on sale,0,7
1831,39,M,Aswan,Instagram,Video,Travel,0,0,48,2025-01-27 15:53:00,Tablet,Windows,Paid,1001,5069,Buy now and save 20%,0,1
1832,25,M,Alexandria,Facebook,Display,Electronics,0,1,42,2025-01-05 13:14:00,Mobile,Android,Paid,1000,5047,Book your travel today,0,2
1833,31,M,Cairo,Facebook,Display,Gaming,0,0,20,2025-02-10 19:56:00,Mobile,Windows,Social,1006,5079,Check our new collection,0,9
1834,37,M,Cairo,Facebook,Search,Electronics,0,0,50,2025-01-04 13:27:00,Desktop,iOS,Social,1027,5074,Buy now and save 20%,0,10
1835,53,M,Mansoura,Facebook,Display,Fashion,0,0,44,2025-02-20 03:56:00,Mobile,Android,Social,1053,5096,Buy now and save 20%,0,5
1836,54,F,Cairo,Facebook,Video,Gaming,1,0,11,2025-03-29 04:47:00,Mobile,iOS,Social,1022,5046,Book your travel today,0,1
1837,34,F,Aswan,Facebook,Display,Electronics,0,0,19,2025-01-14 14:03:00,Mobile,Windows,Organic,1027,5035,Order online fast delivery,0,8
1838,26,F,Giza,Facebook,Search,Food & Beverage,0,0,43,2025-01-25 05:53:00,Mobile,Android,Paid,1021,5081,Limited offer!,0,7
1839,18,F,Giza,Facebook,Display,Food & Beverage,0,1,12,2025-03-29 23:36:00,Tablet,Windows,Paid,1048,5050,Order online fast delivery,0,2
1840,59,F,Cairo,Facebook,Display,Travel,1,0,24,2025-03-16 04:33:00,Mobile,Android,Social,1027,5026,Limited offer!,0,2
1841,55,M,Mansoura,YouTube,Display,Fashion,0,0,47,2025-03-03 01:42:00,Tablet,iOS,Paid,1077,5044,Top-rated gadgets on sale,0,2
1842,35,F,Giza,Google Ads,Search,Fashion,0,0,44,2025-01-27 14:28:00,Mobile,Android,Social,1052,5040,Limited offer!,0,3
1843,53,M,Cairo,Google Ads,Display,Food & Beverage,1,0,3,2025-02-22 12:31:00,Mobile,Windows,Organic,1073,5025,Order online fast delivery,0,5
1844,45,M,Aswan,Google Ads,Display,Food & Beverage,1,0,41,2025-01-09 06:33:00,Mobile,Android,Organic,1009,5003,Buy now and save 20%,0,5
1845,38,M,Cairo,Facebook,Search,Food & Beverage,0,0,43,2025-02-03 09:33:00,Tablet,Android,Organic,1037,5085,Book your travel today,0,4
1846,23,F,Cairo,Facebook,Display,Fashion,0,0,23,2025-02-05 14:24:00,Tablet,Android,Social,1081,5069,Order online fast delivery,1314,9
1847,42,F,Alexandria,Facebook,Video,Fashion,0,1,50,2025-02-14 01:53:00,Tablet,iOS,Paid,1000,5038,Buy now and save 20%,0,3
1848,42,M,Aswan,Facebook,Video,Food & Beverage,1,1,11,2025-01-01 16:08:00,Tablet,Android,Social,1034,5046,Order online fast delivery,0,8
1849,26,F,Cairo,Facebook,Search,Fashion,1,0,33,2025-01-20 23:31:00,Mobile,iOS,Organic,1100,5066,Order online fast delivery,0,1
1850,56,M,Cairo,Google Ads,Display,Food & Beverage,0,0,15,2025-02-07 00:08:00,Tablet,Windows,Paid,1023,5072,Order online fast delivery,0,9
1851,23,F,Giza,Instagram,Video,Fashion,1,0,30,2025-03-23 07:34:00,Mobile,Windows,Paid,1005,5088,Book your travel today,0,4
1852,49,M,Aswan,Facebook,Video,Food & Beverage,0,0,44,2025-01-29 15:45:00,Desktop,Android,Organic,1003,5041,Buy now and save 20%,973,10
1853,33,M,Cairo,Facebook,Display,Electronics,0,0,6,2025-01-24 20:52:00,Tablet,Windows,Organic,1037,5026,Buy now and save 20%,0,10
1854,25,F,Cairo,Facebook,Display,Fashion,0,1,32,2025-01-31 11:49:00,Mobile,Windows,Paid,1070,5024,Order online fast delivery,0,2
1855,58,F,Cairo,YouTube,Display,Fashion,0,0,3,2025-03-12 06:45:00,Tablet,iOS,Organic,1100,5042,Top-rated gadgets on sale,0,1
1856,30,M,Alexandria,Facebook,Display,Food & Beverage,1,1,24,2025-02-15 21:45:00,Mobile,Android,Paid,1010,5091,Buy now and save 20%,622,7
1857,50,M,Cairo,Instagram,Display,Gaming,1,0,13,2025-02-14 22:27:00,Mobile,iOS,Organic,1057,5089,Book your travel today,0,6
1858,33,F,Alexandria,Facebook,Video,Fashion,0,1,33,2025-01-18 05:59:00,Tablet,iOS,Social,1041,5016,Top-rated gadgets on sale,848,6
1859,21,F,Giza,Facebook,Display,Fashion,0,0,11,2025-01-31 05:24:00,Tablet,iOS,Organic,1006,5019,Top-rated gadgets on sale,0,9
1860,32,M,Cairo,Instagram,Search,Electronics,1,1,8,2025-01-27 11:37:00,Mobile,Windows,Paid,1100,5035,Top-rated gadgets on sale,0,10
1861,46,F,Cairo,Google Ads,Video,Electronics,1,0,22,2025-01-16 04:47:00,Mobile,Android,Social,1070,5100,Limited offer!,0,6
1862,41,M,Luxor,YouTube,Video,Food & Beverage,0,0,45,2025-03-13 22:14:00,Tablet,iOS,Social,1091,5037,Buy now and save 20%,0,3
1863,24,M,Cairo,YouTube,Search,Food & Beverage,0,1,46,2025-02-20 16:32:00,Mobile,iOS,Paid,1087,5091,Book your travel today,2000,9
1864,46,M,Luxor,Facebook,Search,Travel,1,0,2,2025-03-19 23:00:00,Mobile,Android,Social,1006,5041,Buy now and save 20%,0,6
1865,22,M,Cairo,Facebook,Video,Fashion,0,0,3,2025-01-02 04:40:00,Tablet,iOS,Paid,1095,5055,Check our new collection,991,2
1866,31,M,Aswan,YouTube,Display,Electronics,0,1,35,2025-02-09 00:07:00,Desktop,Windows,Social,1019,5019,Buy now and save 20%,0,2
1867,29,M,Giza,Facebook,Video,Fashion,1,0,18,2025-03-01 14:35:00,Desktop,iOS,Organic,1026,5015,Limited offer!,226,10
1868,34,M,Giza,Facebook,Video,Food & Beverage,1,0,3,2025-02-19 13:50:00,Desktop,Android,Social,1008,5076,Top-rated gadgets on sale,0,7
1869,52,F,Cairo,Facebook,Display,Travel,0,0,27,2025-02-06 14:33:00,Tablet,Windows,Social,1004,5023,Check our new collection,0,9
1870,28,F,Alexandria,Instagram,Display,Travel,1,0,33,2025-02-22 01:55:00,Desktop,Android,Paid,1074,5079,Book your travel today,0,10
1871,42,M,Luxor,Facebook,Video,Food & Beverage,1,0,4,2025-03-01 00:39:00,Tablet,Windows,Social,1045,5080,Top-rated gadgets on sale,110,10
1872,27,M,Giza,Facebook,Video,Travel,1,0,39,2025-02-16 07:52:00,Tablet,Windows,Social,1086,5026,Check our new collection,0,6
1873,43,M,Alexandria,Facebook,Search,Food & Beverage,0,0,27,2025-02-15 17:03:00,Mobile,iOS,Social,1057,5010,Buy now and save 20%,0,10
1874,38,F,Aswan,Facebook,Video,Electronics,1,1,14,2025-03-20 14:58:00,Desktop,Windows,Paid,1082,5008,Check our new collection,0,8
1875,29,M,Giza,Instagram,Search,Food & Beverage,0,0,42,2025-03-28 00:58:00,Desktop,iOS,Social,1013,5076,Buy now and save 20%,0,1
1876,51,M,Aswan,Instagram,Display,Fashion,0,0,19,2025-03-16 13:29:00,Desktop,Android,Social,1081,5054,Top-rated gadgets on sale,0,8
1877,30,F,Aswan,Instagram,Display,Fashion,0,0,38,2025-03-01 10:30:00,Mobile,iOS,Paid,1015,5018,Top-rated gadgets on sale,0,1
1878,49,M,Giza,Facebook,Video,Electronics,0,0,19,2025-03-28 04:08:00,Desktop,Windows,Social,1086,5090,Buy now and save 20%,0,7
1879,39,F,Giza,Google Ads,Video,Food & Beverage,1,0,47,2025-02-03 02:49:00,Tablet,iOS,Social,1009,5084,Check our new collection,0,7
1880,52,F,Alexandria,YouTube,Display,Electronics,1,0,35,2025-03-23 03:22:00,Tablet,Android,Paid,1090,5000,Book your travel today,0,10
1881,28,F,Aswan,Google Ads,Display,Food & Beverage,0,0,28,2025-03-03 06:31:00,Mobile,Android,Paid,1087,5057,Book your travel today,0,3
1882,26,F,Mansoura,Google Ads,Video,Travel,0,0,36,2025-03-05 09:18:00,Mobile,iOS,Paid,1065,5074,Check our new collection,0,6
1883,28,F,Cairo,Instagram,Display,Food & Beverage,0,0,10,2025-03-10 02:20:00,Tablet,Windows,Organic,1090,5007,Book your travel today,0,2
1884,38,M,Alexandria,Facebook,Display,Food & Beverage,0,0,16,2025-01-29 02:09:00,Desktop,Android,Paid,1045,5032,Limited offer!,0,7
1885,59,F,Mansoura,YouTube,Display,Food & Beverage,1,1,18,2025-03-13 11:34:00,Tablet,Android,Paid,1031,5054,Top-rated gadgets on sale,0,2
1886,41,M,Cairo,Google Ads,Video,Fashion,0,0,9,2025-02-06 06:24:00,Tablet,Windows,Paid,1073,5012,Order online fast delivery,0,5
1887,52,F,Aswan,Instagram,Video,Fashion,1,0,22,2025-01-17 22:02:00,Tablet,Windows,Social,1019,5015,Top-rated gadgets on sale,0,8
1888,54,F,Cairo,Facebook,Display,Travel,1,0,18,2025-02-22 18:37:00,Desktop,Windows,Paid,1033,5066,Buy now and save 20%,0,5
1889,59,F,Aswan,Google Ads,Display,Electronics,0,1,36,2025-02-08 10:25:00,Tablet,Windows,Social,1081,5064,Limited offer!,0,7
1890,38,M,Cairo,Facebook,Display,Gaming,0,0,36,2025-01-17 16:55:00,Desktop,iOS,Paid,1014,5089,Order online fast delivery,0,7
1891,19,F,Aswan,YouTube,Display,Gaming,0,0,41,2025-02-10 00:38:00,Desktop,iOS,Social,1076,5048,Limited offer!,0,1
1892,24,M,Cairo,Facebook,Video,Gaming,1,0,5,2025-03-14 07:13:00,Desktop,iOS,Social,1002,5094,Buy now and save 20%,0,9
1893,58,F,Cairo,Facebook,Display,Food & Beverage,1,0,37,2025-03-12 01:36:00,Mobile,Android,Paid,1001,5087,Top-rated gadgets on sale,0,6
1894,42,F,Cairo,Google Ads,Display,Electronics,1,0,22,2025-02-20 11:14:00,Desktop,Android,Paid,1018,5054,Buy now and save 20%,0,5
1895,45,F,Mansoura,Google Ads,Video,Electronics,0,0,25,2025-03-23 12:45:00,Desktop,Android,Paid,1074,5035,Limited offer!,0,7
1896,44,M,Luxor,Facebook,Video,Gaming,1,0,15,2025-01-31 16:08:00,Desktop,Android,Paid,1024,5042,Order online fast delivery,0,4
1897,56,M,Giza,Facebook,Video,Fashion,0,0,9,2025-03-12 14:04:00,Mobile,iOS,Paid,1068,5004,Limited offer!,0,8
1898,21,F,Giza,YouTube,Video,Travel,1,0,44,2025-03-27 02:16:00,Mobile,Windows,Social,1059,5081,Limited offer!,0,7
1899,35,M,Luxor,YouTube,Display,Electronics,0,0,18,2025-01-17 05:03:00,Mobile,Windows,Social,1025,5054,Buy now and save 20%,0,5
1900,22,F,Cairo,Instagram,Display,Fashion,1,0,46,2025-02-14 01:38:00,Mobile,Windows,Paid,1020,5029,Buy now and save 20%,0,10
1901,40,F,Mansoura,Facebook,Display,Travel,1,0,34,2025-03-29 19:14:00,Desktop,Android,Paid,1015,5067,Check our new collection,0,8
1902,30,F,Alexandria,Facebook,Display,Food & Beverage,0,0,29,2025-02-22 07:30:00,Mobile,Android,Paid,1045,5054,Book your travel today,0,5
1903,30,F,Cairo,Google Ads,Display,Gaming,0,0,7,2025-02-23 09:26:00,Mobile,Windows,Social,1013,5024,Top-rated gadgets on sale,1266,5
1904,43,F,Giza,Instagram,Video,Fashion,0,0,44,2025-01-03 14:09:00,Desktop,Android,Social,1053,5011,Order online fast delivery,0,3
1905,37,F,Aswan,Google Ads,Video,Fashion,0,0,8,2025-01-08 05:26:00,Desktop,Windows,Social,1039,5008,Buy now and save 20%,0,9
1906,38,F,Luxor,YouTube,Display,Travel,1,0,14,2025-02-26 14:41:00,Mobile,iOS,Social,1075,5081,Check our new collection,0,9
1907,33,M,Mansoura,Instagram,Search,Fashion,0,0,31,2025-03-09 04:32:00,Mobile,Android,Paid,1000,5010,Check our new collection,0,5
1908,40,F,Cairo,Instagram,Video,Fashion,1,1,44,2025-03-24 11:10:00,Tablet,Windows,Paid,1096,5013,Check our new collection,1092,4
1909,45,F,Luxor,Instagram,Display,Fashion,1,1,10,2025-01-24 12:28:00,Mobile,Android,Organic,1096,5077,Order online fast delivery,0,2
1910,55,M,Giza,Google Ads,Video,Travel,0,1,50,2025-03-22 08:32:00,Mobile,iOS,Paid,1054,5094,Buy now and save 20%,0,9
1911,59,M,Luxor,Facebook,Display,Travel,0,0,32,2025-03-27 06:43:00,Mobile,Android,Paid,1025,5059,Book your travel today,0,1
1912,38,F,Mansoura,Facebook,Search,Fashion,0,0,22,2025-02-05 21:42:00,Tablet,Windows,Social,1077,5051,Limited offer!,0,1
1913,30,F,Mansoura,Facebook,Video,Gaming,1,0,35,2025-01-05 12:39:00,Tablet,Android,Paid,1006,5049,Order online fast delivery,0,10
1914,22,M,Cairo,Google Ads,Display,Food & Beverage,1,0,33,2025-02-14 16:41:00,Desktop,Android,Social,1003,5062,Book your travel today,0,7
1915,50,M,Giza,YouTube,Display,Electronics,0,0,31,2025-03-11 23:34:00,Mobile,iOS,Social,1041,5001,Check our new collection,0,10
1916,48,F,Cairo,YouTube,Video,Food & Beverage,0,0,31,2025-01-12 02:46:00,Desktop,Android,Organic,1068,5074,Top-rated gadgets on sale,0,7
1917,24,F,Giza,YouTube,Display,Fashion,1,0,49,2025-03-10 22:09:00,Tablet,iOS,Paid,1045,5006,Check our new collection,317,6
1918,26,F,Giza,Facebook,Display,Electronics,0,1,27,2025-03-09 12:52:00,Mobile,Android,Paid,1100,5012,Buy now and save 20%,0,10
1919,40,M,Mansoura,YouTube,Display,Electronics,1,0,49,2025-03-17 22:45:00,Desktop,Android,Paid,1050,5086,Book your travel today,0,4
1920,36,F,Giza,YouTube,Display,Fashion,0,1,4,2025-03-04 10:48:00,Mobile,Windows,Social,1072,5045,Book your travel today,0,7
1921,50,F,Luxor,Google Ads,Display,Fashion,0,0,31,2025-02-07 21:42:00,Tablet,Android,Paid,1020,5038,Buy now and save 20%,0,3
1922,40,F,Giza,Instagram,Display,Fashion,0,0,22,2025-02-01 01:16:00,Mobile,Windows,Organic,1082,5001,Limited offer!,0,10
1923,55,F,Luxor,Instagram,Display,Fashion,0,0,23,2025-02-17 23:55:00,Tablet,Android,Social,1009,5027,Limited offer!,0,4
1924,42,F,Aswan,YouTube,Display,Gaming,0,0,5,2025-01-23 01:29:00,Desktop,iOS,Paid,1025,5090,Check our new collection,0,10
1925,24,F,Cairo,Facebook,Display,Fashion,0,0,39,2025-02-04 09:41:00,Tablet,iOS,Paid,1061,5002,Top-rated gadgets on sale,0,7
1926,44,M,Alexandria,Facebook,Display,Electronics,1,1,17,2025-02-12 14:58:00,Tablet,Windows,Social,1066,5024,Book your travel today,0,7
1927,41,M,Cairo,Google Ads,Search,Food & Beverage,0,0,37,2025-01-05 23:40:00,Tablet,Android,Organic,1048,5066,Limited offer!,0,2
1928,27,F,Alexandria,Facebook,Search,Gaming,1,0,43,2025-02-23 10:28:00,Tablet,Windows,Organic,1066,5080,Order online fast delivery,0,8
1929,29,M,Luxor,Google Ads,Video,Gaming,0,1,44,2025-03-01 08:27:00,Desktop,iOS,Paid,1063,5045,Buy now and save 20%,0,6
1930,57,M,Cairo,Google Ads,Search,Gaming,1,1,18,2025-03-03 00:46:00,Mobile,iOS,Social,1026,5053,Buy now and save 20%,1956,2
1931,39,F,Cairo,Facebook,Video,Travel,1,0,12,2025-01-09 15:54:00,Mobile,Android,Organic,1012,5083,Book your travel today,1330,9
1932,58,F,Giza,Instagram,Display,Travel,1,0,11,2025-03-25 09:16:00,Desktop,Android,Organic,1039,5033,Book your travel today,1918,4
1933,22,F,Mansoura,Facebook,Video,Fashion,0,0,32,2025-03-11 18:52:00,Desktop,iOS,Organic,1094,5049,Limited offer!,0,8
1934,24,M,Alexandria,YouTube,Display,Fashion,1,0,37,2025-01-08 06:38:00,Mobile,Android,Social,1083,5077,Buy now and save 20%,0,6
1935,38,F,Cairo,YouTube,Display,Fashion,0,1,26,2025-02-21 13:46:00,Desktop,iOS,Organic,1018,5094,Book your travel today,0,5
1936,29,F,Alexandria,Google Ads,Video,Fashion,0,0,23,2025-01-26 08:34:00,Tablet,iOS,Organic,1005,5095,Top-rated gadgets on sale,0,7
1937,52,M,Alexandria,Facebook,Video,Food & Beverage,1,0,17,2025-01-16 03:37:00,Tablet,Android,Paid,1049,5090,Book your travel today,0,1
1938,47,F,Cairo,Facebook,Video,Electronics,0,0,17,2025-03-09 12:23:00,Tablet,Windows,Social,1063,5054,Check our new collection,978,10
1939,32,F,Aswan,Google Ads,Video,Food & Beverage,0,0,12,2025-03-01 09:28:00,Tablet,Windows,Social,1035,5030,Buy now and save 20%,0,2
1940,49,F,Cairo,Instagram,Display,Gaming,1,0,18,2025-01-02 09:13:00,Mobile,Android,Organic,1089,5007,Check our new collection,0,9
1941,28,F,Cairo,Instagram,Video,Fashion,1,0,2,2025-03-11 13:27:00,Desktop,Windows,Social,1090,5097,Order online fast delivery,0,2
1942,34,M,Giza,Facebook,Video,Gaming,0,0,41,2025-03-10 11:13:00,Mobile,Windows,Social,1089,5069,Book your travel today,0,10
1943,35,F,Luxor,Google Ads,Display,Food & Beverage,0,0,3,2025-01-11 19:57:00,Desktop,Windows,Social,1028,5065,Check our new collection,0,1
1944,31,F,Mansoura,Facebook,Video,Travel,0,0,37,2025-02-24 00:31:00,Tablet,Android,Paid,1047,5073,Check our new collection,0,10
1945,33,M,Luxor,YouTube,Video,Gaming,1,1,38,2025-02-25 12:16:00,Desktop,Windows,Social,1012,5052,Book your travel today,0,6
1946,18,F,Luxor,Facebook,Display,Food & Beverage,0,0,10,2025-03-19 22:21:00,Desktop,iOS,Social,1030,5072,Top-rated gadgets on sale,0,10
1947,47,F,Mansoura,Facebook,Display,Electronics,1,0,41,2025-02-23 04:53:00,Mobile,iOS,Organic,1046,5043,Buy now and save 20%,0,3
1948,18,M,Cairo,Google Ads,Display,Fashion,0,0,34,2025-01-13 07:29:00,Desktop,Android,Social,1001,5021,Book your travel today,0,5
1949,60,M,Giza,Facebook,Display,Fashion,0,0,20,2025-01-19 12:26:00,Mobile,Android,Paid,1093,5052,Check our new collection,0,1
1950,31,M,Giza,Facebook,Display,Gaming,0,0,48,2025-03-19 13:59:00,Tablet,iOS,Social,1079,5057,Check our new collection,0,1
1951,25,F,Mansoura,Instagram,Display,Electronics,0,0,29,2025-02-22 18:15:00,Tablet,Windows,Paid,1071,5068,Top-rated gadgets on sale,852,7
1952,36,M,Luxor,Facebook,Display,Fashion,1,0,24,2025-03-23 19:37:00,Tablet,Android,Paid,1000,5023,Top-rated gadgets on sale,0,2
1953,22,F,Cairo,Instagram,Display,Electronics,0,0,10,2025-02-22 10:03:00,Tablet,iOS,Social,1028,5047,Top-rated gadgets on sale,0,10
1954,38,M,Giza,Instagram,Display,Food & Beverage,0,0,3,2025-02-05 16:55:00,Tablet,Android,Paid,1041,5073,Top-rated gadgets on sale,0,6
1955,48,F,Luxor,Facebook,Display,Electronics,0,0,17,2025-03-13 22:35:00,Desktop,Windows,Social,1075,5000,Book your travel today,0,2
1956,25,F,Alexandria,Facebook,Video,Fashion,1,0,45,2025-03-11 08:04:00,Mobile,Windows,Social,1057,5071,Limited offer!,0,7
1957,40,F,Aswan,Google Ads,Display,Gaming,0,0,41,2025-02-06 17:57:00,Desktop,Android,Paid,1016,5006,Top-rated gadgets on sale,0,1
1958,18,F,Giza,Instagram,Display,Gaming,1,1,21,2025-01-08 10:10:00,Mobile,iOS,Social,1081,5094,Book your travel today,0,4
1959,19,F,Giza,Google Ads,Video,Travel,0,0,34,2025-03-01 21:55:00,Mobile,Windows,Organic,1092,5029,Limited offer!,0,9
1960,35,M,Giza,Facebook,Display,Electronics,0,0,27,2025-01-22 15:51:00,Mobile,Windows,Social,1002,5023,Check our new collection,0,9
1961,38,M,Cairo,Google Ads,Display,Fashion,0,1,40,2025-02-28 00:45:00,Desktop,Windows,Paid,1040,5082,Limited offer!,790,4
1962,55,F,Aswan,Facebook,Video,Travel,0,0,39,2025-01-02 21:01:00,Mobile,Windows,Paid,1096,5056,Book your travel today,0,2
1963,39,F,Luxor,Google Ads,Video,Electronics,0,0,11,2025-02-05 15:50:00,Desktop,Android,Paid,1055,5035,Check our new collection,0,1
1964,40,F,Giza,Facebook,Display,Fashion,0,0,33,2025-01-10 13:20:00,Desktop,Android,Paid,1008,5066,Order online fast delivery,0,3
1965,49,M,Alexandria,Facebook,Search,Electronics,0,0,50,2025-02-15 23:03:00,Mobile,Windows,Paid,1088,5047,Limited offer!,200,3
1966,44,M,Alexandria,YouTube,Video,Food & Beverage,0,0,17,2025-01-12 22:39:00,Desktop,Windows,Paid,1017,5083,Book your travel today,0,10
1967,60,M,Luxor,Google Ads,Display,Food & Beverage,1,1,46,2025-01-20 05:38:00,Tablet,iOS,Social,1094,5005,Top-rated gadgets on sale,883,7
1968,52,F,Luxor,Instagram,Display,Travel,1,0,5,2025-01-30 21:23:00,Mobile,Windows,Social,1044,5091,Check our new collection,0,3
1969,36,F,Giza,Instagram,Display,Fashion,1,0,34,2025-01-30 19:01:00,Mobile,iOS,Organic,1046,5088,Limited offer!,0,3
1970,30,M,Giza,Facebook,Display,Electronics,0,0,41,2025-02-21 04:04:00,Mobile,Android,Paid,1025,5012,Top-rated gadgets on sale,0,3
1971,58,F,Cairo,Facebook,Search,Food & Beverage,0,0,45,2025-03-13 19:19:00,Tablet,Windows,Social,1081,5015,Order online fast delivery,1119,8
1972,18,F,Cairo,YouTube,Video,Fashion,1,0,28,2025-02-07 04:35:00,Tablet,Windows,Organic,1059,5019,Top-rated gadgets on sale,0,3
1973,19,M,Luxor,YouTube,Video,Electronics,0,0,14,2025-02-21 03:25:00,Desktop,iOS,Organic,1076,5063,Check our new collection,0,8
1974,47,M,Alexandria,Facebook,Display,Travel,1,0,41,2025-03-06 22:11:00,Tablet,Windows,Organic,1058,5030,Book your travel today,0,6
1975,34,M,Cairo,Instagram,Display,Fashion,1,1,20,2025-03-20 08:30:00,Tablet,Android,Paid,1045,5098,Buy now and save 20%,0,8
1976,34,M,Luxor,Facebook,Search,Fashion,0,0,35,2025-01-25 22:18:00,Tablet,Android,Organic,1018,5096,Book your travel today,0,9
1977,23,M,Cairo,Instagram,Video,Food & Beverage,0,0,5,2025-03-09 09:39:00,Mobile,iOS,Organic,1085,5057,Book your travel today,0,2
1978,20,M,Cairo,Google Ads,Display,Travel,0,0,43,2025-02-04 23:13:00,Desktop,Android,Social,1056,5016,Limited offer!,0,2
1979,23,F,Alexandria,YouTube,Display,Fashion,0,0,6,2025-03-30 11:48:00,Mobile,Windows,Paid,1061,5031,Limited offer!,0,9
1980,48,M,Cairo,Facebook,Video,Travel,1,0,12,2025-01-12 18:02:00,Tablet,iOS,Social,1001,5064,Check our new collection,0,4
1981,45,F,Cairo,YouTube,Display,Fashion,0,0,20,2025-02-21 11:41:00,Desktop,Android,Organic,1007,5004,Limited offer!,0,5
1982,40,M,Alexandria,Instagram,Display,Fashion,0,0,38,2025-01-28 04:08:00,Tablet,Android,Social,1007,5000,Top-rated gadgets on sale,0,7
1983,51,F,Giza,Google Ads,Display,Food & Beverage,0,0,18,2025-01-07 14:34:00,Mobile,iOS,Paid,1053,5056,Check our new collection,0,8
1984,34,M,Alexandria,Google Ads,Display,Fashion,0,0,3,2025-03-07 01:25:00,Desktop,Windows,Paid,1045,5083,Buy now and save 20%,867,8
1985,53,F,Aswan,Facebook,Display,Electronics,1,0,28,2025-02-11 11:52:00,Desktop,Windows,Paid,1010,5035,Buy now and save 20%,0,9
1986,23,M,Giza,Facebook,Display,Fashion,0,0,35,2025-03-28 00:12:00,Desktop,Windows,Paid,1012,5037,Order online fast delivery,0,8
1987,29,M,Cairo,Facebook,Display,Fashion,0,0,12,2025-01-31 19:43:00,Mobile,Android,Organic,1013,5016,Book your travel today,0,3
1988,50,M,Giza,Facebook,Display,Food & Beverage,0,0,21,2025-01-30 00:54:00,Desktop,iOS,Social,1063,5070,Buy now and save 20%,0,9
1989,23,F,Cairo,Facebook,Display,Gaming,0,1,4,2025-03-09 22:08:00,Tablet,Android,Organic,1060,5043,Limited offer!,0,7
1990,19,M,Aswan,Instagram,Video,Food & Beverage,0,0,38,2025-03-02 12:22:00,Desktop,Windows,Paid,1018,5048,Order online fast delivery,0,3
1991,19,M,Luxor,Facebook,Display,Travel,0,0,14,2025-03-30 18:34:00,Tablet,iOS,Organic,1070,5072,Limited offer!,0,1
1992,31,M,Luxor,YouTube,Display,Food & Beverage,0,0,13,2025-03-30 09:18:00,Tablet,Android,Organic,1009,5095,Buy now and save 20%,0,3
1993,48,F,Cairo,Facebook,Video,Gaming,1,1,11,2025-01-26 00:00:00,Mobile,iOS,Social,1078,5029,Book your travel today,0,4
1994,45,M,Luxor,Facebook,Display,Electronics,0,1,33,2025-01-26 17:50:00,Mobile,Windows,Social,1079,5073,Order online fast delivery,710,5
1995,32,F,Cairo,Google Ads,Display,Electronics,0,0,42,2025-01-26 15:50:00,Desktop,iOS,Paid,1023,5072,Buy now and save 20%,0,9
1996,46,F,Mansoura,Facebook,Video,Fashion,1,0,4,2025-03-01 00:59:00,Tablet,Android,Social,1090,5030,Check our new collection,0,10
1997,33,M,Giza,Instagram,Video,Food & Beverage,0,1,20,2025-03-05 07:15:00,Desktop,iOS,Paid,1062,5090,Buy now and save 20%,475,4
1998,39,F,Aswan,Facebook,Display,Food & Beverage,1,0,41,2025-02-16 06:40:00,Tablet,Windows,Social,1042,5038,Book your travel today,0,2
1999,32,F,Luxor,Instagram,Search,Food & Beverage,0,0,34,2025-02-04 06:05:00,Tablet,iOS,Organic,1066,5057,Buy now and save 20%,0,6
2000,49,M,Luxor,YouTube,Search,Travel,1,0,13,2025-03-31 19:43:00,Mobile,iOS,Social,1050,5005,Buy now and save 20%,0,1
2001,23,M,Cairo,Facebook,Display,Fashion,0,0,18,2025-02-14 10:01:00,Mobile,iOS,Social,1008,5004,Check our new collection,0,3
2002,36,F,Cairo,Facebook,Video,Fashion,1,0,11,2025-03-11 18:01:00,Desktop,Windows,Organic,1070,5005,Book your travel today,0,2
2003,30,F,Mansoura,Google Ads,Search,Gaming,0,0,6,2025-03-07 03:14:00,Mobile,Windows,Paid,1061,5061,Limited offer!,0,2
2004,24,M,Alexandria,Google Ads,Display,Travel,1,0,17,2025-01-13 01:34:00,Mobile,iOS,Organic,1099,5001,Check our new collection,0,9
2005,35,F,Cairo,YouTube,Video,Fashion,0,1,37,2025-02-17 13:47:00,Tablet,iOS,Social,1070,5052,Check our new collection,0,10
2006,25,F,Giza,Facebook,Display,Gaming,0,0,13,2025-01-04 11:35:00,Tablet,iOS,Social,1083,5039,Check our new collection,0,2
2007,36,F,Cairo,Facebook,Video,Food & Beverage,0,0,35,2025-03-06 13:49:00,Desktop,Android,Organic,1067,5014,Top-rated gadgets on sale,1215,7
2008,21,M,Giza,Facebook,Search,Food & Beverage,0,1,9,2025-01-06 23:57:00,Mobile,Android,Paid,1046,5098,Buy now and save 20%,0,8
2009,43,M,Cairo,Instagram,Video,Electronics,0,1,2,2025-02-01 16:21:00,Tablet,iOS,Organic,1066,5064,Book your travel today,0,5
2010,37,M,Cairo,YouTube,Video,Fashion,0,0,35,2025-03-26 12:20:00,Mobile,Windows,Social,1082,5041,Check our new collection,0,6
2011,18,F,Cairo,Facebook,Display,Gaming,1,0,7,2025-02-24 21:14:00,Mobile,iOS,Paid,1027,5041,Check our new collection,0,2
2012,37,M,Cairo,Google Ads,Search,Travel,0,0,22,2025-03-23 22:53:00,Mobile,iOS,Social,1042,5088,Buy now and save 20%,0,3
2013,42,F,Aswan,Facebook,Display,Gaming,0,0,50,2025-03-30 22:03:00,Mobile,Windows,Paid,1027,5018,Check our new collection,998,7
2014,40,F,Alexandria,Instagram,Video,Electronics,1,0,25,2025-03-16 15:55:00,Desktop,Windows,Social,1073,5055,Check our new collection,0,5
2015,38,M,Giza,YouTube,Display,Food & Beverage,0,0,32,2025-02-04 22:36:00,Desktop,Windows,Organic,1020,5031,Order online fast delivery,0,1
2016,44,F,Mansoura,Instagram,Video,Food & Beverage,1,0,9,2025-01-03 06:10:00,Tablet,iOS,Social,1042,5009,Limited offer!,0,1
2017,34,F,Cairo,Facebook,Display,Food & Beverage,1,0,4,2025-03-14 19:39:00,Tablet,Android,Social,1076,5091,Limited offer!,0,5
2018,52,F,Luxor,Instagram,Display,Food & Beverage,1,1,25,2025-01-03 15:34:00,Mobile,iOS,Organic,1012,5039,Check our new collection,0,9
2019,43,M,Giza,Google Ads,Display,Electronics,0,0,8,2025-01-18 18:10:00,Desktop,iOS,Social,1074,5074,Order online fast delivery,0,10
2020,50,F,Cairo,Facebook,Video,Fashion,1,0,20,2025-03-06 03:22:00,Tablet,iOS,Paid,1043,5043,Buy now and save 20%,0,10
2021,21,F,Giza,YouTube,Display,Electronics,0,0,46,2025-03-27 06:19:00,Mobile,Android,Paid,1030,5095,Limited offer!,0,6
2022,28,M,Cairo,Facebook,Video,Fashion,0,0,11,2025-03-02 20:45:00,Mobile,Android,Paid,1005,5004,Limited offer!,0,1
2023,43,M,Aswan,Instagram,Display,Travel,1,0,44,2025-03-11 14:49:00,Mobile,Windows,Organic,1097,5050,Limited offer!,0,10
2024,24,M,Mansoura,Instagram,Display,Food & Beverage,1,0,18,2025-03-27 19:23:00,Tablet,Windows,Social,1090,5097,Check our new collection,0,4
2025,18,F,Giza,Instagram,Video,Food & Beverage,1,0,7,2025-02-07 03:20:00,Desktop,Windows,Social,1035,5032,Check our new collection,0,2
2026,30,F,Alexandria,YouTube,Display,Fashion,0,0,2,2025-02-21 18:00:00,Mobile,Windows,Social,1085,5088,Order online fast delivery,0,1
2027,38,M,Aswan,Facebook,Video,Food & Beverage,0,0,28,2025-01-15 01:32:00,Tablet,Windows,Organic,1073,5043,Top-rated gadgets on sale,0,10
2028,34,M,Cairo,Facebook,Display,Food & Beverage,0,0,6,2025-01-08 10:03:00,Desktop,Android,Organic,1020,5031,Book your travel today,0,1
2029,18,F,Cairo,YouTube,Display,Food & Beverage,0,0,4,2025-02-15 05:46:00,Desktop,Android,Paid,1009,5090,Order online fast delivery,0,9
2030,53,F,Luxor,Facebook,Display,Electronics,0,1,37,2025-02-19 18:19:00,Mobile,Android,Organic,1042,5013,Check our new collection,0,10
2031,55,F,Cairo,Facebook,Display,Food & Beverage,1,1,14,2025-02-28 07:57:00,Desktop,Windows,Paid,1091,5079,Buy now and save 20%,0,10
2032,22,F,Giza,Google Ads,Display,Gaming,1,0,34,2025-03-21 13:50:00,Tablet,Android,Social,1044,5004,Book your travel today,0,6
2033,41,M,Luxor,Google Ads,Display,Food & Beverage,1,0,22,2025-01-26 05:19:00,Desktop,iOS,Social,1086,5013,Top-rated gadgets on sale,546,4
2034,44,M,Giza,Facebook,Display,Food & Beverage,0,0,25,2025-01-17 12:10:00,Mobile,Windows,Paid,1045,5095,Book your travel today,0,8
2035,50,F,Mansoura,Instagram,Display,Fashion,0,0,16,2025-03-28 15:00:00,Tablet,Android,Social,1079,5036,Top-rated gadgets on sale,360,7
2036,42,M,Giza,Instagram,Display,Electronics,0,0,15,2025-03-25 21:22:00,Desktop,Android,Paid,1047,5034,Check our new collection,0,5
2037,42,M,Cairo,Facebook,Display,Food & Beverage,0,0,39,2025-03-07 02:23:00,Tablet,Android,Social,1086,5078,Order online fast delivery,0,1
2038,47,F,Cairo,Facebook,Display,Fashion,0,0,25,2025-03-18 20:57:00,Tablet,Windows,Paid,1032,5001,Order online fast delivery,0,3
2039,40,F,Cairo,Instagram,Video,Fashion,0,0,19,2025-03-26 12:50:00,Tablet,Android,Organic,1055,5004,Top-rated gadgets on sale,0,10
2040,24,M,Cairo,Instagram,Search,Gaming,1,0,13,2025-02-25 14:42:00,Tablet,Windows,Social,1061,5070,Buy now and save 20%,0,1
2041,22,M,Luxor,Facebook,Video,Electronics,0,0,39,2025-01-15 15:22:00,Tablet,Android,Organic,1016,5067,Top-rated gadgets on sale,0,3
2042,50,M,Luxor,Instagram,Video,Electronics,0,0,17,2025-01-12 04:28:00,Desktop,Android,Social,1076,5043,Check our new collection,780,6
2043,27,M,Giza,Google Ads,Video,Food & Beverage,1,0,50,2025-01-29 09:05:00,Desktop,iOS,Social,1014,5027,Top-rated gadgets on sale,1057,5
2044,48,M,Aswan,Google Ads,Display,Food & Beverage,1,0,27,2025-03-02 16:42:00,Tablet,iOS,Paid,1033,5084,Buy now and save 20%,0,10
2045,41,F,Cairo,YouTube,Display,Electronics,0,0,13,2025-02-22 03:08:00,Desktop,iOS,Organic,1055,5050,Order online fast delivery,0,8
2046,24,M,Alexandria,Facebook,Search,Travel,0,1,44,2025-01-23 14:19:00,Tablet,Windows,Social,1044,5019,Order online fast delivery,0,9
2047,23,M,Cairo,Facebook,Search,Food & Beverage,1,1,20,2025-02-10 13:07:00,Tablet,Android,Organic,1024,5048,Limited offer!,1389,6
2048,46,F,Luxor,Instagram,Video,Electronics,0,0,35,2025-01-05 16:58:00,Mobile,Android,Paid,1018,5075,Top-rated gadgets on sale,0,10
2049,22,M,Aswan,Facebook,Video,Food & Beverage,0,0,10,2025-02-11 01:04:00,Tablet,Android,Paid,1094,5064,Top-rated gadgets on sale,0,6
2050,20,M,Giza,Facebook,Video,Electronics,0,0,32,2025-02-02 11:00:00,Mobile,iOS,Social,1012,5099,Check our new collection,0,7
2051,36,F,Cairo,Instagram,Search,Fashion,1,0,15,2025-01-06 09:38:00,Mobile,Windows,Social,1096,5075,Top-rated gadgets on sale,0,7
2052,52,M,Giza,Facebook,Video,Electronics,0,0,32,2025-02-22 19:10:00,Desktop,Windows,Social,1068,5078,Limited offer!,0,5
2053,57,M,Cairo,Google Ads,Display,Food & Beverage,0,0,39,2025-03-26 07:57:00,Tablet,iOS,Social,1024,5019,Order online fast delivery,0,8
2054,53,M,Cairo,Instagram,Video,Fashion,0,0,4,2025-02-16 11:21:00,Tablet,Android,Social,1079,5042,Top-rated gadgets on sale,0,3
2055,48,M,Luxor,Google Ads,Video,Fashion,0,1,13,2025-02-23 19:43:00,Desktop,iOS,Social,1053,5037,Limited offer!,741,6
2056,19,F,Giza,Facebook,Display,Food & Beverage,0,0,26,2025-02-13 06:40:00,Mobile,Windows,Paid,1048,5066,Check our new collection,0,6
2057,50,M,Giza,Facebook,Video,Gaming,0,0,50,2025-03-30 03:53:00,Tablet,iOS,Paid,1035,5085,Buy now and save 20%,1797,1
2058,34,F,Luxor,Facebook,Search,Electronics,0,0,14,2025-02-17 15:26:00,Tablet,Windows,Paid,1086,5068,Order online fast delivery,0,10
2059,56,F,Cairo,YouTube,Display,Fashion,0,0,15,2025-03-23 23:56:00,Mobile,iOS,Social,1096,5003,Buy now and save 20%,0,3
2060,18,M,Cairo,Instagram,Search,Fashion,0,0,9,2025-01-11 03:18:00,Mobile,iOS,Paid,1093,5081,Order online fast delivery,0,7
2061,22,F,Cairo,Google Ads,Display,Travel,0,0,47,2025-02-22 03:47:00,Desktop,Android,Organic,1074,5017,Check our new collection,0,6
2062,24,F,Mansoura,Google Ads,Display,Travel,1,0,11,2025-03-08 19:43:00,Mobile,iOS,Social,1006,5074,Check our new collection,1661,8
2063,44,M,Luxor,Instagram,Display,Travel,0,0,31,2025-01-23 12:15:00,Mobile,iOS,Organic,1045,5074,Book your travel today,0,2
2064,26,M,Giza,Google Ads,Display,Electronics,1,0,31,2025-03-13 13:44:00,Tablet,iOS,Organic,1009,5006,Order online fast delivery,0,4
2065,25,F,Giza,YouTube,Video,Travel,0,0,50,2025-01-17 03:40:00,Desktop,iOS,Organic,1082,5077,Limited offer!,0,6
2066,55,M,Alexandria,Facebook,Video,Food & Beverage,0,0,22,2025-02-08 21:20:00,Desktop,Android,Social,1061,5063,Top-rated gadgets on sale,0,10
2067,27,M,Aswan,Facebook,Video,Food & Beverage,0,0,33,2025-03-12 01:42:00,Tablet,iOS,Paid,1010,5089,Order online fast delivery,0,2
2068,45,M,Giza,Facebook,Video,Fashion,0,0,10,2025-02-13 04:01:00,Tablet,Android,Social,1047,5031,Book your travel today,1033,8
2069,25,F,Cairo,YouTube,Video,Food & Beverage,0,0,11,2025-01-04 18:07:00,Desktop,Windows,Social,1056,5074,Limited offer!,0,7
2070,23,M,Aswan,Google Ads,Search,Gaming,1,0,37,2025-01-15 06:12:00,Mobile,Windows,Social,1012,5058,Top-rated gadgets on sale,0,1
2071,51,F,Giza,Instagram,Video,Electronics,0,0,35,2025-03-12 01:21:00,Desktop,iOS,Organic,1089,5045,Check our new collection,0,5
2072,55,F,Giza,Facebook,Display,Gaming,0,0,38,2025-03-11 03:25:00,Desktop,Windows,Social,1039,5096,Buy now and save 20%,0,1
2073,24,F,Aswan,YouTube,Display,Food & Beverage,1,1,36,2025-03-24 15:11:00,Desktop,iOS,Organic,1090,5045,Limited offer!,0,2
2074,24,F,Mansoura,YouTube,Display,Electronics,0,0,20,2025-02-14 07:13:00,Desktop,Windows,Social,1080,5092,Check our new collection,0,2
2075,22,F,Giza,Facebook,Search,Gaming,0,0,14,2025-02-03 16:52:00,Desktop,Windows,Social,1067,5059,Buy now and save 20%,0,1
2076,46,M,Cairo,YouTube,Display,Fashion,0,0,2,2025-03-06 05:52:00,Mobile,iOS,Social,1015,5020,Buy now and save 20%,0,4
2077,36,M,Mansoura,Facebook,Display,Fashion,0,0,23,2025-02-02 00:59:00,Tablet,Android,Social,1082,5005,Limited offer!,0,5
2078,36,M,Cairo,Instagram,Display,Food & Beverage,0,0,14,2025-03-29 18:11:00,Tablet,Android,Social,1093,5014,Check our new collection,0,1
2079,34,M,Giza,Facebook,Search,Gaming,0,0,7,2025-03-02 10:37:00,Tablet,Windows,Organic,1010,5000,Buy now and save 20%,0,8
2080,51,F,Cairo,YouTube,Video,Food & Beverage,0,0,4,2025-03-16 16:48:00,Tablet,iOS,Organic,1052,5059,Book your travel today,706,9
2081,50,F,Mansoura,Facebook,Search,Food & Beverage,0,0,16,2025-03-15 04:51:00,Mobile,Android,Social,1076,5001,Limited offer!,0,6
2082,23,M,Cairo,Google Ads,Search,Travel,0,0,28,2025-01-16 14:25:00,Tablet,iOS,Paid,1039,5053,Order online fast delivery,0,9
2083,26,M,Alexandria,YouTube,Video,Food & Beverage,0,1,5,2025-03-20 13:49:00,Tablet,Android,Paid,1086,5084,Check our new collection,0,2
2084,34,M,Alexandria,YouTube,Video,Fashion,0,0,28,2025-01-13 19:38:00,Tablet,Android,Social,1078,5030,Book your travel today,0,7
2085,39,M,Giza,Facebook,Display,Travel,0,0,14,2025-01-16 16:08:00,Desktop,Windows,Social,1059,5031,Limited offer!,0,5
2086,59,M,Alexandria,YouTube,Search,Travel,0,1,12,2025-02-03 18:42:00,Tablet,Windows,Paid,1013,5063,Check our new collection,0,6
2087,24,M,Giza,Facebook,Video,Food & Beverage,1,0,40,2025-02-15 09:31:00,Tablet,Android,Organic,1007,5077,Buy now and save 20%,0,8
2088,55,F,Aswan,Instagram,Search,Electronics,0,0,36,2025-02-25 22:27:00,Mobile,iOS,Organic,1030,5068,Top-rated gadgets on sale,0,4
2089,22,M,Giza,Instagram,Video,Travel,0,0,27,2025-03-26 01:25:00,Mobile,Android,Organic,1045,5037,Order online fast delivery,0,8
2090,27,M,Cairo,YouTube,Search,Food & Beverage,1,0,21,2025-03-30 23:05:00,Mobile,Windows,Social,1002,5082,Limited offer!,0,10
2091,33,F,Luxor,Google Ads,Search,Electronics,1,0,29,2025-03-23 06:28:00,Mobile,Windows,Paid,1069,5027,Order online fast delivery,0,8
2092,22,F,Cairo,Google Ads,Display,Food & Beverage,1,0,19,2025-03-31 04:49:00,Mobile,Android,Paid,1037,5084,Top-rated gadgets on sale,0,7
2093,27,F,Mansoura,Instagram,Video,Travel,1,0,31,2025-03-25 15:02:00,Desktop,Windows,Paid,1095,5073,Check our new collection,0,5
2094,59,F,Cairo,Instagram,Search,Fashion,1,0,41,2025-01-06 19:19:00,Tablet,iOS,Social,1048,5027,Top-rated gadgets on sale,0,7
2095,60,M,Alexandria,Google Ads,Search,Travel,1,0,6,2025-01-29 03:52:00,Mobile,iOS,Organic,1033,5047,Book your travel today,0,10
2096,37,M,Alexandria,Facebook,Search,Travel,0,1,16,2025-02-13 19:35:00,Desktop,iOS,Paid,1039,5019,Check our new collection,0,3
2097,18,M,Alexandria,Facebook,Video,Food & Beverage,0,0,5,2025-03-07 17:40:00,Mobile,Windows,Paid,1011,5055,Buy now and save 20%,0,4
2098,20,F,Cairo,YouTube,Display,Gaming,0,0,35,2025-03-01 11:47:00,Tablet,Windows,Social,1015,5089,Top-rated gadgets on sale,0,8
2099,24,F,Alexandria,YouTube,Display,Fashion,0,0,16,2025-01-13 03:27:00,Desktop,Windows,Paid,1015,5074,Buy now and save 20%,0,7
2100,56,F,Luxor,Google Ads,Display,Electronics,0,0,8,2025-03-21 00:35:00,Desktop,Windows,Organic,1089,5078,Top-rated gadgets on sale,0,3
2101,22,F,Cairo,Instagram,Search,Electronics,0,0,7,2025-01-27 00:16:00,Mobile,iOS,Social,1047,5082,Book your travel today,0,10
2102,37,M,Mansoura,Instagram,Video,Fashion,1,1,5,2025-01-07 13:40:00,Desktop,Android,Organic,1064,5059,Buy now and save 20%,0,10
2103,34,F,Alexandria,YouTube,Display,Fashion,0,0,34,2025-03-16 23:59:00,Tablet,Windows,Organic,1002,5087,Top-rated gadgets on sale,0,10
2104,50,M,Aswan,Instagram,Display,Gaming,0,0,10,2025-01-02 06:58:00,Mobile,iOS,Paid,1043,5013,Top-rated gadgets on sale,0,6
2105,22,M,Giza,YouTube,Video,Electronics,1,1,48,2025-02-12 21:41:00,Mobile,Windows,Organic,1064,5100,Limited offer!,0,8
2106,25,F,Mansoura,Instagram,Display,Fashion,0,1,48,2025-01-12 20:50:00,Desktop,iOS,Social,1025,5086,Buy now and save 20%,0,2
2107,50,F,Aswan,Google Ads,Video,Electronics,0,0,39,2025-03-27 03:12:00,Desktop,Windows,Organic,1041,5099,Top-rated gadgets on sale,0,2
2108,60,M,Alexandria,Facebook,Video,Food & Beverage,0,0,24,2025-02-11 14:33:00,Tablet,iOS,Organic,1017,5092,Top-rated gadgets on sale,0,7
2109,28,F,Cairo,Facebook,Video,Food & Beverage,0,0,23,2025-02-08 13:37:00,Desktop,Windows,Organic,1016,5064,Top-rated gadgets on sale,0,3
2110,46,F,Cairo,Google Ads,Display,Fashion,0,0,33,2025-03-18 17:02:00,Mobile,Android,Organic,1091,5092,Check our new collection,0,8
2111,27,M,Cairo,Facebook,Search,Gaming,0,0,48,2025-03-25 11:43:00,Mobile,iOS,Paid,1014,5064,Buy now and save 20%,0,4
2112,55,F,Luxor,Google Ads,Display,Travel,1,0,5,2025-02-24 11:28:00,Tablet,Windows,Organic,1015,5047,Order online fast delivery,1643,10
2113,33,M,Alexandria,Facebook,Display,Fashion,0,0,43,2025-03-24 00:13:00,Mobile,Windows,Paid,1047,5004,Check our new collection,0,7
2114,44,M,Cairo,Google Ads,Video,Electronics,0,1,24,2025-02-21 22:37:00,Mobile,Windows,Organic,1069,5083,Check our new collection,0,9
2115,32,M,Cairo,Instagram,Display,Food & Beverage,0,1,3,2025-03-23 12:37:00,Tablet,Android,Paid,1068,5065,Book your travel today,0,10
2116,59,M,Cairo,Facebook,Display,Gaming,0,0,38,2025-03-13 01:07:00,Desktop,iOS,Social,1058,5021,Buy now and save 20%,0,6
2117,28,F,Giza,Instagram,Display,Food & Beverage,0,0,48,2025-01-11 01:09:00,Mobile,iOS,Organic,1010,5066,Check our new collection,0,7
2118,56,F,Alexandria,Facebook,Display,Fashion,1,1,50,2025-01-18 16:55:00,Mobile,Windows,Organic,1076,5061,Order online fast delivery,0,10
2119,22,M,Cairo,YouTube,Display,Fashion,0,0,21,2025-02-14 02:07:00,Tablet,Android,Paid,1012,5084,Order online fast delivery,517,5
2120,47,F,Cairo,YouTube,Search,Food & Beverage,0,0,37,2025-02-26 03:55:00,Tablet,Windows,Organic,1043,5013,Buy now and save 20%,643,7
2121,58,F,Giza,Google Ads,Display,Food & Beverage,0,0,14,2025-01-13 01:02:00,Desktop,Windows,Organic,1085,5030,Order online fast delivery,0,1
2122,28,M,Cairo,Facebook,Video,Gaming,0,1,27,2025-02-24 14:03:00,Tablet,iOS,Social,1098,5053,Book your travel today,0,2
2123,24,F,Giza,YouTube,Display,Food & Beverage,1,0,20,2025-03-14 00:10:00,Mobile,Windows,Paid,1089,5034,Top-rated gadgets on sale,0,9
2124,24,M,Cairo,YouTube,Video,Gaming,0,0,36,2025-02-17 22:06:00,Mobile,Windows,Paid,1092,5053,Top-rated gadgets on sale,0,4
2125,54,M,Giza,Instagram,Video,Food & Beverage,0,0,47,2025-03-10 00:58:00,Mobile,iOS,Organic,1048,5007,Order online fast delivery,1748,5
2126,26,F,Luxor,Facebook,Display,Gaming,0,0,50,2025-02-10 01:06:00,Tablet,iOS,Social,1027,5063,Top-rated gadgets on sale,0,2
2127,39,M,Aswan,YouTube,Video,Fashion,0,0,11,2025-03-10 08:01:00,Mobile,iOS,Paid,1035,5004,Limited offer!,0,6
2128,23,F,Cairo,YouTube,Search,Fashion,0,0,15,2025-02-06 19:24:00,Mobile,Android,Paid,1077,5054,Order online fast delivery,0,10
2129,38,F,Giza,Facebook,Display,Fashion,0,0,20,2025-01-07 04:34:00,Desktop,Android,Paid,1061,5028,Top-rated gadgets on sale,0,7
2130,46,F,Cairo,Facebook,Video,Food & Beverage,1,0,41,2025-02-10 09:08:00,Mobile,Android,Organic,1011,5093,Book your travel today,0,7
2131,50,M,Giza,Facebook,Video,Gaming,1,0,27,2025-03-15 14:10:00,Mobile,Android,Organic,1077,5044,Top-rated gadgets on sale,0,10
2132,51,F,Luxor,Facebook,Display,Food & Beverage,1,0,30,2025-01-12 11:23:00,Mobile,iOS,Social,1058,5062,Check our new collection,0,8
2133,57,M,Giza,Facebook,Display,Food & Beverage,0,0,17,2025-01-11 10:07:00,Desktop,iOS,Paid,1068,5084,Order online fast delivery,0,1
2134,34,M,Luxor,Instagram,Display,Food & Beverage,0,1,47,2025-03-18 12:28:00,Desktop,iOS,Social,1040,5072,Top-rated gadgets on sale,0,3
2135,33,F,Cairo,Facebook,Display,Electronics,0,0,2,2025-02-06 19:37:00,Desktop,Android,Social,1011,5079,Order online fast delivery,0,1
2136,48,M,Giza,Google Ads,Search,Electronics,0,0,36,2025-02-15 00:50:00,Tablet,Android,Social,1075,5070,Top-rated gadgets on sale,0,7
2137,41,F,Aswan,Facebook,Display,Travel,0,0,14,2025-03-07 09:12:00,Tablet,iOS,Organic,1020,5051,Limited offer!,826,2
2138,36,M,Giza,Facebook,Video,Electronics,1,0,27,2025-01-31 04:36:00,Desktop,Android,Social,1026,5028,Limited offer!,0,6
2139,59,F,Aswan,Facebook,Display,Electronics,0,0,47,2025-01-07 03:35:00,Mobile,iOS,Social,1084,5071,Order online fast delivery,0,4
2140,43,M,Cairo,Facebook,Display,Travel,0,0,48,2025-01-03 09:04:00,Tablet,Windows,Social,1091,5037,Top-rated gadgets on sale,1676,6
2141,50,F,Mansoura,Instagram,Display,Fashion,0,0,11,2025-01-12 11:43:00,Mobile,Android,Social,1061,5005,Limited offer!,0,7
2142,40,M,Cairo,Facebook,Display,Fashion,0,1,15,2025-03-30 11:54:00,Desktop,Windows,Organic,1008,5100,Buy now and save 20%,0,10
2143,43,M,Luxor,Facebook,Display,Electronics,1,1,45,2025-03-03 07:27:00,Desktop,Android,Social,1097,5047,Check our new collection,0,9
2144,60,F,Giza,Facebook,Video,Food & Beverage,1,1,21,2025-01-09 10:31:00,Desktop,Android,Organic,1039,5085,Check our new collection,0,7
2145,50,F,Giza,YouTube,Display,Fashion,0,0,4,2025-01-09 19:47:00,Desktop,Windows,Organic,1012,5073,Limited offer!,0,2
2146,59,M,Alexandria,Facebook,Display,Electronics,0,0,24,2025-03-20 02:47:00,Desktop,iOS,Social,1095,5034,Top-rated gadgets on sale,410,9
2147,38,F,Mansoura,Google Ads,Display,Travel,1,0,24,2025-02-14 22:20:00,Tablet,Windows,Organic,1074,5091,Top-rated gadgets on sale,0,2
2148,36,M,Mansoura,Facebook,Display,Gaming,1,0,26,2025-03-13 14:46:00,Mobile,iOS,Paid,1016,5059,Book your travel today,0,3
2149,22,F,Cairo,Instagram,Search,Gaming,0,0,22,2025-03-23 04:05:00,Mobile,iOS,Organic,1009,5071,Top-rated gadgets on sale,0,7
2150,50,F,Alexandria,Google Ads,Display,Food & Beverage,0,0,50,2025-02-01 04:10:00,Desktop,Windows,Social,1003,5022,Top-rated gadgets on sale,0,1
2151,51,M,Cairo,Facebook,Display,Food & Beverage,0,1,15,2025-02-20 09:41:00,Mobile,Android,Organic,1078,5014,Buy now and save 20%,0,6
2152,48,M,Cairo,Facebook,Display,Gaming,1,0,32,2025-01-30 13:56:00,Mobile,Android,Paid,1011,5056,Order online fast delivery,0,3
2153,60,M,Giza,Facebook,Video,Food & Beverage,0,0,49,2025-02-06 05:18:00,Tablet,Windows,Organic,1024,5005,Limited offer!,248,7
2154,49,F,Giza,Google Ads,Video,Food & Beverage,0,0,4,2025-02-13 07:27:00,Desktop,Windows,Organic,1066,5024,Check our new collection,0,10
2155,46,F,Alexandria,YouTube,Display,Travel,0,0,42,2025-01-06 18:31:00,Tablet,Windows,Social,1045,5075,Order online fast delivery,0,8
2156,45,F,Luxor,Instagram,Video,Fashion,0,0,50,2025-01-08 14:42:00,Desktop,iOS,Organic,1079,5021,Buy now and save 20%,0,6
2157,22,F,Alexandria,Facebook,Display,Fashion,0,1,39,2025-02-19 16:31:00,Tablet,Android,Organic,1086,5081,Limited offer!,0,7
2158,42,F,Cairo,Google Ads,Display,Fashion,0,1,46,2025-03-19 04:00:00,Mobile,Windows,Paid,1056,5063,Limited offer!,0,4
2159,44,M,Aswan,Instagram,Display,Gaming,0,0,15,2025-03-16 12:22:00,Tablet,iOS,Paid,1010,5073,Book your travel today,472,4
2160,23,F,Cairo,Instagram,Display,Food & Beverage,1,0,22,2025-01-08 04:46:00,Desktop,Android,Organic,1071,5006,Order online fast delivery,0,1
2161,44,M,Cairo,Facebook,Video,Travel,1,0,20,2025-02-07 13:41:00,Mobile,Windows,Paid,1077,5028,Limited offer!,0,6
2162,46,F,Cairo,Facebook,Video,Travel,1,1,46,2025-02-11 09:43:00,Tablet,iOS,Paid,1098,5018,Buy now and save 20%,0,2
2163,41,M,Aswan,Google Ads,Search,Gaming,0,0,9,2025-02-25 20:36:00,Mobile,Windows,Paid,1060,5088,Limited offer!,0,8
2164,25,M,Mansoura,Facebook,Display,Food & Beverage,0,0,7,2025-03-21 23:58:00,Mobile,Android,Paid,1011,5063,Top-rated gadgets on sale,0,10
2165,35,M,Aswan,Google Ads,Search,Fashion,0,0,22,2025-03-10 23:04:00,Mobile,Android,Social,1067,5046,Check our new collection,0,8
2166,34,F,Cairo,Google Ads,Video,Food & Beverage,0,0,39,2025-01-16 23:02:00,Mobile,Windows,Social,1035,5031,Order online fast delivery,177,8
2167,19,F,Alexandria,Facebook,Display,Food & Beverage,0,0,45,2025-01-23 19:10:00,Tablet,Windows,Social,1096,5032,Order online fast delivery,0,7
2168,55,F,Cairo,Instagram,Display,Travel,0,1,33,2025-01-06 06:34:00,Tablet,Android,Social,1098,5086,Top-rated gadgets on sale,0,2
2169,25,M,Cairo,Google Ads,Display,Food & Beverage,0,0,30,2025-02-23 09:40:00,Mobile,Android,Paid,1020,5044,Buy now and save 20%,0,9
2170,36,M,Alexandria,YouTube,Display,Electronics,0,0,28,2025-01-24 13:34:00,Desktop,Windows,Social,1048,5049,Buy now and save 20%,0,8
2171,54,M,Luxor,Facebook,Display,Electronics,1,1,49,2025-01-17 20:31:00,Desktop,Windows,Organic,1046,5054,Buy now and save 20%,0,6
2172,36,M,Cairo,Facebook,Video,Travel,1,0,28,2025-02-28 17:02:00,Mobile,Windows,Paid,1000,5058,Top-rated gadgets on sale,0,10
2173,18,F,Luxor,Facebook,Display,Food & Beverage,1,0,30,2025-02-10 00:50:00,Mobile,Windows,Paid,1063,5016,Check our new collection,0,7
2174,26,M,Alexandria,Instagram,Display,Electronics,0,0,28,2025-01-30 11:10:00,Mobile,Windows,Paid,1016,5028,Buy now and save 20%,0,3
2175,27,F,Alexandria,Facebook,Video,Food & Beverage,0,0,49,2025-03-01 10:20:00,Tablet,iOS,Organic,1011,5028,Book your travel today,0,8
2176,23,F,Cairo,Facebook,Display,Food & Beverage,1,1,49,2025-02-21 15:53:00,Desktop,Android,Social,1066,5021,Check our new collection,0,9
2177,38,M,Alexandria,Facebook,Display,Travel,0,0,45,2025-03-27 19:33:00,Tablet,iOS,Organic,1034,5042,Check our new collection,425,1
2178,27,M,Giza,Instagram,Video,Food & Beverage,0,0,42,2025-01-29 03:21:00,Mobile,Android,Paid,1073,5052,Top-rated gadgets on sale,1878,9
2179,45,M,Luxor,Facebook,Video,Electronics,0,0,27,2025-03-15 19:06:00,Desktop,Windows,Social,1066,5022,Check our new collection,0,5
2180,51,M,Cairo,YouTube,Display,Fashion,0,0,50,2025-02-15 05:28:00,Mobile,Android,Social,1065,5051,Check our new collection,0,1
2181,26,M,Cairo,Instagram,Video,Food & Beverage,0,1,20,2025-02-01 02:06:00,Mobile,Windows,Social,1056,5044,Limited offer!,0,4
2182,41,M,Aswan,Facebook,Display,Fashion,0,0,50,2025-01-10 15:33:00,Tablet,Windows,Organic,1038,5071,Book your travel today,0,5
2183,22,F,Cairo,Facebook,Display,Fashion,1,0,13,2025-02-02 22:48:00,Desktop,iOS,Paid,1057,5006,Top-rated gadgets on sale,0,6
2184,37,F,Alexandria,Instagram,Video,Fashion,0,0,35,2025-02-10 06:58:00,Mobile,iOS,Social,1015,5073,Buy now and save 20%,0,5
2185,28,M,Cairo,Instagram,Display,Gaming,0,0,38,2025-02-15 01:04:00,Desktop,iOS,Paid,1098,5062,Limited offer!,0,4
2186,35,M,Giza,Instagram,Search,Gaming,1,0,36,2025-01-09 14:12:00,Mobile,Android,Social,1029,5026,Top-rated gadgets on sale,482,9
2187,52,F,Cairo,Google Ads,Display,Food & Beverage,1,0,6,2025-03-18 12:11:00,Mobile,Android,Social,1011,5092,Check our new collection,0,9
2188,44,F,Aswan,Facebook,Display,Fashion,0,1,7,2025-03-01 23:28:00,Desktop,iOS,Social,1059,5062,Order online fast delivery,0,7
2189,39,F,Alexandria,Instagram,Video,Fashion,1,1,47,2025-01-29 16:44:00,Tablet,Windows,Social,1097,5023,Order online fast delivery,0,10
2190,34,M,Cairo,Instagram,Display,Travel,1,1,20,2025-02-13 19:35:00,Mobile,Android,Paid,1080,5057,Top-rated gadgets on sale,0,8
2191,53,M,Mansoura,Facebook,Search,Gaming,1,0,22,2025-03-10 05:40:00,Mobile,iOS,Social,1054,5075,Buy now and save 20%,202,3
2192,60,F,Cairo,Facebook,Search,Electronics,0,0,18,2025-03-03 01:21:00,Tablet,Windows,Social,1009,5046,Limited offer!,1048,2
2193,20,F,Giza,Facebook,Video,Food & Beverage,1,0,20,2025-03-05 16:08:00,Mobile,Android,Paid,1100,5015,Buy now and save 20%,0,6
2194,25,M,Mansoura,Google Ads,Display,Travel,1,1,31,2025-02-15 11:05:00,Mobile,Windows,Social,1020,5013,Limited offer!,0,5
2195,48,F,Mansoura,Facebook,Search,Fashion,0,0,31,2025-02-15 17:18:00,Tablet,Android,Organic,1058,5068,Buy now and save 20%,0,10
2196,57,F,Giza,Instagram,Search,Travel,0,0,42,2025-02-20 02:53:00,Desktop,Android,Paid,1095,5069,Check our new collection,0,7
2197,60,F,Alexandria,Facebook,Display,Fashion,0,1,48,2025-03-07 09:46:00,Tablet,Windows,Social,1094,5011,Check our new collection,0,7
2198,21,F,Cairo,Google Ads,Video,Fashion,0,0,18,2025-02-05 09:01:00,Tablet,iOS,Social,1007,5032,Buy now and save 20%,0,1
2199,31,F,Giza,YouTube,Display,Food & Beverage,1,0,6,2025-01-16 17:14:00,Desktop,iOS,Paid,1081,5056,Check our new collection,0,1
2200,57,M,Aswan,Instagram,Display,Gaming,0,1,33,2025-01-03 05:46:00,Desktop,Android,Organic,1097,5050,Order online fast delivery,0,9
2201,38,F,Mansoura,Instagram,Display,Gaming,1,0,44,2025-03-30 02:15:00,Tablet,Android,Organic,1091,5048,Buy now and save 20%,0,7
2202,33,F,Giza,YouTube,Video,Electronics,1,1,9,2025-02-01 07:36:00,Desktop,Windows,Social,1092,5007,Buy now and save 20%,1718,8
2203,25,M,Cairo,Facebook,Display,Food & Beverage,0,0,45,2025-01-06 07:44:00,Mobile,iOS,Organic,1038,5040,Order online fast delivery,0,2
2204,42,F,Alexandria,Instagram,Video,Food & Beverage,1,0,12,2025-03-05 14:41:00,Tablet,iOS,Social,1008,5023,Order online fast delivery,0,10
2205,29,F,Giza,Instagram,Video,Fashion,1,0,44,2025-01-10 21:10:00,Desktop,Windows,Organic,1089,5036,Limited offer!,0,7
2206,42,F,Alexandria,Google Ads,Video,Travel,1,0,40,2025-01-21 19:41:00,Mobile,Windows,Paid,1007,5022,Buy now and save 20%,0,7
2207,53,F,Mansoura,Instagram,Search,Fashion,0,0,3,2025-01-22 09:21:00,Desktop,Android,Organic,1004,5099,Book your travel today,0,7
2208,55,M,Cairo,Google Ads,Display,Food & Beverage,0,0,11,2025-03-08 09:53:00,Mobile,Android,Paid,1073,5007,Top-rated gadgets on sale,0,5
2209,40,M,Giza,YouTube,Search,Travel,0,1,32,2025-02-05 22:54:00,Tablet,Windows,Paid,1058,5096,Order online fast delivery,0,8
2210,46,M,Aswan,Facebook,Display,Fashion,0,0,42,2025-01-12 06:09:00,Desktop,iOS,Social,1087,5051,Buy now and save 20%,0,8
2211,38,M,Giza,Google Ads,Video,Food & Beverage,1,0,19,2025-03-27 22:26:00,Mobile,Windows,Social,1055,5074,Order online fast delivery,1937,9
2212,55,M,Aswan,Instagram,Video,Food & Beverage,0,0,20,2025-01-09 14:55:00,Mobile,Android,Paid,1049,5099,Limited offer!,0,4
2213,56,F,Giza,Google Ads,Search,Electronics,0,0,8,2025-01-09 04:32:00,Desktop,Android,Paid,1051,5095,Check our new collection,0,7
2214,48,M,Luxor,Google Ads,Display,Fashion,1,0,38,2025-02-27 08:27:00,Tablet,Windows,Organic,1038,5061,Limited offer!,0,8
2215,47,M,Giza,Facebook,Display,Gaming,0,0,16,2025-03-12 03:49:00,Mobile,Windows,Organic,1099,5023,Top-rated gadgets on sale,0,1
2216,48,M,Giza,Google Ads,Display,Fashion,0,0,45,2025-01-05 01:48:00,Mobile,iOS,Organic,1046,5056,Limited offer!,0,9
2217,48,F,Cairo,Facebook,Display,Travel,0,0,22,2025-03-16 00:56:00,Mobile,iOS,Paid,1033,5042,Check our new collection,0,9
2218,20,F,Mansoura,Facebook,Display,Food & Beverage,1,0,4,2025-03-15 00:21:00,Desktop,Android,Paid,1083,5040,Top-rated gadgets on sale,0,10
2219,34,M,Giza,Facebook,Display,Electronics,0,0,29,2025-01-26 14:19:00,Tablet,Android,Social,1074,5029,Book your travel today,0,2
2220,54,F,Luxor,Facebook,Video,Travel,1,0,13,2025-02-15 15:35:00,Mobile,Android,Paid,1026,5061,Top-rated gadgets on sale,0,10
2221,33,M,Alexandria,Facebook,Display,Electronics,1,0,13,2025-03-29 22:27:00,Mobile,Windows,Social,1015,5013,Buy now and save 20%,0,10
2222,59,F,Cairo,Facebook,Display,Fashion,0,0,7,2025-02-07 11:36:00,Mobile,Windows,Social,1032,5004,Buy now and save 20%,522,6
2223,41,M,Alexandria,Facebook,Video,Food & Beverage,0,0,10,2025-03-02 10:34:00,Mobile,Android,Paid,1035,5031,Limited offer!,0,9
2224,56,F,Cairo,Instagram,Search,Food & Beverage,1,0,36,2025-02-07 18:59:00,Mobile,Windows,Paid,1034,5029,Check our new collection,0,3
2225,37,F,Cairo,Google Ads,Display,Electronics,0,0,44,2025-02-28 16:41:00,Tablet,Android,Social,1079,5089,Book your travel today,0,7
2226,18,F,Cairo,Instagram,Search,Electronics,0,1,36,2025-02-09 22:45:00,Mobile,iOS,Paid,1040,5039,Buy now and save 20%,1655,4
2227,22,M,Alexandria,Google Ads,Display,Travel,0,0,30,2025-02-20 18:17:00,Tablet,Android,Social,1080,5055,Buy now and save 20%,0,7
2228,55,M,Cairo,Facebook,Video,Fashion,0,1,10,2025-02-23 04:25:00,Mobile,iOS,Organic,1057,5053,Top-rated gadgets on sale,0,8
2229,22,M,Aswan,Instagram,Display,Electronics,0,0,34,2025-03-31 23:30:00,Mobile,Android,Social,1047,5032,Buy now and save 20%,0,6
2230,50,M,Cairo,Facebook,Video,Fashion,1,1,26,2025-03-18 08:35:00,Tablet,Android,Paid,1018,5070,Buy now and save 20%,118,1
2231,27,F,Luxor,Facebook,Display,Fashion,0,0,40,2025-03-13 18:04:00,Tablet,Android,Organic,1036,5003,Top-rated gadgets on sale,0,10
2232,28,F,Mansoura,YouTube,Display,Electronics,1,0,7,2025-01-26 04:22:00,Tablet,Android,Paid,1076,5083,Top-rated gadgets on sale,0,9
2233,25,M,Alexandria,Facebook,Video,Fashion,0,0,47,2025-03-20 20:31:00,Desktop,Windows,Organic,1021,5091,Check our new collection,0,1
2234,22,F,Aswan,Facebook,Video,Electronics,1,1,23,2025-03-13 22:24:00,Tablet,Windows,Organic,1048,5008,Limited offer!,0,6
2235,49,F,Cairo,Facebook,Display,Gaming,0,1,8,2025-01-13 21:59:00,Desktop,Windows,Paid,1079,5082,Book your travel today,0,6
2236,30,M,Mansoura,Facebook,Search,Fashion,1,1,35,2025-01-29 18:51:00,Mobile,iOS,Social,1045,5097,Order online fast delivery,0,6
2237,19,F,Mansoura,YouTube,Display,Electronics,0,0,26,2025-02-03 19:59:00,Mobile,iOS,Social,1048,5090,Limited offer!,0,5
2238,58,F,Cairo,Facebook,Display,Gaming,1,0,34,2025-02-15 13:46:00,Mobile,Android,Organic,1055,5081,Order online fast delivery,0,1
2239,36,M,Giza,Google Ads,Video,Fashion,1,0,25,2025-03-25 17:39:00,Mobile,Windows,Paid,1073,5075,Top-rated gadgets on sale,0,7
2240,22,F,Aswan,YouTube,Display,Travel,1,0,14,2025-02-19 08:52:00,Tablet,Windows,Organic,1009,5049,Buy now and save 20%,0,3
2241,57,F,Giza,YouTube,Search,Electronics,0,0,6,2025-02-10 02:45:00,Mobile,iOS,Social,1023,5052,Order online fast delivery,0,2
2242,36,F,Cairo,Facebook,Display,Food & Beverage,0,0,37,2025-03-20 18:24:00,Mobile,iOS,Social,1013,5064,Limited offer!,0,5
2243,50,M,Cairo,Facebook,Search,Food & Beverage,0,0,27,2025-03-10 07:56:00,Mobile,Android,Social,1096,5098,Book your travel today,0,7
2244,39,F,Cairo,Instagram,Video,Fashion,0,1,20,2025-02-14 03:37:00,Desktop,Android,Organic,1067,5084,Top-rated gadgets on sale,0,8
2245,19,M,Luxor,Google Ads,Display,Electronics,0,0,12,2025-01-08 09:09:00,Desktop,Windows,Paid,1038,5032,Check our new collection,0,4
2246,37,F,Giza,Instagram,Display,Food & Beverage,1,1,41,2025-01-06 21:31:00,Mobile,Windows,Social,1062,5043,Buy now and save 20%,0,5
2247,31,F,Luxor,Instagram,Search,Electronics,0,0,19,2025-02-03 02:31:00,Desktop,iOS,Organic,1005,5095,Buy now and save 20%,0,9
2248,43,F,Luxor,Instagram,Search,Electronics,0,0,21,2025-01-13 22:22:00,Desktop,Windows,Social,1097,5009,Limited offer!,0,1
2249,56,F,Aswan,Facebook,Video,Fashion,0,1,42,2025-01-23 11:33:00,Mobile,iOS,Organic,1058,5035,Check our new collection,0,1
2250,54,F,Cairo,Instagram,Display,Food & Beverage,0,0,50,2025-01-03 14:54:00,Mobile,Windows,Organic,1015,5057,Limited offer!,0,2
2251,33,M,Cairo,Facebook,Search,Electronics,0,0,16,2025-01-22 21:13:00,Mobile,Android,Organic,1046,5024,Book your travel today,0,5
2252,24,M,Cairo,Facebook,Video,Fashion,0,0,14,2025-03-14 12:29:00,Mobile,iOS,Paid,1038,5013,Top-rated gadgets on sale,350,8
2253,29,F,Cairo,Google Ads,Display,Electronics,1,0,31,2025-02-25 23:47:00,Desktop,Windows,Organic,1000,5003,Top-rated gadgets on sale,0,7
2254,58,M,Cairo,Google Ads,Video,Travel,0,1,5,2025-03-26 19:34:00,Tablet,Windows,Social,1077,5077,Check our new collection,0,6
2255,18,M,Mansoura,Facebook,Video,Gaming,1,0,8,2025-03-08 08:40:00,Desktop,iOS,Social,1015,5013,Limited offer!,0,5
2256,41,M,Cairo,Facebook,Display,Travel,0,0,12,2025-01-24 09:43:00,Desktop,Windows,Social,1054,5001,Top-rated gadgets on sale,0,7
2257,20,F,Mansoura,Facebook,Display,Gaming,1,0,40,2025-01-21 09:38:00,Mobile,Windows,Paid,1024,5051,Top-rated gadgets on sale,0,2
2258,24,F,Alexandria,Facebook,Display,Travel,0,0,28,2025-02-28 22:44:00,Mobile,Android,Social,1000,5034,Order online fast delivery,0,4
2259,36,F,Cairo,Facebook,Video,Fashion,0,0,5,2025-03-24 13:31:00,Desktop,Android,Organic,1071,5013,Book your travel today,0,1
2260,20,F,Giza,Instagram,Video,Food & Beverage,1,1,20,2025-01-03 04:48:00,Desktop,iOS,Social,1053,5087,Buy now and save 20%,0,2
2261,25,M,Cairo,Facebook,Search,Gaming,1,1,46,2025-02-03 05:18:00,Tablet,iOS,Social,1092,5067,Buy now and save 20%,1368,9
2262,34,M,Alexandria,Facebook,Video,Food & Beverage,0,0,48,2025-01-08 14:16:00,Mobile,Windows,Organic,1057,5080,Order online fast delivery,0,4
2263,56,M,Luxor,Facebook,Display,Food & Beverage,1,0,3,2025-02-17 12:35:00,Desktop,Windows,Organic,1044,5041,Limited offer!,0,9
2264,48,M,Luxor,Instagram,Video,Food & Beverage,0,0,9,2025-01-07 19:19:00,Desktop,Windows,Social,1046,5059,Top-rated gadgets on sale,0,1
2265,59,M,Alexandria,Facebook,Display,Electronics,0,0,38,2025-03-19 15:39:00,Mobile,Windows,Paid,1084,5000,Limited offer!,0,5
2266,58,F,Giza,Google Ads,Display,Fashion,1,0,28,2025-02-16 22:21:00,Tablet,Android,Social,1024,5098,Limited offer!,0,1
2267,59,F,Mansoura,Google Ads,Video,Electronics,1,1,50,2025-02-13 01:33:00,Tablet,iOS,Social,1017,5021,Buy now and save 20%,0,1
2268,26,M,Mansoura,Google Ads,Display,Gaming,0,0,22,2025-02-28 20:05:00,Desktop,Android,Social,1088,5014,Buy now and save 20%,0,5
2269,34,M,Cairo,YouTube,Video,Food & Beverage,1,1,34,2025-02-25 21:40:00,Desktop,iOS,Social,1082,5019,Limited offer!,0,8
2270,59,F,Alexandria,Facebook,Video,Fashion,0,0,6,2025-03-17 01:07:00,Tablet,Windows,Social,1075,5034,Limited offer!,0,7
2271,56,F,Cairo,Facebook,Video,Food & Beverage,0,0,2,2025-03-02 17:05:00,Mobile,Android,Organic,1024,5073,Top-rated gadgets on sale,0,6
2272,22,F,Cairo,Instagram,Display,Fashion,1,0,45,2025-02-10 15:17:00,Desktop,Android,Organic,1093,5064,Book your travel today,0,5
2273,23,M,Mansoura,Instagram,Video,Travel,1,0,48,2025-02-21 21:23:00,Mobile,Android,Organic,1034,5008,Top-rated gadgets on sale,0,7
2274,48,M,Alexandria,Google Ads,Video,Gaming,0,0,27,2025-01-02 10:25:00,Desktop,Android,Organic,1067,5005,Book your travel today,0,7
2275,34,F,Giza,Google Ads,Display,Fashion,0,0,36,2025-03-26 03:13:00,Tablet,Windows,Social,1079,5090,Book your travel today,0,10
2276,19,M,Cairo,Facebook,Display,Food & Beverage,0,1,28,2025-03-21 23:47:00,Tablet,Android,Social,1039,5012,Top-rated gadgets on sale,0,7
2277,29,F,Mansoura,YouTube,Display,Gaming,0,0,28,2025-03-25 21:34:00,Desktop,Android,Social,1043,5054,Buy now and save 20%,0,7
2278,56,F,Aswan,Facebook,Video,Food & Beverage,0,1,26,2025-02-03 22:35:00,Tablet,Android,Paid,1004,5041,Limited offer!,0,9
2279,21,F,Cairo,Facebook,Display,Gaming,1,0,43,2025-02-16 06:58:00,Mobile,Windows,Paid,1011,5086,Order online fast delivery,0,6
2280,47,M,Giza,Google Ads,Video,Gaming,0,1,22,2025-02-05 14:01:00,Mobile,Windows,Social,1055,5090,Limited offer!,0,7
2281,30,F,Alexandria,Google Ads,Video,Food & Beverage,0,0,37,2025-01-20 02:11:00,Mobile,Windows,Organic,1095,5000,Buy now and save 20%,0,2
2282,46,M,Cairo,Facebook,Video,Travel,0,1,37,2025-03-25 22:41:00,Tablet,Android,Organic,1050,5096,Top-rated gadgets on sale,0,9
2283,38,M,Giza,YouTube,Search,Gaming,1,0,7,2025-03-12 14:16:00,Tablet,Windows,Social,1015,5059,Order online fast delivery,0,3
2284,47,F,Cairo,YouTube,Video,Fashion,0,0,40,2025-02-12 10:10:00,Tablet,Windows,Social,1087,5058,Book your travel today,1959,10
2285,26,F,Aswan,Instagram,Display,Food & Beverage,0,0,44,2025-03-05 00:51:00,Desktop,iOS,Organic,1030,5034,Book your travel today,0,1
2286,51,F,Mansoura,Instagram,Display,Electronics,1,0,50,2025-01-09 12:35:00,Tablet,Android,Social,1042,5098,Buy now and save 20%,0,7
2287,59,F,Alexandria,Instagram,Video,Fashion,1,0,28,2025-02-02 21:43:00,Desktop,iOS,Paid,1041,5040,Book your travel today,0,3
2288,33,M,Alexandria,YouTube,Video,Electronics,1,0,2,2025-02-19 08:51:00,Tablet,iOS,Organic,1096,5043,Check our new collection,0,1
2289,21,F,Luxor,Facebook,Display,Food & Beverage,0,1,36,2025-03-27 08:50:00,Mobile,iOS,Social,1087,5027,Order online fast delivery,1589,2
2290,18,M,Cairo,Facebook,Video,Food & Beverage,0,0,18,2025-03-10 13:10:00,Mobile,Android,Organic,1053,5088,Top-rated gadgets on sale,0,3
2291,45,M,Cairo,Instagram,Search,Fashion,0,0,15,2025-02-24 02:03:00,Tablet,iOS,Social,1017,5063,Order online fast delivery,0,4
2292,39,M,Alexandria,Instagram,Video,Food & Beverage,0,0,45,2025-03-01 02:15:00,Desktop,Android,Paid,1061,5012,Limited offer!,0,6
2293,26,M,Cairo,Google Ads,Video,Food & Beverage,0,0,12,2025-01-30 08:06:00,Desktop,iOS,Organic,1019,5025,Buy now and save 20%,1401,7
2294,20,F,Cairo,Instagram,Video,Gaming,0,0,45,2025-01-31 00:34:00,Desktop,Android,Social,1051,5013,Book your travel today,0,7
2295,39,M,Alexandria,Instagram,Video,Travel,0,0,15,2025-01-10 05:40:00,Desktop,iOS,Social,1058,5043,Buy now and save 20%,0,6
2296,23,F,Cairo,YouTube,Display,Food & Beverage,1,0,39,2025-03-29 09:24:00,Desktop,Windows,Social,1026,5023,Limited offer!,0,7
2297,57,M,Cairo,Facebook,Search,Fashion,0,0,15,2025-01-15 01:44:00,Mobile,Windows,Organic,1055,5016,Order online fast delivery,0,10
2298,39,M,Mansoura,Google Ads,Display,Electronics,0,0,11,2025-01-12 10:11:00,Desktop,Android,Organic,1009,5026,Check our new collection,1547,4
2299,40,M,Cairo,Facebook,Display,Fashion,0,1,3,2025-02-10 13:05:00,Desktop,Android,Paid,1037,5002,Top-rated gadgets on sale,0,8
2300,35,F,Cairo,Facebook,Video,Fashion,0,0,2,2025-02-24 14:32:00,Desktop,Android,Organic,1068,5011,Book your travel today,0,6
2301,29,M,Giza,Instagram,Display,Food & Beverage,0,0,42,2025-02-16 23:13:00,Desktop,Windows,Organic,1091,5006,Order online fast delivery,0,3
2302,54,M,Cairo,Facebook,Display,Travel,0,0,26,2025-02-12 06:44:00,Desktop,Android,Social,1071,5009,Order online fast delivery,0,7
2303,22,F,Mansoura,YouTube,Search,Food & Beverage,0,0,40,2025-01-12 20:44:00,Desktop,Windows,Organic,1034,5100,Order online fast delivery,0,4
2304,22,M,Cairo,Google Ads,Display,Food & Beverage,0,1,30,2025-03-24 05:36:00,Mobile,Windows,Social,1010,5076,Order online fast delivery,0,4
2305,46,M,Mansoura,Facebook,Video,Electronics,0,0,36,2025-02-17 22:37:00,Mobile,iOS,Organic,1092,5048,Top-rated gadgets on sale,1449,8
2306,27,M,Aswan,Google Ads,Display,Electronics,0,0,26,2025-03-08 04:58:00,Desktop,iOS,Paid,1093,5041,Check our new collection,0,1
2307,57,M,Cairo,Instagram,Display,Electronics,1,0,43,2025-03-04 16:22:00,Tablet,Android,Social,1053,5081,Check our new collection,0,9
2308,47,F,Cairo,Google Ads,Display,Fashion,0,0,12,2025-02-10 22:27:00,Tablet,iOS,Paid,1077,5090,Book your travel today,0,7
2309,40,F,Giza,Instagram,Display,Fashion,0,0,16,2025-03-28 07:24:00,Tablet,iOS,Paid,1030,5093,Limited offer!,0,5
2310,23,M,Aswan,Instagram,Display,Fashion,0,0,34,2025-01-24 22:05:00,Desktop,iOS,Organic,1075,5059,Order online fast delivery,0,4
2311,21,M,Alexandria,Facebook,Video,Electronics,1,1,33,2025-03-09 22:04:00,Tablet,Windows,Organic,1063,5011,Limited offer!,0,4
2312,30,M,Giza,Facebook,Display,Gaming,1,0,2,2025-03-30 10:06:00,Desktop,Windows,Social,1096,5064,Buy now and save 20%,0,8
2313,26,F,Alexandria,YouTube,Display,Electronics,0,0,12,2025-02-13 02:29:00,Tablet,Android,Paid,1058,5020,Buy now and save 20%,618,7
2314,42,F,Giza,Facebook,Display,Fashion,1,0,48,2025-01-08 20:37:00,Mobile,iOS,Organic,1077,5069,Book your travel today,0,6
2315,43,M,Cairo,Google Ads,Video,Gaming,1,0,20,2025-02-26 22:17:00,Tablet,iOS,Paid,1005,5073,Book your travel today,0,2
2316,56,M,Cairo,Google Ads,Display,Travel,0,0,17,2025-02-07 12:11:00,Tablet,iOS,Social,1060,5089,Top-rated gadgets on sale,0,5
2317,49,F,Aswan,Instagram,Display,Food & Beverage,0,0,10,2025-03-12 15:35:00,Tablet,Windows,Organic,1093,5044,Top-rated gadgets on sale,0,8
2318,34,M,Mansoura,Facebook,Display,Fashion,0,0,33,2025-01-28 15:36:00,Tablet,Android,Organic,1011,5097,Book your travel today,0,3
2319,37,F,Mansoura,Facebook,Video,Electronics,1,0,42,2025-01-30 12:04:00,Tablet,Windows,Organic,1078,5048,Top-rated gadgets on sale,0,10
2320,19,F,Mansoura,Google Ads,Search,Electronics,0,1,12,2025-02-17 14:31:00,Desktop,Windows,Organic,1003,5063,Order online fast delivery,0,4
2321,43,F,Luxor,Facebook,Video,Food & Beverage,1,0,17,2025-02-23 13:18:00,Mobile,Windows,Social,1081,5008,Check our new collection,0,6
2322,53,F,Giza,Instagram,Display,Travel,1,0,19,2025-01-13 11:08:00,Tablet,Android,Organic,1085,5079,Limited offer!,52,3
2323,20,M,Aswan,YouTube,Search,Gaming,0,1,38,2025-03-05 12:29:00,Mobile,iOS,Social,1092,5046,Limited offer!,0,5
2324,21,F,Mansoura,YouTube,Display,Food & Beverage,1,0,24,2025-03-13 19:42:00,Mobile,Android,Social,1020,5098,Top-rated gadgets on sale,118,10
2325,26,M,Cairo,Facebook,Display,Fashion,1,0,41,2025-03-27 09:42:00,Tablet,Android,Paid,1051,5051,Limited offer!,0,7
2326,50,M,Cairo,Facebook,Display,Electronics,1,1,9,2025-02-10 04:36:00,Desktop,iOS,Organic,1010,5072,Limited offer!,0,8
2327,51,F,Alexandria,Google Ads,Video,Electronics,0,0,49,2025-01-03 19:33:00,Mobile,Windows,Organic,1018,5076,Top-rated gadgets on sale,0,6
2328,56,F,Cairo,Facebook,Display,Gaming,1,0,14,2025-01-18 18:32:00,Tablet,iOS,Paid,1064,5095,Limited offer!,0,3
2329,48,F,Luxor,Instagram,Display,Fashion,0,0,15,2025-01-27 13:21:00,Mobile,Windows,Paid,1066,5021,Order online fast delivery,798,6
2330,23,M,Giza,Google Ads,Video,Food & Beverage,1,0,45,2025-03-30 22:30:00,Mobile,iOS,Paid,1069,5012,Book your travel today,0,1
2331,50,F,Alexandria,Facebook,Search,Fashion,1,0,28,2025-03-31 12:09:00,Tablet,Android,Paid,1076,5079,Book your travel today,0,1
2332,19,M,Cairo,Facebook,Display,Travel,1,1,42,2025-02-10 23:06:00,Desktop,Android,Paid,1025,5015,Limited offer!,0,1
2333,37,M,Giza,Facebook,Display,Food & Beverage,0,0,17,2025-01-10 04:42:00,Mobile,iOS,Organic,1009,5039,Order online fast delivery,0,5
2334,54,F,Cairo,YouTube,Video,Electronics,0,0,34,2025-02-22 20:03:00,Tablet,iOS,Social,1067,5078,Book your travel today,1116,3
2335,33,F,Alexandria,Google Ads,Video,Food & Beverage,0,0,39,2025-01-21 21:37:00,Desktop,Android,Organic,1061,5021,Check our new collection,0,4
2336,22,M,Giza,Facebook,Display,Gaming,0,0,36,2025-03-25 05:30:00,Desktop,Android,Social,1012,5041,Order online fast delivery,0,7
2337,50,M,Cairo,Facebook,Video,Fashion,0,0,2,2025-01-27 13:27:00,Tablet,Android,Social,1082,5080,Book your travel today,0,4
2338,31,M,Alexandria,Instagram,Display,Food & Beverage,0,0,22,2025-02-04 09:29:00,Desktop,iOS,Paid,1099,5091,Order online fast delivery,0,7
2339,41,F,Giza,Facebook,Video,Travel,0,0,39,2025-03-27 08:49:00,Mobile,iOS,Paid,1035,5062,Limited offer!,0,9
2340,60,F,Cairo,YouTube,Display,Food & Beverage,0,0,5,2025-03-29 00:22:00,Mobile,Android,Paid,1010,5017,Book your travel today,0,2
2341,41,M,Aswan,Facebook,Display,Travel,0,0,22,2025-02-28 00:09:00,Mobile,Windows,Social,1034,5004,Limited offer!,0,7
2342,32,M,Giza,Instagram,Search,Electronics,1,0,26,2025-03-11 19:24:00,Mobile,Windows,Paid,1095,5021,Limited offer!,0,3
2343,26,M,Cairo,Instagram,Display,Gaming,0,1,38,2025-01-30 00:45:00,Tablet,iOS,Social,1053,5025,Check our new collection,0,9
2344,30,F,Cairo,Facebook,Video,Gaming,0,1,49,2025-01-02 20:58:00,Mobile,iOS,Paid,1088,5067,Buy now and save 20%,0,1
2345,25,F,Cairo,Facebook,Search,Food & Beverage,0,0,40,2025-03-08 18:17:00,Desktop,Windows,Paid,1088,5081,Check our new collection,0,10
2346,55,F,Cairo,Facebook,Video,Fashion,1,0,34,2025-02-06 18:36:00,Tablet,iOS,Paid,1067,5023,Top-rated gadgets on sale,0,8
2347,37,M,Cairo,Facebook,Video,Food & Beverage,0,0,29,2025-02-05 20:14:00,Tablet,iOS,Organic,1095,5043,Book your travel today,0,10
2348,29,M,Giza,Facebook,Video,Electronics,0,0,44,2025-01-14 10:07:00,Desktop,iOS,Paid,1095,5008,Limited offer!,0,8
2349,18,M,Cairo,Facebook,Display,Food & Beverage,0,0,17,2025-01-23 08:19:00,Tablet,Android,Paid,1008,5036,Limited offer!,0,6
2350,45,M,Aswan,YouTube,Display,Travel,0,0,12,2025-03-31 22:43:00,Mobile,Android,Organic,1002,5041,Top-rated gadgets on sale,1572,6
2351,24,F,Cairo,Facebook,Search,Food & Beverage,0,0,2,2025-03-07 22:57:00,Desktop,Windows,Social,1099,5002,Order online fast delivery,0,8
2352,41,M,Giza,Facebook,Display,Fashion,0,0,40,2025-03-03 09:53:00,Tablet,Windows,Social,1003,5031,Check our new collection,0,10
2353,48,M,Giza,Facebook,Video,Fashion,0,0,22,2025-03-08 10:22:00,Mobile,Windows,Organic,1026,5047,Order online fast delivery,0,1
2354,54,M,Cairo,Instagram,Display,Food & Beverage,0,0,5,2025-03-11 16:27:00,Tablet,iOS,Organic,1042,5015,Book your travel today,0,7
2355,54,F,Cairo,Instagram,Video,Travel,0,0,32,2025-01-26 08:43:00,Mobile,Windows,Social,1018,5099,Order online fast delivery,0,10
2356,49,F,Cairo,Facebook,Display,Gaming,0,0,42,2025-01-08 13:39:00,Tablet,Windows,Organic,1066,5025,Buy now and save 20%,0,10
2357,54,F,Giza,Facebook,Display,Fashion,1,0,46,2025-02-23 03:14:00,Tablet,iOS,Social,1008,5062,Book your travel today,0,3
2358,38,F,Cairo,Instagram,Display,Electronics,1,0,20,2025-01-17 08:31:00,Mobile,Android,Organic,1006,5025,Limited offer!,0,6
2359,38,M,Cairo,Instagram,Search,Gaming,0,0,23,2025-03-01 12:17:00,Desktop,iOS,Social,1058,5081,Check our new collection,0,2
2360,24,M,Aswan,Facebook,Video,Fashion,0,1,49,2025-01-25 02:02:00,Mobile,Windows,Paid,1054,5094,Top-rated gadgets on sale,0,8
2361,40,F,Aswan,YouTube,Display,Fashion,0,0,19,2025-02-03 00:53:00,Tablet,iOS,Paid,1011,5034,Check our new collection,0,7
2362,58,F,Alexandria,Google Ads,Search,Electronics,0,0,39,2025-02-09 04:21:00,Mobile,Android,Paid,1014,5048,Book your travel today,0,4
2363,20,F,Cairo,Facebook,Video,Electronics,0,0,25,2025-02-16 07:46:00,Mobile,Windows,Organic,1073,5003,Limited offer!,0,4
2364,30,F,Giza,Facebook,Display,Fashion,0,0,41,2025-03-07 17:52:00,Desktop,iOS,Social,1035,5055,Top-rated gadgets on sale,183,3
2365,50,F,Giza,Instagram,Display,Fashion,1,0,20,2025-01-01 02:00:00,Desktop,iOS,Organic,1049,5069,Check our new collection,1577,5
2366,35,M,Aswan,Google Ads,Display,Fashion,0,0,26,2025-02-27 00:18:00,Tablet,Android,Paid,1058,5038,Order online fast delivery,902,5
2367,25,M,Alexandria,Facebook,Search,Electronics,1,0,21,2025-01-01 15:14:00,Mobile,Windows,Social,1048,5066,Book your travel today,0,3
2368,42,F,Cairo,Facebook,Video,Food & Beverage,1,1,25,2025-02-06 10:15:00,Desktop,iOS,Organic,1014,5052,Limited offer!,0,10
2369,47,M,Luxor,Instagram,Video,Travel,0,0,7,2025-01-23 20:54:00,Tablet,iOS,Paid,1077,5094,Book your travel today,0,7
2370,48,M,Giza,Google Ads,Video,Food & Beverage,0,0,9,2025-03-21 18:55:00,Mobile,Windows,Social,1029,5014,Check our new collection,0,1
2371,39,F,Giza,Google Ads,Display,Gaming,1,1,23,2025-03-21 07:54:00,Mobile,Windows,Social,1002,5022,Buy now and save 20%,217,6
2372,50,M,Mansoura,Facebook,Display,Electronics,0,0,2,2025-03-21 00:02:00,Tablet,Android,Organic,1073,5048,Book your travel today,770,10
2373,23,F,Cairo,Instagram,Video,Food & Beverage,1,0,50,2025-02-17 10:41:00,Mobile,Android,Social,1080,5061,Check our new collection,0,2
2374,20,F,Alexandria,YouTube,Display,Food & Beverage,0,0,40,2025-02-27 05:44:00,Tablet,iOS,Social,1078,5016,Buy now and save 20%,0,1
2375,45,M,Giza,YouTube,Search,Gaming,0,0,34,2025-03-15 00:06:00,Desktop,Android,Organic,1082,5063,Book your travel today,0,4
2376,30,M,Giza,Google Ads,Display,Fashion,0,0,9,2025-01-11 20:27:00,Desktop,Android,Organic,1070,5017,Order online fast delivery,374,5
2377,21,F,Luxor,Instagram,Video,Food & Beverage,1,1,38,2025-03-18 23:56:00,Desktop,Windows,Paid,1063,5036,Limited offer!,0,2
2378,56,F,Alexandria,Facebook,Display,Food & Beverage,0,0,32,2025-03-20 14:51:00,Desktop,iOS,Organic,1029,5016,Check our new collection,0,1
2379,36,F,Alexandria,Facebook,Display,Food & Beverage,1,0,13,2025-01-25 15:36:00,Mobile,Windows,Social,1036,5048,Limited offer!,0,6
2380,26,M,Aswan,Instagram,Video,Travel,0,0,15,2025-02-16 11:22:00,Tablet,Android,Paid,1100,5081,Buy now and save 20%,0,10
2381,28,M,Aswan,YouTube,Display,Fashion,1,0,21,2025-02-13 18:35:00,Mobile,iOS,Paid,1083,5053,Limited offer!,0,1
2382,36,M,Cairo,Google Ads,Video,Gaming,0,0,3,2025-03-31 01:28:00,Mobile,Windows,Paid,1075,5057,Order online fast delivery,0,9
2383,18,M,Giza,Facebook,Search,Food & Beverage,1,0,40,2025-02-27 21:51:00,Mobile,iOS,Social,1051,5064,Order online fast delivery,0,7
2384,44,M,Cairo,Google Ads,Video,Gaming,1,0,16,2025-01-21 14:22:00,Desktop,Android,Social,1005,5073,Book your travel today,296,8
2385,42,F,Cairo,Facebook,Display,Food & Beverage,1,0,25,2025-02-06 23:14:00,Desktop,iOS,Organic,1084,5042,Limited offer!,0,6
2386,25,M,Alexandria,Instagram,Search,Food & Beverage,0,0,46,2025-02-03 04:08:00,Tablet,iOS,Organic,1099,5099,Limited offer!,0,2
2387,53,M,Cairo,YouTube,Video,Fashion,0,0,45,2025-01-09 16:07:00,Mobile,iOS,Organic,1025,5056,Top-rated gadgets on sale,0,9
2388,40,F,Cairo,Google Ads,Display,Food & Beverage,0,0,25,2025-02-12 13:00:00,Desktop,iOS,Organic,1001,5091,Top-rated gadgets on sale,1253,10
2389,18,M,Cairo,YouTube,Search,Travel,0,0,19,2025-01-09 00:21:00,Tablet,Windows,Paid,1021,5100,Order online fast delivery,0,7
2390,57,F,Cairo,YouTube,Video,Food & Beverage,0,0,39,2025-03-30 18:20:00,Desktop,Android,Organic,1097,5016,Top-rated gadgets on sale,0,5
2391,54,M,Aswan,Facebook,Display,Fashion,0,0,27,2025-01-08 13:54:00,Tablet,Android,Paid,1034,5030,Buy now and save 20%,1418,2
2392,44,M,Cairo,Facebook,Display,Fashion,0,0,5,2025-01-27 06:38:00,Mobile,Windows,Social,1020,5040,Buy now and save 20%,0,6
2393,34,M,Luxor,Facebook,Display,Food & Beverage,1,0,31,2025-03-21 05:19:00,Desktop,Android,Paid,1024,5082,Top-rated gadgets on sale,0,10
2394,46,M,Alexandria,Facebook,Video,Gaming,1,0,16,2025-01-21 07:05:00,Mobile,Windows,Paid,1098,5094,Limited offer!,0,4
2395,24,M,Mansoura,Facebook,Display,Food & Beverage,0,0,21,2025-03-13 21:14:00,Desktop,Android,Organic,1052,5054,Limited offer!,0,10
2396,47,F,Cairo,Instagram,Video,Food & Beverage,0,0,18,2025-02-04 11:55:00,Tablet,Android,Social,1011,5072,Check our new collection,0,10
2397,33,M,Giza,Instagram,Display,Gaming,0,0,49,2025-02-07 23:08:00,Desktop,iOS,Organic,1088,5033,Check our new collection,0,2
2398,24,M,Mansoura,Facebook,Video,Electronics,0,1,43,2025-03-07 09:50:00,Desktop,iOS,Organic,1087,5089,Order online fast delivery,0,7
2399,45,M,Giza,Facebook,Video,Food & Beverage,0,0,3,2025-03-17 19:04:00,Mobile,iOS,Social,1070,5040,Top-rated gadgets on sale,0,10
2400,39,F,Aswan,Facebook,Display,Fashion,1,0,33,2025-01-02 14:47:00,Desktop,Windows,Paid,1087,5093,Buy now and save 20%,0,1
2401,31,M,Giza,YouTube,Display,Food & Beverage,0,0,24,2025-03-27 20:01:00,Mobile,iOS,Social,1008,5037,Check our new collection,0,8
2402,19,M,Giza,Facebook,Display,Electronics,0,0,36,2025-01-20 22:31:00,Desktop,Windows,Paid,1098,5017,Buy now and save 20%,905,6
2403,26,M,Alexandria,Facebook,Search,Electronics,0,0,5,2025-01-25 06:40:00,Tablet,Android,Organic,1022,5026,Book your travel today,0,4
2404,45,M,Aswan,Facebook,Video,Food & Beverage,0,1,34,2025-01-22 00:14:00,Desktop,iOS,Social,1074,5009,Check our new collection,0,9
2405,46,M,Cairo,Facebook,Video,Electronics,0,0,15,2025-02-22 15:54:00,Mobile,Windows,Organic,1007,5021,Buy now and save 20%,0,8
2406,26,M,Cairo,YouTube,Video,Fashion,0,0,8,2025-01-21 11:50:00,Tablet,Windows,Social,1000,5041,Book your travel today,0,4
2407,47,M,Cairo,Instagram,Display,Electronics,0,0,15,2025-03-30 19:56:00,Tablet,iOS,Social,1097,5092,Top-rated gadgets on sale,0,2
2408,52,M,Cairo,Facebook,Video,Food & Beverage,1,0,50,2025-03-11 12:00:00,Tablet,Windows,Social,1092,5097,Buy now and save 20%,0,7
2409,55,F,Aswan,YouTube,Display,Food & Beverage,0,0,8,2025-03-25 08:46:00,Tablet,Android,Paid,1043,5051,Top-rated gadgets on sale,0,1
2410,39,F,Luxor,Instagram,Video,Electronics,0,1,42,2025-02-11 07:41:00,Mobile,Windows,Paid,1049,5027,Buy now and save 20%,0,9
2411,30,M,Giza,Facebook,Search,Electronics,0,1,36,2025-02-15 01:10:00,Tablet,iOS,Social,1057,5090,Book your travel today,0,5
2412,36,M,Cairo,Instagram,Display,Electronics,1,1,22,2025-02-05 03:02:00,Tablet,iOS,Organic,1051,5049,Book your travel today,0,4
2413,22,F,Luxor,Instagram,Display,Fashion,1,1,12,2025-02-01 11:06:00,Mobile,Windows,Social,1010,5073,Top-rated gadgets on sale,0,9
2414,51,F,Aswan,Google Ads,Video,Travel,1,1,8,2025-02-24 01:55:00,Tablet,iOS,Organic,1094,5051,Order online fast delivery,0,10
2415,35,F,Mansoura,Google Ads,Display,Fashion,0,0,37,2025-03-02 05:04:00,Tablet,Android,Organic,1082,5028,Check our new collection,0,6
2416,54,F,Cairo,Facebook,Video,Electronics,0,1,32,2025-02-28 05:10:00,Desktop,Android,Organic,1042,5081,Buy now and save 20%,0,2
2417,33,M,Luxor,Instagram,Display,Gaming,1,0,23,2025-03-10 21:07:00,Tablet,iOS,Organic,1021,5086,Check our new collection,0,7
2418,30,M,Cairo,Facebook,Search,Food & Beverage,0,1,17,2025-01-27 22:42:00,Mobile,Windows,Paid,1055,5021,Buy now and save 20%,0,4
2419,29,M,Cairo,Instagram,Display,Electronics,1,0,40,2025-02-06 17:30:00,Tablet,Android,Organic,1036,5098,Limited offer!,0,1
2420,40,F,Cairo,Facebook,Display,Fashion,0,0,50,2025-03-10 15:16:00,Mobile,Windows,Paid,1087,5090,Buy now and save 20%,0,10
2421,18,F,Cairo,Google Ads,Video,Food & Beverage,0,0,41,2025-01-26 13:01:00,Mobile,Windows,Social,1062,5043,Check our new collection,0,4
2422,39,F,Cairo,YouTube,Display,Gaming,0,0,15,2025-01-05 07:29:00,Desktop,Android,Organic,1054,5002,Top-rated gadgets on sale,0,10
2423,25,M,Giza,Google Ads,Display,Gaming,0,0,31,2025-03-20 09:39:00,Desktop,Windows,Organic,1058,5048,Limited offer!,0,5
2424,47,M,Cairo,Facebook,Display,Food & Beverage,0,1,25,2025-01-26 07:08:00,Desktop,iOS,Organic,1012,5057,Check our new collection,0,4
2425,35,M,Cairo,Facebook,Search,Food & Beverage,0,0,21,2025-01-19 17:07:00,Mobile,iOS,Social,1080,5079,Book your travel today,0,2
2426,29,F,Giza,Facebook,Display,Fashion,0,0,22,2025-03-16 13:55:00,Desktop,Windows,Paid,1007,5077,Limited offer!,1021,9
2427,27,F,Giza,Facebook,Display,Food & Beverage,0,1,19,2025-01-10 06:55:00,Mobile,Android,Paid,1033,5003,Limited offer!,0,10
2428,49,M,Giza,Google Ads,Display,Fashion,0,0,8,2025-02-19 16:44:00,Desktop,Android,Organic,1088,5061,Top-rated gadgets on sale,0,10
2429,53,M,Alexandria,Facebook,Video,Fashion,0,0,29,2025-03-23 17:56:00,Tablet,Android,Organic,1004,5044,Book your travel today,0,9
2430,19,M,Mansoura,Facebook,Search,Electronics,1,0,32,2025-01-18 04:21:00,Desktop,Windows,Paid,1045,5089,Check our new collection,0,2
2431,35,F,Giza,Facebook,Display,Travel,0,0,36,2025-03-17 17:46:00,Mobile,Android,Organic,1029,5094,Limited offer!,0,1
2432,46,F,Luxor,Facebook,Video,Electronics,0,0,45,2025-03-10 19:27:00,Tablet,iOS,Paid,1011,5026,Book your travel today,1231,1
2433,43,M,Mansoura,Facebook,Video,Food & Beverage,0,0,42,2025-02-13 23:55:00,Mobile,iOS,Paid,1031,5003,Book your travel today,1424,5
2434,24,M,Aswan,YouTube,Display,Travel,1,1,26,2025-02-20 13:48:00,Desktop,iOS,Organic,1044,5040,Top-rated gadgets on sale,327,2
2435,47,F,Mansoura,YouTube,Display,Food & Beverage,0,1,45,2025-01-24 20:29:00,Desktop,Android,Social,1015,5087,Top-rated gadgets on sale,0,9
2436,51,M,Alexandria,Facebook,Video,Food & Beverage,1,0,11,2025-01-20 16:32:00,Tablet,iOS,Social,1004,5096,Book your travel today,0,7
2437,53,M,Luxor,Google Ads,Display,Fashion,0,0,12,2025-03-06 07:00:00,Desktop,iOS,Social,1053,5076,Buy now and save 20%,0,2
2438,50,M,Cairo,Facebook,Video,Food & Beverage,1,1,32,2025-01-07 03:32:00,Mobile,iOS,Social,1047,5026,Buy now and save 20%,0,1
2439,23,M,Alexandria,Facebook,Video,Electronics,1,1,25,2025-01-03 01:45:00,Mobile,Android,Social,1018,5076,Limited offer!,601,7
2440,19,M,Giza,Facebook,Display,Electronics,0,0,13,2025-02-24 21:55:00,Mobile,Windows,Organic,1028,5026,Top-rated gadgets on sale,0,4
2441,32,M,Cairo,Facebook,Display,Fashion,1,0,29,2025-03-16 23:27:00,Mobile,iOS,Paid,1015,5034,Limited offer!,0,8
2442,37,F,Mansoura,YouTube,Display,Fashion,1,0,22,2025-03-30 06:06:00,Mobile,Android,Social,1004,5053,Buy now and save 20%,0,6
2443,33,F,Giza,Instagram,Video,Electronics,1,0,26,2025-01-24 12:39:00,Mobile,Android,Organic,1029,5059,Buy now and save 20%,0,7
2444,24,M,Cairo,Facebook,Search,Food & Beverage,0,0,20,2025-03-22 03:09:00,Desktop,Windows,Paid,1076,5095,Check our new collection,0,6
2445,42,M,Giza,Google Ads,Display,Gaming,1,0,29,2025-02-15 20:39:00,Tablet,Windows,Organic,1032,5046,Book your travel today,0,1
2446,51,F,Giza,Facebook,Display,Electronics,1,0,5,2025-01-12 08:06:00,Desktop,iOS,Organic,1084,5086,Limited offer!,1429,7
2447,42,F,Giza,Facebook,Video,Fashion,1,0,33,2025-01-31 17:22:00,Desktop,iOS,Paid,1007,5050,Book your travel today,0,1
2448,32,M,Aswan,Facebook,Video,Gaming,0,0,49,2025-02-25 11:42:00,Mobile,Windows,Organic,1050,5001,Order online fast delivery,161,5
2449,26,F,Cairo,Facebook,Display,Gaming,0,0,31,2025-01-21 21:55:00,Desktop,Android,Social,1044,5090,Book your travel today,0,8
2450,32,F,Cairo,Facebook,Video,Electronics,0,0,7,2025-01-29 07:44:00,Tablet,iOS,Social,1063,5085,Check our new collection,0,1
2451,19,M,Aswan,Google Ads,Video,Gaming,0,0,19,2025-01-22 04:31:00,Tablet,Android,Social,1051,5030,Order online fast delivery,0,8
2452,38,M,Aswan,Google Ads,Video,Fashion,1,1,4,2025-02-13 15:03:00,Mobile,Android,Social,1024,5053,Top-rated gadgets on sale,0,4
2453,44,F,Luxor,Facebook,Search,Food & Beverage,0,0,50,2025-02-09 01:34:00,Mobile,iOS,Organic,1031,5094,Check our new collection,0,7
2454,33,M,Giza,Facebook,Search,Gaming,0,0,36,2025-01-17 01:51:00,Tablet,iOS,Paid,1078,5016,Buy now and save 20%,0,8
2455,39,F,Cairo,Google Ads,Video,Fashion,0,0,41,2025-03-26 22:36:00,Desktop,Android,Social,1082,5022,Book your travel today,0,10
2456,30,M,Luxor,Instagram,Video,Food & Beverage,0,0,30,2025-03-28 02:02:00,Mobile,Android,Paid,1044,5034,Check our new collection,0,5
2457,29,M,Luxor,Instagram,Video,Food & Beverage,0,0,9,2025-02-27 18:27:00,Tablet,Android,Paid,1090,5052,Order online fast delivery,1433,7
2458,55,F,Giza,YouTube,Display,Electronics,0,0,36,2025-03-04 20:09:00,Tablet,iOS,Paid,1098,5007,Limited offer!,0,8
2459,33,M,Alexandria,Facebook,Display,Electronics,0,0,8,2025-02-06 14:47:00,Desktop,Windows,Social,1084,5081,Top-rated gadgets on sale,0,7
2460,19,F,Aswan,Google Ads,Video,Electronics,0,0,19,2025-01-08 03:14:00,Mobile,Windows,Paid,1008,5038,Buy now and save 20%,0,1
2461,47,M,Mansoura,Google Ads,Display,Fashion,1,0,16,2025-03-01 18:15:00,Mobile,Android,Organic,1074,5076,Book your travel today,0,9
2462,30,M,Cairo,YouTube,Display,Gaming,1,0,30,2025-01-27 08:36:00,Mobile,Android,Organic,1067,5051,Book your travel today,0,1
2463,28,M,Cairo,Facebook,Video,Food & Beverage,1,0,20,2025-03-25 15:40:00,Tablet,Android,Paid,1022,5019,Book your travel today,361,4
2464,49,F,Cairo,Instagram,Video,Electronics,0,0,13,2025-01-06 18:30:00,Desktop,iOS,Organic,1009,5084,Buy now and save 20%,0,7
2465,59,M,Giza,YouTube,Video,Food & Beverage,0,0,48,2025-02-08 18:49:00,Tablet,iOS,Social,1002,5093,Check our new collection,1412,5
2466,60,M,Mansoura,Instagram,Display,Gaming,0,0,20,2025-02-22 18:08:00,Mobile,Windows,Social,1013,5099,Limited offer!,0,6
2467,24,M,Giza,Google Ads,Display,Food & Beverage,0,0,30,2025-03-24 01:32:00,Desktop,Windows,Paid,1044,5019,Order online fast delivery,0,10
2468,44,M,Luxor,Instagram,Search,Fashion,1,0,32,2025-02-06 23:15:00,Desktop,Android,Social,1054,5003,Check our new collection,0,2
2469,40,M,Giza,Google Ads,Display,Electronics,1,0,33,2025-03-30 02:15:00,Mobile,iOS,Paid,1096,5071,Buy now and save 20%,0,4
2470,38,F,Cairo,Facebook,Video,Fashion,0,0,4,2025-03-22 17:15:00,Mobile,Android,Organic,1067,5054,Check our new collection,0,5
2471,28,M,Alexandria,Facebook,Search,Gaming,1,1,35,2025-01-18 09:07:00,Mobile,Android,Paid,1034,5032,Order online fast delivery,0,10
2472,40,F,Cairo,YouTube,Search,Travel,1,0,17,2025-03-14 23:01:00,Tablet,iOS,Organic,1006,5054,Top-rated gadgets on sale,0,5
2473,36,F,Giza,YouTube,Video,Electronics,1,0,33,2025-01-29 03:44:00,Tablet,Windows,Social,1095,5070,Check our new collection,0,5
2474,38,M,Cairo,Facebook,Search,Food & Beverage,1,0,49,2025-03-28 16:22:00,Tablet,Windows,Paid,1052,5091,Buy now and save 20%,0,1
2475,48,F,Cairo,Facebook,Display,Fashion,0,0,38,2025-02-19 07:07:00,Tablet,Windows,Social,1014,5092,Top-rated gadgets on sale,1979,8
2476,30,M,Alexandria,Instagram,Video,Travel,0,0,25,2025-03-06 04:08:00,Desktop,Windows,Social,1038,5070,Top-rated gadgets on sale,0,10
2477,42,M,Cairo,YouTube,Display,Food & Beverage,1,0,31,2025-02-08 23:01:00,Mobile,Windows,Organic,1100,5019,Limited offer!,0,1
2478,57,M,Aswan,Facebook,Display,Food & Beverage,0,0,46,2025-01-25 20:35:00,Tablet,Android,Paid,1027,5091,Limited offer!,0,2
2479,56,F,Alexandria,Google Ads,Video,Gaming,1,1,18,2025-01-19 02:01:00,Tablet,Android,Organic,1074,5088,Limited offer!,0,9
2480,51,M,Mansoura,Instagram,Video,Fashion,1,0,42,2025-01-13 22:53:00,Desktop,Android,Organic,1063,5006,Order online fast delivery,0,7
2481,49,M,Mansoura,Facebook,Video,Electronics,0,0,44,2025-03-25 15:33:00,Tablet,Windows,Paid,1051,5089,Limited offer!,0,1
2482,19,M,Giza,Facebook,Display,Fashion,0,0,45,2025-02-13 22:01:00,Mobile,Android,Paid,1045,5063,Book your travel today,319,1
2483,25,M,Alexandria,YouTube,Video,Food & Beverage,0,0,15,2025-01-21 19:56:00,Desktop,Windows,Social,1038,5075,Check our new collection,1042,8
2484,49,M,Luxor,Google Ads,Display,Fashion,0,0,41,2025-02-11 03:21:00,Mobile,Android,Paid,1011,5084,Check our new collection,0,2
2485,50,F,Aswan,YouTube,Display,Gaming,0,0,27,2025-01-17 10:16:00,Tablet,Windows,Organic,1068,5059,Top-rated gadgets on sale,0,10
2486,46,F,Cairo,Facebook,Display,Travel,0,0,50,2025-02-08 07:49:00,Tablet,Android,Paid,1093,5032,Order online fast delivery,0,2
2487,59,M,Luxor,Facebook,Video,Fashion,0,0,33,2025-01-18 14:59:00,Desktop,Android,Social,1048,5066,Book your travel today,0,10
2488,27,F,Aswan,Instagram,Display,Food & Beverage,1,0,27,2025-01-12 10:50:00,Desktop,iOS,Paid,1085,5057,Limited offer!,0,6
2489,21,M,Giza,Facebook,Display,Food & Beverage,0,0,50,2025-02-05 18:24:00,Desktop,Android,Organic,1066,5100,Buy now and save 20%,0,9
2490,60,M,Cairo,Facebook,Video,Electronics,0,0,13,2025-03-28 19:01:00,Mobile,iOS,Organic,1084,5018,Book your travel today,1160,1
2491,52,F,Cairo,Facebook,Video,Electronics,0,0,39,2025-01-07 05:19:00,Desktop,iOS,Organic,1088,5049,Buy now and save 20%,0,8
2492,38,F,Cairo,Google Ads,Video,Fashion,0,0,46,2025-02-11 19:37:00,Mobile,Android,Social,1032,5043,Check our new collection,0,5
2493,21,F,Mansoura,Google Ads,Video,Food & Beverage,0,0,42,2025-02-15 13:47:00,Tablet,Windows,Social,1067,5001,Book your travel today,1958,8
2494,47,M,Alexandria,Google Ads,Search,Gaming,0,1,47,2025-01-27 11:41:00,Tablet,Android,Social,1093,5033,Check our new collection,0,8
2495,19,M,Mansoura,Facebook,Display,Food & Beverage,0,0,10,2025-02-23 20:32:00,Desktop,Windows,Organic,1006,5067,Top-rated gadgets on sale,0,6
2496,28,M,Cairo,Facebook,Display,Gaming,0,0,47,2025-03-28 22:05:00,Desktop,iOS,Social,1072,5061,Buy now and save 20%,1800,10
2497,32,M,Mansoura,Google Ads,Search,Electronics,0,0,44,2025-02-17 00:59:00,Desktop,Windows,Paid,1095,5087,Top-rated gadgets on sale,0,8
2498,48,F,Cairo,Facebook,Display,Food & Beverage,0,0,4,2025-03-02 00:45:00,Mobile,Windows,Organic,1040,5066,Limited offer!,0,3
2499,27,M,Giza,Instagram,Display,Food & Beverage,0,0,33,2025-03-12 04:38:00,Desktop,iOS,Organic,1080,5040,Check our new collection,498,6
2500,59,M,Luxor,Facebook,Search,Travel,0,0,11,2025-02-03 04:40:00,Tablet,Android,Paid,1095,5072,Buy now and save 20%,0,5
2501,49,M,Mansoura,Facebook,Display,Gaming,0,0,23,2025-01-07 22:25:00,Mobile,Android,Paid,1069,5072,Top-rated gadgets on sale,0,8
2502,35,F,Mansoura,Instagram,Display,Electronics,0,0,29,2025-02-12 08:39:00,Desktop,Windows,Paid,1023,5051,Limited offer!,0,10
2503,22,F,Cairo,Facebook,Video,Travel,0,0,32,2025-02-20 08:37:00,Tablet,Windows,Paid,1036,5028,Order online fast delivery,0,8
2504,35,M,Cairo,Facebook,Video,Fashion,0,0,43,2025-01-08 06:45:00,Mobile,Android,Organic,1006,5070,Check our new collection,0,8
2505,18,M,Cairo,Google Ads,Video,Food & Beverage,1,0,49,2025-02-18 21:50:00,Tablet,iOS,Paid,1007,5032,Top-rated gadgets on sale,0,8
2506,55,M,Cairo,Instagram,Display,Fashion,1,0,16,2025-01-07 08:37:00,Mobile,iOS,Organic,1040,5004,Buy now and save 20%,0,2
2507,23,F,Mansoura,Google Ads,Display,Food & Beverage,0,0,47,2025-01-19 06:43:00,Tablet,Android,Social,1044,5068,Order online fast delivery,1419,6
2508,29,F,Cairo,YouTube,Display,Travel,1,0,14,2025-01-05 10:44:00,Mobile,Windows,Paid,1005,5082,Check our new collection,0,10
2509,57,F,Alexandria,Google Ads,Display,Electronics,0,0,36,2025-02-25 02:15:00,Desktop,Android,Social,1078,5036,Buy now and save 20%,1189,7
2510,29,M,Giza,Facebook,Display,Fashion,0,0,2,2025-02-10 01:31:00,Tablet,Windows,Organic,1055,5063,Buy now and save 20%,0,2
2511,23,M,Alexandria,Facebook,Video,Fashion,1,0,17,2025-03-10 04:04:00,Tablet,Android,Social,1031,5024,Top-rated gadgets on sale,0,8
2512,25,F,Cairo,Instagram,Display,Travel,0,1,42,2025-01-28 07:24:00,Tablet,Android,Social,1049,5048,Limited offer!,0,4
2513,34,M,Cairo,Google Ads,Video,Electronics,1,0,6,2025-03-05 04:29:00,Mobile,Android,Paid,1010,5049,Book your travel today,1119,9
2514,28,M,Cairo,Facebook,Search,Fashion,1,0,27,2025-02-22 23:31:00,Tablet,Android,Organic,1055,5027,Top-rated gadgets on sale,1359,6
2515,43,M,Cairo,YouTube,Display,Travel,0,0,29,2025-01-03 22:17:00,Tablet,iOS,Organic,1086,5043,Limited offer!,0,8
2516,48,F,Cairo,Facebook,Search,Electronics,0,0,46,2025-03-21 08:21:00,Mobile,iOS,Social,1084,5042,Top-rated gadgets on sale,0,3
2517,57,M,Aswan,Google Ads,Search,Fashion,0,0,32,2025-01-01 10:36:00,Desktop,Android,Social,1085,5028,Buy now and save 20%,0,5
2518,58,M,Mansoura,Instagram,Search,Fashion,0,1,49,2025-03-17 10:07:00,Tablet,Android,Paid,1032,5068,Book your travel today,0,1
2519,23,F,Cairo,Instagram,Display,Food & Beverage,0,1,4,2025-02-27 04:32:00,Tablet,Android,Social,1064,5085,Top-rated gadgets on sale,0,6
2520,19,F,Luxor,Google Ads,Video,Gaming,0,1,14,2025-03-07 23:20:00,Desktop,iOS,Organic,1094,5033,Limited offer!,1011,7
2521,19,F,Mansoura,Instagram,Display,Fashion,1,1,30,2025-01-02 01:29:00,Desktop,iOS,Social,1043,5056,Buy now and save 20%,0,8
2522,23,M,Alexandria,Google Ads,Display,Electronics,0,0,11,2025-03-25 02:39:00,Mobile,Windows,Paid,1028,5044,Book your travel today,0,5
2523,40,F,Mansoura,Instagram,Display,Food & Beverage,0,0,22,2025-01-14 16:19:00,Mobile,Android,Social,1092,5019,Top-rated gadgets on sale,0,3
2524,45,M,Cairo,Facebook,Video,Electronics,1,0,33,2025-01-01 03:01:00,Mobile,iOS,Organic,1075,5063,Top-rated gadgets on sale,0,7
2525,55,M,Alexandria,Facebook,Search,Electronics,0,0,8,2025-03-29 01:10:00,Mobile,Android,Social,1040,5071,Book your travel today,0,1
2526,51,M,Luxor,Google Ads,Video,Electronics,0,0,27,2025-01-17 18:47:00,Desktop,Windows,Social,1007,5067,Top-rated gadgets on sale,1666,3
2527,57,F,Alexandria,Facebook,Video,Food & Beverage,1,1,3,2025-01-07 08:21:00,Mobile,Windows,Organic,1073,5032,Order online fast delivery,0,9
2528,21,M,Giza,Facebook,Search,Gaming,1,0,40,2025-03-24 10:20:00,Tablet,Android,Social,1092,5023,Top-rated gadgets on sale,0,2
2529,38,F,Cairo,Instagram,Search,Electronics,0,0,10,2025-03-19 21:42:00,Desktop,Android,Paid,1088,5023,Buy now and save 20%,0,2
2530,49,M,Aswan,YouTube,Display,Gaming,0,0,17,2025-03-30 14:27:00,Desktop,Android,Paid,1015,5010,Limited offer!,0,4
2531,30,M,Alexandria,YouTube,Search,Electronics,0,0,46,2025-01-10 13:16:00,Tablet,Windows,Organic,1042,5001,Check our new collection,0,3
2532,59,M,Cairo,Instagram,Display,Travel,1,1,16,2025-01-15 14:32:00,Desktop,Windows,Social,1078,5033,Order online fast delivery,0,10
2533,50,M,Cairo,Google Ads,Video,Food & Beverage,0,0,18,2025-03-03 06:25:00,Mobile,iOS,Social,1033,5029,Order online fast delivery,0,2
2534,49,F,Cairo,Instagram,Display,Travel,0,1,7,2025-02-25 05:40:00,Desktop,Windows,Organic,1032,5071,Buy now and save 20%,0,4
2535,60,F,Giza,Google Ads,Video,Travel,1,0,15,2025-01-11 15:42:00,Desktop,iOS,Organic,1084,5010,Book your travel today,0,5
2536,46,F,Cairo,Facebook,Display,Gaming,1,0,45,2025-03-26 14:51:00,Mobile,Windows,Organic,1014,5016,Top-rated gadgets on sale,0,1
2537,30,M,Cairo,YouTube,Search,Travel,0,0,5,2025-03-17 20:10:00,Tablet,Android,Organic,1020,5021,Check our new collection,0,8
2538,55,F,Cairo,Instagram,Search,Fashion,1,0,39,2025-03-11 02:51:00,Desktop,Android,Organic,1034,5057,Limited offer!,0,1
2539,57,F,Cairo,Google Ads,Video,Food & Beverage,1,0,35,2025-02-28 06:05:00,Tablet,Windows,Social,1089,5062,Limited offer!,0,8
2540,29,M,Giza,YouTube,Display,Gaming,0,0,16,2025-02-20 19:26:00,Desktop,Android,Organic,1087,5052,Book your travel today,0,5
2541,59,F,Giza,Google Ads,Search,Electronics,1,0,30,2025-02-23 03:12:00,Mobile,Windows,Social,1063,5018,Check our new collection,0,3
2542,33,M,Luxor,Facebook,Search,Fashion,0,0,14,2025-02-08 00:04:00,Desktop,iOS,Social,1018,5093,Order online fast delivery,561,2
2543,53,F,Giza,YouTube,Search,Fashion,0,0,41,2025-03-27 14:25:00,Tablet,iOS,Social,1046,5045,Limited offer!,73,2
2544,58,M,Aswan,Google Ads,Display,Gaming,0,0,19,2025-01-23 20:15:00,Tablet,Windows,Organic,1052,5009,Check our new collection,0,5
2545,20,M,Cairo,YouTube,Display,Fashion,0,0,9,2025-02-02 18:12:00,Mobile,Android,Organic,1082,5061,Buy now and save 20%,0,8
2546,24,M,Luxor,Google Ads,Video,Fashion,0,0,17,2025-02-24 23:04:00,Tablet,Windows,Organic,1059,5075,Book your travel today,0,2
2547,44,M,Cairo,Facebook,Video,Fashion,1,0,25,2025-01-17 12:44:00,Mobile,Windows,Social,1054,5075,Check our new collection,0,10
2548,54,M,Cairo,Instagram,Video,Food & Beverage,1,0,47,2025-03-14 22:03:00,Tablet,iOS,Social,1022,5000,Check our new collection,0,10
2549,53,M,Alexandria,Instagram,Video,Food & Beverage,0,0,41,2025-02-15 17:19:00,Tablet,Windows,Paid,1095,5032,Buy now and save 20%,0,5
2550,22,M,Luxor,Instagram,Search,Gaming,0,0,16,2025-01-24 11:51:00,Mobile,iOS,Organic,1061,5078,Order online fast delivery,0,9
2551,44,F,Giza,Google Ads,Video,Food & Beverage,1,0,28,2025-03-22 03:56:00,Tablet,Android,Organic,1061,5062,Top-rated gadgets on sale,0,1
2552,23,M,Cairo,Instagram,Video,Electronics,1,0,47,2025-03-06 08:32:00,Tablet,Android,Organic,1083,5070,Limited offer!,0,9
2553,48,M,Aswan,Facebook,Display,Gaming,0,0,18,2025-02-16 08:53:00,Desktop,Android,Paid,1073,5033,Limited offer!,505,9
2554,41,M,Luxor,YouTube,Video,Electronics,0,0,19,2025-01-09 11:49:00,Mobile,iOS,Paid,1004,5082,Top-rated gadgets on sale,0,9
2555,31,F,Alexandria,YouTube,Video,Electronics,1,0,5,2025-01-03 15:17:00,Tablet,Windows,Organic,1039,5073,Book your travel today,0,8
2556,45,F,Luxor,Facebook,Display,Fashion,1,0,47,2025-03-19 08:24:00,Mobile,Windows,Paid,1007,5014,Book your travel today,0,10
2557,41,F,Giza,Instagram,Search,Gaming,0,0,14,2025-03-01 02:06:00,Desktop,Windows,Paid,1013,5035,Buy now and save 20%,0,1
2558,40,M,Alexandria,Instagram,Display,Fashion,0,0,35,2025-01-05 14:44:00,Tablet,Android,Social,1001,5090,Order online fast delivery,961,7
2559,47,M,Aswan,Google Ads,Video,Food & Beverage,1,0,17,2025-02-21 17:41:00,Tablet,Android,Paid,1076,5087,Limited offer!,424,2
2560,54,M,Alexandria,YouTube,Search,Food & Beverage,0,0,20,2025-01-21 01:16:00,Tablet,iOS,Organic,1087,5009,Order online fast delivery,0,6
2561,46,F,Alexandria,Facebook,Video,Food & Beverage,1,0,35,2025-02-22 06:13:00,Mobile,Windows,Paid,1025,5061,Buy now and save 20%,1938,5
2562,52,M,Cairo,YouTube,Display,Fashion,0,1,34,2025-03-02 21:18:00,Desktop,iOS,Organic,1025,5086,Order online fast delivery,0,1
2563,44,F,Mansoura,Google Ads,Video,Gaming,1,0,9,2025-03-09 16:40:00,Mobile,Windows,Organic,1021,5088,Top-rated gadgets on sale,0,9
2564,24,F,Giza,Facebook,Display,Fashion,0,0,43,2025-02-06 18:57:00,Tablet,iOS,Social,1063,5071,Order online fast delivery,0,4
2565,42,M,Luxor,Facebook,Search,Electronics,1,0,47,2025-03-13 20:47:00,Mobile,Android,Social,1045,5030,Order online fast delivery,0,1
2566,26,M,Aswan,Instagram,Display,Fashion,1,0,34,2025-03-06 21:46:00,Tablet,Android,Paid,1062,5094,Check our new collection,0,1
2567,20,F,Cairo,Facebook,Display,Gaming,0,0,28,2025-02-24 08:50:00,Mobile,iOS,Social,1057,5013,Check our new collection,0,8
2568,56,F,Cairo,Google Ads,Video,Electronics,0,0,44,2025-03-25 14:28:00,Tablet,Windows,Social,1093,5050,Book your travel today,1532,7
2569,49,M,Giza,Facebook,Search,Fashion,1,0,26,2025-01-27 10:26:00,Mobile,Windows,Social,1051,5049,Check our new collection,0,8
2570,24,F,Giza,YouTube,Search,Electronics,0,1,50,2025-02-08 17:48:00,Mobile,Android,Social,1037,5045,Top-rated gadgets on sale,0,3
2571,46,F,Aswan,Instagram,Display,Food & Beverage,0,0,45,2025-01-22 00:44:00,Desktop,Android,Paid,1020,5072,Order online fast delivery,0,6
2572,54,M,Cairo,Facebook,Video,Gaming,1,0,37,2025-03-17 10:58:00,Desktop,iOS,Organic,1057,5061,Top-rated gadgets on sale,0,5
2573,38,M,Giza,Facebook,Search,Fashion,1,0,29,2025-01-03 09:43:00,Desktop,Windows,Paid,1072,5068,Limited offer!,1226,9
2574,52,F,Cairo,Instagram,Video,Fashion,0,0,6,2025-02-12 01:07:00,Desktop,Android,Paid,1096,5007,Limited offer!,0,8
2575,48,M,Cairo,Instagram,Search,Fashion,0,0,5,2025-02-28 17:38:00,Mobile,Android,Paid,1051,5050,Buy now and save 20%,0,5
2576,19,F,Luxor,YouTube,Video,Electronics,0,0,6,2025-01-24 17:43:00,Desktop,Android,Organic,1032,5082,Top-rated gadgets on sale,0,2
2577,30,M,Luxor,Google Ads,Display,Gaming,0,0,32,2025-02-05 03:19:00,Tablet,Windows,Organic,1054,5026,Check our new collection,0,4
2578,23,M,Luxor,Facebook,Display,Gaming,0,0,4,2025-02-09 07:35:00,Mobile,Windows,Organic,1069,5029,Book your travel today,1039,1
2579,55,M,Giza,Instagram,Display,Travel,0,0,10,2025-01-28 05:52:00,Desktop,Windows,Social,1026,5060,Book your travel today,0,3
2580,20,F,Mansoura,Google Ads,Video,Electronics,0,0,40,2025-03-23 13:49:00,Tablet,Android,Paid,1000,5082,Book your travel today,0,1
2581,21,F,Luxor,Facebook,Video,Travel,1,1,46,2025-03-31 05:15:00,Mobile,Android,Social,1009,5062,Order online fast delivery,0,6
2582,20,F,Giza,YouTube,Display,Fashion,1,0,18,2025-03-11 20:42:00,Mobile,Windows,Social,1089,5007,Limited offer!,0,4
2583,38,M,Giza,YouTube,Display,Fashion,0,0,11,2025-02-14 16:18:00,Mobile,Windows,Paid,1064,5039,Limited offer!,0,4
2584,31,M,Alexandria,YouTube,Display,Electronics,0,0,25,2025-01-26 04:15:00,Tablet,Windows,Paid,1000,5049,Top-rated gadgets on sale,739,8
2585,18,M,Alexandria,Instagram,Video,Travel,0,0,31,2025-03-10 00:11:00,Tablet,Android,Social,1099,5079,Buy now and save 20%,0,1
2586,35,M,Luxor,Google Ads,Display,Fashion,1,0,25,2025-03-13 12:42:00,Mobile,Windows,Organic,1012,5038,Order online fast delivery,0,10
2587,56,F,Alexandria,Google Ads,Display,Food & Beverage,1,0,19,2025-02-09 23:27:00,Mobile,iOS,Social,1100,5015,Buy now and save 20%,0,9
2588,30,M,Giza,Instagram,Search,Electronics,1,1,26,2025-01-09 22:25:00,Desktop,iOS,Social,1006,5023,Order online fast delivery,0,9
2589,22,M,Cairo,Google Ads,Display,Food & Beverage,0,1,25,2025-02-26 05:29:00,Tablet,Android,Organic,1048,5000,Check our new collection,528,1
2590,52,F,Alexandria,Facebook,Search,Electronics,0,0,41,2025-03-21 06:40:00,Desktop,iOS,Social,1097,5093,Order online fast delivery,1097,8
2591,47,M,Mansoura,Facebook,Video,Fashion,0,0,48,2025-01-30 21:06:00,Mobile,Windows,Social,1087,5094,Top-rated gadgets on sale,0,4
2592,55,M,Aswan,YouTube,Display,Fashion,0,0,36,2025-03-09 13:14:00,Tablet,Android,Organic,1001,5064,Check our new collection,0,8
2593,38,M,Luxor,Facebook,Display,Gaming,0,0,31,2025-02-27 06:02:00,Desktop,Windows,Social,1092,5098,Check our new collection,0,10
2594,38,F,Cairo,Google Ads,Video,Fashion,0,0,42,2025-03-09 06:00:00,Tablet,Android,Paid,1013,5016,Limited offer!,0,9
2595,30,F,Luxor,Facebook,Video,Food & Beverage,0,0,5,2025-01-21 07:50:00,Mobile,Android,Social,1029,5023,Order online fast delivery,0,3
2596,50,F,Cairo,Facebook,Search,Electronics,1,0,42,2025-01-13 21:52:00,Desktop,Android,Social,1004,5021,Limited offer!,0,7
2597,50,F,Luxor,Instagram,Display,Electronics,0,0,19,2025-03-21 23:30:00,Tablet,iOS,Paid,1057,5080,Order online fast delivery,0,8
2598,42,M,Giza,Facebook,Display,Electronics,0,0,14,2025-01-09 01:05:00,Mobile,Windows,Organic,1036,5061,Book your travel today,0,1
2599,28,F,Cairo,Instagram,Search,Food & Beverage,0,0,25,2025-01-19 22:03:00,Tablet,Windows,Paid,1059,5013,Buy now and save 20%,0,2
2600,18,F,Giza,Facebook,Video,Fashion,1,0,48,2025-01-01 20:58:00,Desktop,Windows,Social,1041,5023,Top-rated gadgets on sale,1241,3
2601,57,F,Giza,Facebook,Display,Food & Beverage,1,0,25,2025-03-16 11:06:00,Mobile,iOS,Social,1099,5047,Book your travel today,0,4
2602,52,M,Cairo,YouTube,Display,Fashion,0,0,9,2025-03-09 18:13:00,Desktop,Android,Organic,1055,5010,Check our new collection,0,5
2603,60,M,Giza,Instagram,Video,Travel,1,1,13,2025-03-19 16:24:00,Mobile,Windows,Paid,1032,5007,Book your travel today,0,4
2604,26,M,Giza,Google Ads,Display,Electronics,0,0,17,2025-03-24 22:36:00,Desktop,iOS,Organic,1032,5009,Order online fast delivery,0,3
2605,47,F,Alexandria,Facebook,Display,Fashion,1,0,45,2025-03-24 01:38:00,Mobile,iOS,Organic,1093,5032,Top-rated gadgets on sale,0,2
2606,22,M,Giza,Facebook,Search,Food & Beverage,0,0,40,2025-02-28 01:51:00,Tablet,iOS,Social,1069,5097,Limited offer!,0,7
2607,41,F,Alexandria,Facebook,Video,Food & Beverage,1,0,41,2025-02-28 07:28:00,Mobile,Windows,Social,1001,5022,Order online fast delivery,0,3
2608,28,M,Cairo,Google Ads,Display,Fashion,0,0,12,2025-02-06 22:11:00,Mobile,Windows,Social,1064,5095,Limited offer!,0,1
2609,23,F,Giza,Facebook,Display,Fashion,0,0,39,2025-03-29 23:59:00,Desktop,iOS,Social,1023,5080,Order online fast delivery,0,5
2610,39,F,Cairo,Google Ads,Display,Electronics,1,0,44,2025-03-16 03:15:00,Mobile,Android,Social,1057,5030,Book your travel today,0,3
2611,54,F,Cairo,Instagram,Video,Fashion,0,0,22,2025-02-18 05:46:00,Tablet,Windows,Organic,1082,5039,Book your travel today,0,1
2612,45,F,Alexandria,Facebook,Video,Food & Beverage,1,0,10,2025-02-10 02:12:00,Desktop,iOS,Organic,1067,5051,Book your travel today,0,1
2613,41,F,Giza,Instagram,Display,Food & Beverage,0,0,50,2025-01-04 17:32:00,Tablet,Windows,Social,1072,5036,Buy now and save 20%,0,3
2614,28,F,Cairo,Facebook,Display,Fashion,1,0,48,2025-01-01 08:31:00,Desktop,iOS,Social,1001,5003,Limited offer!,1174,2
2615,47,M,Cairo,YouTube,Video,Electronics,0,0,42,2025-01-03 22:49:00,Desktop,Android,Paid,1087,5050,Top-rated gadgets on sale,0,6
2616,41,F,Alexandria,YouTube,Display,Fashion,1,0,24,2025-02-16 01:47:00,Mobile,Android,Paid,1028,5071,Top-rated gadgets on sale,1430,3
2617,46,M,Mansoura,YouTube,Display,Electronics,0,1,38,2025-01-21 23:35:00,Mobile,Android,Organic,1083,5038,Check our new collection,0,7
2618,57,F,Mansoura,Facebook,Video,Travel,0,1,29,2025-03-26 08:51:00,Mobile,Windows,Social,1095,5043,Limited offer!,0,9
2619,23,F,Aswan,Facebook,Display,Food & Beverage,1,0,6,2025-03-19 04:11:00,Desktop,Windows,Social,1021,5082,Order online fast delivery,0,3
2620,51,F,Alexandria,Facebook,Video,Food & Beverage,0,0,41,2025-01-21 03:54:00,Mobile,Windows,Social,1012,5007,Order online fast delivery,243,7
2621,54,F,Giza,Instagram,Video,Fashion,1,0,17,2025-02-14 07:42:00,Mobile,iOS,Paid,1099,5033,Check our new collection,0,6
2622,32,F,Giza,Instagram,Display,Fashion,1,0,33,2025-02-02 02:30:00,Mobile,Windows,Organic,1084,5056,Check our new collection,0,6
2623,34,M,Cairo,Instagram,Display,Food & Beverage,0,0,27,2025-01-28 21:58:00,Mobile,Windows,Paid,1056,5034,Buy now and save 20%,0,1
2624,26,F,Giza,Facebook,Search,Fashion,0,0,44,2025-02-27 04:45:00,Mobile,iOS,Organic,1084,5029,Order online fast delivery,0,7
2625,32,F,Cairo,Instagram,Search,Electronics,0,1,37,2025-03-06 14:22:00,Mobile,iOS,Social,1100,5070,Check our new collection,0,2
2626,24,F,Mansoura,Instagram,Display,Fashion,1,1,43,2025-01-12 09:08:00,Tablet,iOS,Organic,1049,5096,Buy now and save 20%,0,2
2627,60,M,Cairo,Facebook,Display,Gaming,0,0,14,2025-02-17 12:45:00,Tablet,iOS,Social,1065,5003,Book your travel today,0,4
2628,23,M,Cairo,Facebook,Display,Electronics,0,0,11,2025-02-28 00:32:00,Mobile,iOS,Organic,1012,5054,Check our new collection,0,9
2629,37,F,Alexandria,Facebook,Search,Food & Beverage,0,0,12,2025-01-09 17:36:00,Desktop,Android,Paid,1069,5017,Check our new collection,0,6
2630,30,M,Giza,Google Ads,Video,Electronics,0,0,45,2025-01-03 09:16:00,Desktop,Android,Paid,1080,5049,Book your travel today,0,7
2631,37,F,Luxor,Facebook,Video,Electronics,0,0,14,2025-03-11 18:26:00,Mobile,Android,Social,1065,5077,Order online fast delivery,0,4
2632,39,M,Cairo,Instagram,Search,Fashion,0,0,36,2025-03-26 07:20:00,Tablet,Windows,Paid,1038,5038,Check our new collection,116,3
2633,41,M,Cairo,Facebook,Video,Electronics,0,0,39,2025-02-28 03:45:00,Tablet,Windows,Organic,1086,5097,Buy now and save 20%,0,10
2634,39,F,Cairo,Instagram,Search,Food & Beverage,0,0,12,2025-02-14 18:50:00,Tablet,Android,Social,1036,5093,Limited offer!,0,3
2635,30,F,Giza,Google Ads,Display,Food & Beverage,0,0,31,2025-02-12 01:53:00,Mobile,Windows,Organic,1028,5086,Buy now and save 20%,0,10
2636,54,F,Cairo,Facebook,Display,Fashion,0,0,27,2025-01-14 19:26:00,Tablet,Android,Organic,1048,5085,Order online fast delivery,1002,8
2637,59,F,Aswan,Google Ads,Display,Food & Beverage,0,0,25,2025-01-24 11:05:00,Tablet,iOS,Social,1019,5004,Check our new collection,0,3
2638,21,M,Alexandria,Google Ads,Search,Food & Beverage,0,0,30,2025-01-21 05:49:00,Mobile,Windows,Organic,1072,5067,Order online fast delivery,85,4
2639,22,F,Cairo,Google Ads,Search,Fashion,0,0,15,2025-01-03 01:28:00,Desktop,iOS,Organic,1078,5090,Buy now and save 20%,0,5
2640,50,F,Alexandria,Facebook,Display,Travel,1,0,11,2025-02-09 06:58:00,Desktop,Windows,Social,1042,5084,Check our new collection,0,1
2641,28,F,Aswan,YouTube,Video,Fashion,0,0,22,2025-01-17 19:41:00,Mobile,Windows,Organic,1021,5019,Order online fast delivery,0,8
2642,28,M,Luxor,Instagram,Video,Electronics,1,0,42,2025-02-15 14:05:00,Mobile,Android,Social,1017,5077,Order online fast delivery,0,6
2643,56,F,Luxor,Instagram,Display,Fashion,1,0,6,2025-02-17 02:44:00,Mobile,Windows,Paid,1004,5053,Top-rated gadgets on sale,0,8
2644,60,M,Alexandria,Facebook,Search,Travel,0,0,46,2025-03-31 14:47:00,Tablet,Android,Paid,1064,5036,Check our new collection,1190,7
2645,48,M,Luxor,Instagram,Display,Electronics,1,0,47,2025-03-31 10:20:00,Desktop,Windows,Paid,1040,5097,Check our new collection,0,9
2646,57,M,Luxor,YouTube,Display,Food & Beverage,1,0,44,2025-02-26 23:01:00,Tablet,Android,Paid,1081,5063,Check our new collection,0,2
2647,24,F,Cairo,Instagram,Display,Fashion,1,0,38,2025-02-05 09:16:00,Mobile,Android,Paid,1028,5056,Book your travel today,1829,4
2648,24,M,Luxor,Facebook,Video,Electronics,1,1,2,2025-02-18 07:03:00,Mobile,Windows,Organic,1029,5087,Check our new collection,0,9
2649,22,M,Cairo,Instagram,Display,Food & Beverage,0,1,3,2025-03-13 23:42:00,Mobile,iOS,Organic,1053,5002,Buy now and save 20%,0,5
2650,49,M,Giza,Google Ads,Display,Fashion,1,1,9,2025-02-14 13:29:00,Desktop,Windows,Organic,1063,5061,Top-rated gadgets on sale,0,1
2651,20,F,Cairo,Google Ads,Video,Electronics,0,0,6,2025-03-19 13:45:00,Desktop,Windows,Social,1038,5030,Limited offer!,0,6
2652,22,F,Cairo,YouTube,Display,Food & Beverage,1,1,39,2025-02-07 00:49:00,Desktop,Android,Social,1048,5007,Order online fast delivery,0,6
2653,46,M,Cairo,Google Ads,Search,Food & Beverage,0,0,6,2025-03-14 03:55:00,Desktop,Windows,Organic,1078,5095,Book your travel today,1435,10
2654,21,M,Luxor,YouTube,Search,Gaming,1,0,50,2025-01-16 12:38:00,Tablet,iOS,Organic,1024,5079,Buy now and save 20%,0,6
2655,50,M,Mansoura,Instagram,Video,Fashion,1,0,38,2025-03-28 04:24:00,Tablet,Android,Paid,1097,5071,Top-rated gadgets on sale,0,5
2656,20,M,Luxor,Facebook,Video,Fashion,0,1,50,2025-02-01 10:41:00,Desktop,Windows,Organic,1007,5053,Order online fast delivery,420,7
2657,58,M,Aswan,Instagram,Video,Food & Beverage,0,0,16,2025-01-09 12:52:00,Mobile,Android,Organic,1085,5067,Book your travel today,0,2
2658,31,F,Luxor,Google Ads,Display,Electronics,0,1,36,2025-01-29 05:09:00,Mobile,Windows,Paid,1081,5014,Top-rated gadgets on sale,0,1
2659,32,M,Aswan,Facebook,Video,Gaming,1,0,49,2025-02-19 20:00:00,Desktop,Android,Paid,1023,5095,Limited offer!,0,8
2660,53,F,Mansoura,Facebook,Display,Travel,0,0,40,2025-03-27 11:54:00,Tablet,Android,Social,1005,5005,Check our new collection,0,5
2661,43,F,Alexandria,Google Ads,Display,Food & Beverage,0,0,2,2025-02-16 17:48:00,Tablet,iOS,Social,1044,5038,Order online fast delivery,0,8
2662,60,F,Cairo,Instagram,Display,Fashion,0,0,11,2025-02-13 19:34:00,Desktop,iOS,Paid,1013,5037,Top-rated gadgets on sale,0,10
2663,33,M,Alexandria,Instagram,Display,Electronics,0,1,50,2025-03-22 15:42:00,Tablet,iOS,Organic,1020,5067,Buy now and save 20%,0,9
2664,20,M,Alexandria,Instagram,Search,Electronics,1,0,41,2025-02-28 11:37:00,Mobile,Windows,Organic,1051,5087,Check our new collection,0,10
2665,58,M,Luxor,Facebook,Video,Food & Beverage,0,0,24,2025-02-20 03:12:00,Mobile,Windows,Paid,1060,5052,Buy now and save 20%,0,1
2666,34,M,Mansoura,Instagram,Video,Food & Beverage,1,0,2,2025-02-23 18:06:00,Mobile,Windows,Social,1085,5069,Limited offer!,0,4
2667,47,M,Cairo,Google Ads,Video,Travel,1,0,17,2025-02-16 20:34:00,Mobile,iOS,Social,1003,5035,Order online fast delivery,0,1
2668,21,M,Mansoura,Instagram,Video,Electronics,0,0,11,2025-01-11 01:05:00,Tablet,Android,Organic,1008,5036,Top-rated gadgets on sale,0,8
2669,33,F,Giza,Facebook,Video,Electronics,0,0,20,2025-02-22 21:10:00,Tablet,Windows,Social,1083,5032,Top-rated gadgets on sale,0,6
2670,60,F,Cairo,Instagram,Video,Fashion,0,0,15,2025-03-23 17:07:00,Desktop,Android,Social,1057,5056,Order online fast delivery,0,8
2671,44,M,Cairo,YouTube,Display,Fashion,1,0,24,2025-03-21 04:50:00,Desktop,iOS,Organic,1061,5060,Check our new collection,0,7
2672,52,M,Cairo,Facebook,Display,Fashion,0,0,32,2025-02-17 12:40:00,Desktop,Windows,Organic,1059,5087,Top-rated gadgets on sale,0,3
2673,56,M,Giza,Instagram,Video,Fashion,1,1,50,2025-02-04 16:02:00,Mobile,Windows,Organic,1096,5063,Book your travel today,0,6
2674,30,F,Cairo,Instagram,Display,Fashion,0,0,25,2025-01-17 21:50:00,Desktop,Windows,Social,1045,5004,Buy now and save 20%,0,5
2675,31,F,Luxor,YouTube,Video,Fashion,1,0,39,2025-02-18 17:55:00,Tablet,Android,Organic,1053,5006,Buy now and save 20%,0,3
2676,54,M,Aswan,YouTube,Display,Food & Beverage,1,0,48,2025-03-20 19:46:00,Tablet,Android,Organic,1017,5099,Buy now and save 20%,1022,3
2677,22,F,Giza,Facebook,Video,Electronics,0,0,22,2025-02-28 18:46:00,Mobile,Windows,Social,1075,5077,Buy now and save 20%,0,5
2678,54,F,Aswan,YouTube,Video,Travel,0,0,30,2025-02-28 10:58:00,Mobile,Windows,Paid,1019,5052,Check our new collection,0,2
2679,18,M,Luxor,Facebook,Search,Fashion,0,1,34,2025-01-29 09:26:00,Desktop,Android,Organic,1049,5009,Order online fast delivery,274,7
2680,51,F,Cairo,Facebook,Search,Food & Beverage,1,1,50,2025-03-29 02:06:00,Desktop,iOS,Social,1001,5084,Check our new collection,0,5
2681,36,F,Alexandria,Instagram,Display,Gaming,1,0,16,2025-02-04 07:04:00,Tablet,Android,Organic,1065,5100,Book your travel today,191,2
2682,36,M,Luxor,Instagram,Search,Gaming,0,0,50,2025-02-21 07:12:00,Tablet,iOS,Paid,1078,5037,Limited offer!,0,9
2683,59,M,Aswan,Facebook,Video,Electronics,1,0,46,2025-02-26 11:50:00,Desktop,iOS,Organic,1031,5086,Check our new collection,0,5
2684,22,F,Alexandria,Facebook,Display,Travel,0,0,30,2025-02-25 05:06:00,Desktop,Android,Paid,1041,5063,Limited offer!,0,5
2685,18,M,Giza,Facebook,Display,Food & Beverage,0,0,2,2025-03-09 10:08:00,Mobile,Android,Organic,1097,5088,Top-rated gadgets on sale,1944,1
2686,60,M,Luxor,Google Ads,Search,Fashion,1,0,41,2025-02-02 21:18:00,Desktop,Windows,Organic,1085,5006,Top-rated gadgets on sale,0,8
2687,20,M,Cairo,Facebook,Display,Food & Beverage,0,0,41,2025-02-23 16:46:00,Desktop,Android,Organic,1038,5043,Buy now and save 20%,0,9
2688,30,F,Alexandria,Facebook,Display,Food & Beverage,0,0,6,2025-02-17 12:59:00,Desktop,Android,Paid,1000,5012,Buy now and save 20%,0,5
2689,42,M,Mansoura,Facebook,Display,Gaming,1,0,12,2025-02-01 02:14:00,Mobile,Windows,Social,1045,5081,Check our new collection,0,4
2690,35,M,Aswan,Facebook,Video,Gaming,1,0,31,2025-01-31 05:34:00,Desktop,Android,Organic,1018,5008,Check our new collection,987,8
2691,39,F,Cairo,Instagram,Video,Food & Beverage,0,0,7,2025-03-09 09:16:00,Tablet,iOS,Organic,1018,5094,Top-rated gadgets on sale,0,7
2692,54,F,Cairo,Google Ads,Display,Fashion,1,0,12,2025-02-14 06:19:00,Desktop,Windows,Paid,1036,5068,Book your travel today,0,1
2693,22,F,Cairo,Google Ads,Search,Food & Beverage,1,0,13,2025-02-01 23:26:00,Desktop,iOS,Social,1001,5006,Top-rated gadgets on sale,0,5
2694,51,F,Aswan,Facebook,Search,Gaming,0,0,45,2025-01-08 15:24:00,Desktop,Android,Social,1050,5015,Book your travel today,0,1
2695,38,F,Cairo,Google Ads,Video,Electronics,0,1,40,2025-03-20 18:58:00,Tablet,Android,Social,1026,5053,Book your travel today,0,9
2696,44,M,Aswan,Instagram,Display,Electronics,0,0,10,2025-01-14 20:49:00,Mobile,Android,Organic,1095,5002,Check our new collection,0,6
2697,50,M,Giza,Google Ads,Search,Travel,0,0,15,2025-02-28 14:37:00,Mobile,Windows,Paid,1081,5027,Top-rated gadgets on sale,0,8
2698,22,M,Cairo,Facebook,Display,Food & Beverage,0,1,10,2025-01-22 21:48:00,Tablet,iOS,Organic,1090,5046,Limited offer!,0,5
2699,23,M,Alexandria,Facebook,Video,Gaming,1,1,8,2025-01-29 09:15:00,Desktop,Android,Organic,1016,5015,Check our new collection,0,9
2700,38,F,Alexandria,Google Ads,Video,Gaming,0,0,32,2025-01-09 06:22:00,Desktop,iOS,Social,1023,5077,Top-rated gadgets on sale,0,1
2701,25,M,Alexandria,Facebook,Display,Food & Beverage,0,0,5,2025-03-27 16:01:00,Desktop,Android,Paid,1016,5058,Book your travel today,0,8
2702,58,F,Cairo,Instagram,Display,Travel,0,0,28,2025-01-25 00:03:00,Mobile,Android,Social,1008,5084,Book your travel today,0,1
2703,53,F,Cairo,Instagram,Display,Food & Beverage,0,0,3,2025-03-03 23:34:00,Tablet,Windows,Paid,1022,5093,Check our new collection,0,5
2704,49,M,Cairo,Instagram,Search,Electronics,1,1,36,2025-03-19 04:23:00,Mobile,Android,Paid,1092,5061,Book your travel today,0,4
2705,39,M,Mansoura,Facebook,Display,Food & Beverage,0,0,28,2025-01-24 15:46:00,Desktop,Windows,Organic,1051,5002,Top-rated gadgets on sale,0,1
2706,38,F,Giza,YouTube,Display,Fashion,1,1,46,2025-02-08 02:17:00,Desktop,Android,Social,1067,5066,Order online fast delivery,0,9
2707,52,F,Cairo,Instagram,Display,Fashion,0,0,26,2025-01-28 06:10:00,Mobile,Android,Paid,1070,5058,Buy now and save 20%,0,1
2708,39,F,Cairo,Facebook,Video,Electronics,0,1,17,2025-01-10 07:34:00,Mobile,iOS,Social,1036,5064,Check our new collection,0,7
2709,38,M,Cairo,Instagram,Video,Gaming,0,0,6,2025-01-17 22:34:00,Mobile,Android,Paid,1020,5079,Check our new collection,0,5
2710,48,M,Alexandria,Instagram,Display,Food & Beverage,0,0,46,2025-03-23 19:45:00,Tablet,Windows,Paid,1047,5093,Buy now and save 20%,0,6
2711,31,F,Giza,Instagram,Display,Fashion,0,0,22,2025-01-04 02:14:00,Tablet,iOS,Paid,1040,5048,Buy now and save 20%,0,3
2712,20,F,Cairo,Google Ads,Video,Food & Beverage,1,0,7,2025-01-17 19:51:00,Tablet,Android,Paid,1034,5024,Buy now and save 20%,0,2
2713,20,F,Alexandria,Facebook,Video,Food & Beverage,0,0,20,2025-02-21 17:20:00,Desktop,Windows,Organic,1077,5013,Check our new collection,1729,1
2714,23,F,Aswan,Instagram,Display,Fashion,0,0,28,2025-03-11 18:00:00,Desktop,Android,Paid,1026,5005,Top-rated gadgets on sale,0,7
2715,18,M,Giza,Facebook,Display,Food & Beverage,0,1,6,2025-03-07 00:29:00,Mobile,iOS,Organic,1085,5024,Book your travel today,0,1
2716,34,F,Alexandria,Google Ads,Display,Food & Beverage,0,0,16,2025-01-29 02:55:00,Desktop,Android,Organic,1085,5092,Limited offer!,0,8
2717,44,M,Mansoura,YouTube,Display,Travel,0,0,38,2025-03-25 17:40:00,Desktop,Windows,Paid,1094,5037,Top-rated gadgets on sale,0,8
2718,34,M,Cairo,Instagram,Video,Fashion,0,0,24,2025-02-27 13:00:00,Tablet,Android,Paid,1062,5059,Book your travel today,0,5
2719,33,F,Cairo,Facebook,Search,Electronics,1,0,6,2025-01-06 18:39:00,Mobile,Android,Social,1067,5004,Buy now and save 20%,0,2
2720,28,M,Giza,Facebook,Video,Gaming,1,0,34,2025-02-02 16:48:00,Mobile,Windows,Organic,1065,5050,Top-rated gadgets on sale,0,10
2721,21,M,Cairo,Google Ads,Search,Fashion,0,0,24,2025-03-03 16:22:00,Mobile,Android,Organic,1006,5018,Check our new collection,0,5
2722,19,M,Giza,Instagram,Display,Food & Beverage,0,1,37,2025-01-27 00:45:00,Mobile,Windows,Social,1092,5058,Order online fast delivery,0,10
2723,46,M,Giza,Facebook,Display,Fashion,1,0,22,2025-03-06 01:30:00,Desktop,Android,Social,1096,5039,Check our new collection,0,3
2724,30,F,Cairo,YouTube,Display,Electronics,0,0,7,2025-01-20 14:01:00,Desktop,Android,Organic,1084,5030,Top-rated gadgets on sale,0,1
2725,47,M,Cairo,Instagram,Video,Travel,0,0,5,2025-03-13 18:57:00,Desktop,iOS,Social,1001,5008,Buy now and save 20%,0,10
2726,49,F,Cairo,Google Ads,Display,Gaming,0,0,22,2025-03-19 07:22:00,Desktop,Windows,Paid,1035,5050,Limited offer!,0,2
2727,40,F,Giza,Google Ads,Video,Fashion,0,0,45,2025-01-19 22:57:00,Desktop,Android,Paid,1086,5015,Order online fast delivery,0,5
2728,23,F,Giza,Google Ads,Search,Food & Beverage,1,0,2,2025-03-17 14:11:00,Mobile,Android,Paid,1080,5025,Check our new collection,0,5
2729,44,F,Luxor,Facebook,Display,Travel,0,0,18,2025-01-15 01:06:00,Tablet,Windows,Paid,1049,5028,Check our new collection,0,9
2730,47,M,Cairo,YouTube,Display,Fashion,0,1,33,2025-03-12 05:25:00,Tablet,Android,Paid,1037,5051,Buy now and save 20%,0,4
2731,40,M,Cairo,Instagram,Video,Electronics,1,0,2,2025-01-29 05:02:00,Mobile,iOS,Social,1095,5030,Limited offer!,0,2
2732,52,M,Cairo,Instagram,Search,Gaming,0,1,33,2025-02-25 05:54:00,Mobile,Windows,Social,1088,5080,Order online fast delivery,0,10
2733,25,F,Giza,Google Ads,Display,Travel,0,1,28,2025-03-29 17:20:00,Desktop,iOS,Organic,1008,5041,Book your travel today,0,2
2734,59,M,Alexandria,YouTube,Video,Fashion,0,0,48,2025-03-24 12:54:00,Desktop,Windows,Organic,1037,5004,Check our new collection,0,5
2735,41,F,Cairo,Facebook,Display,Food & Beverage,0,0,49,2025-03-18 05:02:00,Desktop,iOS,Organic,1057,5062,Order online fast delivery,236,8
2736,59,F,Cairo,YouTube,Video,Fashion,1,0,15,2025-03-31 06:31:00,Desktop,iOS,Paid,1046,5033,Book your travel today,0,2
2737,48,M,Mansoura,Facebook,Video,Fashion,0,1,16,2025-03-20 23:33:00,Mobile,Android,Organic,1072,5052,Buy now and save 20%,0,6
2738,24,M,Giza,Instagram,Display,Food & Beverage,1,0,47,2025-02-15 01:36:00,Tablet,Windows,Organic,1016,5019,Limited offer!,0,5
2739,51,M,Giza,Instagram,Video,Gaming,0,0,39,2025-03-29 10:50:00,Tablet,Windows,Organic,1010,5018,Buy now and save 20%,0,10
2740,39,M,Aswan,Facebook,Video,Electronics,0,0,10,2025-03-24 13:26:00,Tablet,Android,Social,1043,5019,Limited offer!,0,2
2741,47,M,Cairo,Google Ads,Search,Fashion,0,0,5,2025-03-21 07:22:00,Tablet,iOS,Social,1026,5050,Order online fast delivery,511,2
2742,58,F,Giza,Facebook,Display,Fashion,0,0,6,2025-03-29 23:29:00,Desktop,Android,Organic,1048,5003,Limited offer!,0,2
2743,46,F,Aswan,Google Ads,Video,Travel,0,0,14,2025-03-22 05:46:00,Mobile,Android,Organic,1067,5005,Limited offer!,0,4
2744,43,F,Aswan,Facebook,Display,Travel,0,0,49,2025-01-16 20:52:00,Desktop,Android,Organic,1085,5013,Check our new collection,0,6
2745,39,M,Aswan,Instagram,Display,Food & Beverage,1,0,41,2025-01-01 23:14:00,Tablet,iOS,Social,1075,5011,Top-rated gadgets on sale,1903,4
2746,54,M,Alexandria,Instagram,Video,Gaming,0,0,14,2025-03-31 05:16:00,Mobile,Windows,Paid,1001,5008,Buy now and save 20%,644,3
2747,37,M,Mansoura,Facebook,Video,Travel,0,0,30,2025-02-05 14:53:00,Desktop,Windows,Paid,1012,5091,Order online fast delivery,0,9
2748,19,M,Giza,Instagram,Display,Gaming,0,0,13,2025-01-13 15:13:00,Tablet,Android,Paid,1039,5065,Top-rated gadgets on sale,0,2
2749,42,F,Cairo,Facebook,Display,Electronics,1,0,37,2025-02-12 10:02:00,Tablet,iOS,Paid,1016,5054,Check our new collection,0,1
2750,43,F,Cairo,Facebook,Display,Travel,1,0,46,2025-03-01 17:34:00,Desktop,iOS,Organic,1046,5019,Check our new collection,0,10
2751,59,M,Giza,Instagram,Video,Gaming,0,0,47,2025-03-11 18:08:00,Tablet,Windows,Paid,1007,5028,Order online fast delivery,0,9
2752,19,M,Luxor,Facebook,Display,Fashion,0,0,41,2025-01-15 22:55:00,Desktop,iOS,Paid,1060,5088,Buy now and save 20%,0,4
2753,35,F,Giza,Facebook,Video,Gaming,0,0,4,2025-01-04 20:30:00,Tablet,iOS,Social,1051,5004,Check our new collection,1175,1
2754,39,F,Luxor,Instagram,Search,Food & Beverage,1,0,8,2025-02-07 20:09:00,Tablet,Android,Paid,1024,5097,Buy now and save 20%,0,7
2755,31,M,Aswan,Google Ads,Search,Fashion,0,0,22,2025-03-01 20:49:00,Tablet,Windows,Organic,1030,5077,Order online fast delivery,0,8
2756,56,F,Cairo,Google Ads,Search,Electronics,0,0,37,2025-02-17 20:38:00,Mobile,Android,Paid,1094,5052,Order online fast delivery,0,8
2757,54,F,Cairo,Instagram,Display,Fashion,1,0,17,2025-01-24 08:08:00,Mobile,iOS,Organic,1002,5057,Limited offer!,0,10
2758,48,M,Giza,Facebook,Search,Electronics,1,0,14,2025-03-08 12:26:00,Mobile,iOS,Organic,1060,5073,Limited offer!,0,5
2759,49,F,Cairo,Facebook,Search,Gaming,0,0,16,2025-01-20 17:40:00,Mobile,iOS,Paid,1069,5008,Book your travel today,0,8
2760,48,M,Aswan,Facebook,Display,Fashion,0,0,25,2025-03-29 15:42:00,Tablet,iOS,Organic,1082,5027,Order online fast delivery,841,9
2761,22,M,Cairo,Instagram,Search,Electronics,0,1,28,2025-01-31 08:36:00,Tablet,Android,Social,1073,5096,Order online fast delivery,0,3
2762,60,F,Cairo,Facebook,Display,Food & Beverage,1,1,21,2025-01-23 17:38:00,Mobile,iOS,Paid,1092,5074,Buy now and save 20%,0,4
2763,18,M,Giza,Instagram,Display,Food & Beverage,1,1,18,2025-02-26 02:22:00,Desktop,Windows,Social,1083,5091,Top-rated gadgets on sale,0,8
2764,43,M,Mansoura,YouTube,Video,Fashion,0,0,14,2025-01-01 21:02:00,Mobile,Windows,Social,1079,5026,Buy now and save 20%,237,6
2765,53,F,Aswan,Instagram,Search,Food & Beverage,0,0,10,2025-01-19 12:01:00,Desktop,Android,Organic,1071,5019,Book your travel today,0,1
2766,31,M,Cairo,Google Ads,Video,Food & Beverage,0,0,35,2025-03-18 11:01:00,Desktop,Android,Organic,1094,5061,Top-rated gadgets on sale,0,2
2767,50,F,Aswan,Facebook,Display,Electronics,0,1,27,2025-02-25 16:55:00,Mobile,Windows,Social,1020,5087,Book your travel today,1935,1
2768,26,F,Cairo,Facebook,Display,Travel,0,0,36,2025-03-19 00:38:00,Tablet,iOS,Social,1027,5019,Order online fast delivery,0,2
2769,48,F,Luxor,Google Ads,Display,Fashion,1,0,28,2025-02-01 18:17:00,Desktop,Windows,Social,1029,5083,Check our new collection,0,2
2770,49,M,Giza,Instagram,Video,Food & Beverage,1,0,40,2025-01-03 05:16:00,Desktop,Android,Social,1028,5014,Check our new collection,0,3
2771,26,M,Giza,YouTube,Video,Fashion,0,1,34,2025-03-05 06:39:00,Desktop,iOS,Organic,1036,5030,Order online fast delivery,0,8
2772,46,F,Giza,Google Ads,Display,Electronics,1,0,28,2025-03-06 23:24:00,Mobile,iOS,Organic,1034,5020,Buy now and save 20%,0,10
2773,49,M,Alexandria,Google Ads,Video,Gaming,0,0,20,2025-02-17 07:14:00,Tablet,iOS,Organic,1039,5078,Buy now and save 20%,0,6
2774,30,M,Luxor,Instagram,Display,Electronics,1,0,29,2025-01-05 03:07:00,Tablet,Android,Paid,1018,5052,Top-rated gadgets on sale,0,4
2775,37,M,Giza,YouTube,Display,Food & Beverage,0,0,13,2025-01-04 01:19:00,Mobile,Android,Social,1041,5061,Top-rated gadgets on sale,376,4
2776,50,M,Alexandria,Instagram,Display,Fashion,0,0,46,2025-03-20 06:05:00,Mobile,iOS,Social,1078,5053,Limited offer!,0,1
2777,56,F,Luxor,Facebook,Display,Travel,1,0,32,2025-02-10 11:20:00,Tablet,Android,Organic,1077,5097,Buy now and save 20%,703,10
2778,34,M,Cairo,Facebook,Display,Gaming,1,1,24,2025-02-24 18:45:00,Tablet,Windows,Social,1082,5062,Top-rated gadgets on sale,0,10
2779,51,F,Aswan,YouTube,Display,Travel,0,0,50,2025-01-24 20:27:00,Mobile,Android,Social,1020,5067,Top-rated gadgets on sale,0,7
2780,45,M,Mansoura,Facebook,Display,Food & Beverage,1,0,12,2025-02-25 15:34:00,Tablet,iOS,Social,1006,5004,Check our new collection,1214,5
2781,55,M,Cairo,YouTube,Display,Fashion,0,0,6,2025-03-27 17:58:00,Desktop,Android,Paid,1014,5010,Book your travel today,0,5
2782,42,F,Cairo,Facebook,Display,Gaming,0,1,21,2025-03-02 17:38:00,Tablet,Windows,Organic,1079,5083,Check our new collection,0,10
2783,38,M,Aswan,YouTube,Search,Fashion,0,1,46,2025-01-02 10:51:00,Desktop,iOS,Paid,1016,5013,Buy now and save 20%,0,6
2784,53,M,Cairo,Instagram,Display,Electronics,1,0,30,2025-02-28 05:33:00,Tablet,Windows,Organic,1009,5020,Order online fast delivery,0,6
2785,27,M,Giza,Instagram,Display,Travel,0,0,17,2025-01-13 13:31:00,Tablet,Android,Paid,1019,5089,Limited offer!,1258,8
2786,27,M,Aswan,Google Ads,Video,Travel,0,0,34,2025-02-18 04:08:00,Desktop,Android,Paid,1069,5001,Order online fast delivery,0,9
2787,58,F,Cairo,Facebook,Search,Food & Beverage,0,1,48,2025-03-19 06:38:00,Tablet,iOS,Organic,1044,5038,Check our new collection,0,10
2788,44,M,Cairo,Facebook,Search,Travel,1,0,39,2025-03-02 09:54:00,Mobile,Windows,Social,1059,5088,Order online fast delivery,0,8
2789,45,M,Cairo,Instagram,Video,Food & Beverage,0,0,21,2025-03-23 10:15:00,Desktop,Windows,Social,1050,5048,Buy now and save 20%,0,10
2790,22,F,Alexandria,Facebook,Display,Food & Beverage,0,0,41,2025-03-11 01:35:00,Mobile,Android,Organic,1015,5093,Check our new collection,1917,1
2791,56,M,Luxor,Instagram,Display,Gaming,0,0,36,2025-02-01 20:35:00,Tablet,iOS,Organic,1093,5092,Top-rated gadgets on sale,782,7
2792,31,F,Mansoura,Instagram,Video,Travel,1,0,40,2025-02-17 02:43:00,Mobile,iOS,Organic,1054,5045,Top-rated gadgets on sale,0,7
2793,51,F,Mansoura,Facebook,Display,Gaming,0,0,15,2025-03-14 09:43:00,Tablet,iOS,Paid,1005,5019,Check our new collection,0,2
2794,28,F,Cairo,Instagram,Display,Fashion,0,0,39,2025-01-27 13:20:00,Mobile,Windows,Paid,1037,5056,Top-rated gadgets on sale,0,5
2795,59,F,Aswan,Facebook,Display,Electronics,0,0,37,2025-02-10 17:52:00,Tablet,Android,Social,1018,5098,Buy now and save 20%,0,7
2796,27,M,Alexandria,Facebook,Display,Travel,0,0,27,2025-02-21 00:44:00,Desktop,Windows,Paid,1001,5083,Limited offer!,0,1
2797,50,F,Aswan,Facebook,Display,Food & Beverage,1,0,23,2025-01-12 14:31:00,Mobile,Windows,Social,1077,5058,Buy now and save 20%,0,2
2798,28,F,Mansoura,Facebook,Display,Gaming,0,0,24,2025-01-30 13:48:00,Tablet,Android,Organic,1029,5068,Buy now and save 20%,0,1
2799,48,F,Giza,YouTube,Display,Fashion,1,0,46,2025-03-31 22:01:00,Desktop,Android,Organic,1033,5026,Limited offer!,0,10
2800,44,M,Alexandria,Instagram,Display,Fashion,0,0,49,2025-02-06 22:16:00,Tablet,Android,Paid,1071,5098,Order online fast delivery,0,8
2801,54,F,Cairo,Instagram,Display,Fashion,0,0,20,2025-01-19 03:43:00,Tablet,Android,Social,1077,5100,Check our new collection,0,4
2802,51,M,Luxor,YouTube,Search,Food & Beverage,0,0,39,2025-03-25 23:29:00,Mobile,iOS,Organic,1002,5085,Book your travel today,0,10
2803,40,M,Aswan,Facebook,Search,Fashion,0,0,28,2025-01-04 18:52:00,Tablet,Android,Social,1039,5090,Order online fast delivery,0,2
2804,49,F,Cairo,Facebook,Video,Fashion,0,0,31,2025-03-30 07:41:00,Mobile,iOS,Social,1020,5002,Buy now and save 20%,0,1
2805,53,M,Luxor,YouTube,Search,Electronics,1,0,40,2025-03-29 06:07:00,Mobile,Android,Paid,1052,5022,Top-rated gadgets on sale,0,7
2806,43,M,Mansoura,Facebook,Search,Fashion,0,0,7,2025-03-23 07:30:00,Tablet,Android,Organic,1061,5026,Check our new collection,0,9
2807,37,M,Luxor,Instagram,Video,Food & Beverage,0,0,7,2025-01-16 02:38:00,Mobile,Windows,Organic,1069,5093,Book your travel today,0,1
2808,44,M,Cairo,Google Ads,Display,Food & Beverage,0,0,27,2025-03-22 14:02:00,Tablet,Android,Paid,1030,5014,Limited offer!,0,9
2809,42,F,Mansoura,Facebook,Display,Fashion,0,1,27,2025-01-08 05:21:00,Desktop,Windows,Paid,1077,5052,Order online fast delivery,0,5
2810,22,F,Mansoura,Facebook,Display,Travel,1,0,30,2025-01-13 08:49:00,Mobile,Android,Organic,1051,5000,Book your travel today,0,8
2811,37,M,Luxor,Google Ads,Video,Electronics,1,0,30,2025-02-25 18:56:00,Desktop,iOS,Organic,1009,5027,Buy now and save 20%,0,8
2812,47,M,Cairo,Instagram,Video,Food & Beverage,0,0,17,2025-01-30 08:26:00,Tablet,Windows,Paid,1044,5086,Buy now and save 20%,0,9
2813,33,F,Mansoura,Facebook,Display,Food & Beverage,0,0,21,2025-03-31 14:28:00,Tablet,Android,Social,1097,5016,Book your travel today,88,9
2814,27,F,Cairo,Instagram,Display,Travel,1,0,39,2025-01-06 02:43:00,Desktop,Windows,Social,1071,5044,Top-rated gadgets on sale,0,9
2815,37,F,Giza,Instagram,Search,Travel,1,0,25,2025-03-16 10:56:00,Mobile,Windows,Organic,1004,5070,Order online fast delivery,0,1
2816,29,M,Alexandria,YouTube,Display,Fashion,0,0,37,2025-03-31 08:24:00,Tablet,Windows,Social,1073,5019,Book your travel today,1714,8
2817,22,M,Luxor,Facebook,Display,Electronics,1,1,27,2025-02-02 11:08:00,Mobile,iOS,Organic,1056,5035,Buy now and save 20%,0,3
2818,25,M,Giza,Facebook,Display,Fashion,0,0,11,2025-01-23 17:45:00,Desktop,Windows,Organic,1073,5017,Buy now and save 20%,549,8
2819,57,M,Giza,Facebook,Display,Travel,0,0,40,2025-01-14 20:42:00,Desktop,iOS,Social,1084,5059,Check our new collection,615,8
2820,31,F,Aswan,Google Ads,Display,Electronics,0,0,31,2025-03-03 17:39:00,Desktop,iOS,Organic,1082,5027,Book your travel today,1644,10
2821,54,F,Cairo,Instagram,Video,Fashion,0,1,14,2025-01-20 18:31:00,Desktop,Windows,Organic,1078,5047,Book your travel today,0,7
2822,24,M,Aswan,Instagram,Display,Travel,0,0,50,2025-02-05 16:21:00,Desktop,Android,Paid,1017,5076,Order online fast delivery,0,5
2823,27,M,Mansoura,YouTube,Search,Gaming,1,0,36,2025-03-04 08:05:00,Desktop,iOS,Paid,1090,5026,Top-rated gadgets on sale,0,6
2824,50,M,Aswan,Facebook,Display,Food & Beverage,1,0,34,2025-01-07 12:17:00,Mobile,Windows,Paid,1060,5038,Limited offer!,0,10
2825,59,M,Cairo,Instagram,Video,Travel,0,0,7,2025-02-20 23:06:00,Tablet,Windows,Organic,1070,5037,Top-rated gadgets on sale,0,4
2826,33,F,Cairo,Google Ads,Video,Food & Beverage,0,0,9,2025-01-12 05:45:00,Desktop,iOS,Social,1018,5031,Limited offer!,0,7
2827,19,M,Cairo,Facebook,Video,Electronics,0,1,34,2025-02-05 19:38:00,Tablet,Android,Paid,1035,5044,Book your travel today,0,8
2828,50,F,Mansoura,Instagram,Display,Food & Beverage,1,0,24,2025-01-11 08:06:00,Mobile,Android,Paid,1022,5032,Book your travel today,0,1
2829,40,M,Cairo,YouTube,Video,Gaming,0,0,41,2025-01-04 18:36:00,Tablet,iOS,Social,1048,5060,Book your travel today,0,3
2830,58,F,Cairo,Facebook,Search,Food & Beverage,0,0,31,2025-01-30 19:55:00,Mobile,Android,Organic,1055,5012,Check our new collection,0,2
2831,25,F,Cairo,Facebook,Display,Fashion,0,0,36,2025-02-25 09:03:00,Mobile,iOS,Social,1069,5064,Check our new collection,0,2
2832,34,F,Cairo,Facebook,Video,Fashion,0,1,5,2025-01-06 04:46:00,Desktop,Windows,Organic,1091,5001,Top-rated gadgets on sale,0,7
2833,60,F,Aswan,Facebook,Video,Electronics,0,0,11,2025-02-03 16:17:00,Tablet,iOS,Organic,1054,5079,Order online fast delivery,0,1
2834,31,M,Aswan,Google Ads,Video,Electronics,1,0,46,2025-02-15 12:37:00,Tablet,iOS,Social,1089,5080,Order online fast delivery,0,1
2835,34,M,Giza,Facebook,Display,Travel,0,0,8,2025-01-04 11:40:00,Tablet,Android,Paid,1073,5065,Top-rated gadgets on sale,0,10
2836,40,M,Cairo,YouTube,Search,Electronics,1,0,29,2025-03-25 14:51:00,Desktop,Android,Organic,1004,5078,Limited offer!,0,8
2837,59,F,Mansoura,Google Ads,Video,Fashion,0,0,5,2025-03-30 17:01:00,Desktop,Windows,Organic,1019,5076,Limited offer!,0,4
2838,50,F,Cairo,Facebook,Video,Fashion,1,0,10,2025-02-04 12:39:00,Mobile,iOS,Organic,1086,5093,Order online fast delivery,0,4
2839,55,F,Cairo,YouTube,Display,Food & Beverage,1,0,40,2025-01-04 02:03:00,Tablet,Android,Organic,1039,5083,Order online fast delivery,533,1
2840,25,F,Aswan,YouTube,Display,Food & Beverage,0,1,47,2025-01-14 00:27:00,Desktop,iOS,Paid,1057,5099,Limited offer!,0,6
2841,31,F,Cairo,Google Ads,Search,Fashion,0,1,26,2025-03-18 10:02:00,Desktop,iOS,Organic,1050,5074,Book your travel today,1457,10
2842,31,F,Alexandria,YouTube,Video,Food & Beverage,0,0,40,2025-02-27 16:20:00,Tablet,iOS,Organic,1097,5081,Book your travel today,0,10
2843,40,F,Giza,Google Ads,Display,Fashion,0,0,48,2025-03-01 05:58:00,Tablet,iOS,Social,1048,5016,Buy now and save 20%,0,8
2844,37,M,Luxor,Facebook,Display,Electronics,0,0,29,2025-03-19 12:37:00,Desktop,Android,Social,1069,5014,Limited offer!,0,4
2845,26,F,Giza,Google Ads,Display,Travel,1,0,9,2025-01-08 15:05:00,Mobile,Android,Paid,1096,5028,Buy now and save 20%,707,2
2846,19,F,Cairo,Google Ads,Video,Gaming,1,0,29,2025-01-08 04:56:00,Desktop,Windows,Paid,1059,5022,Buy now and save 20%,0,3
2847,24,M,Cairo,Facebook,Display,Electronics,0,0,37,2025-03-08 04:16:00,Tablet,Windows,Organic,1019,5013,Check our new collection,0,10
2848,24,F,Cairo,Instagram,Display,Fashion,1,0,48,2025-03-12 21:18:00,Mobile,Android,Social,1033,5053,Order online fast delivery,0,3
2849,48,F,Cairo,Facebook,Display,Food & Beverage,1,0,11,2025-01-25 09:31:00,Tablet,iOS,Social,1026,5015,Limited offer!,0,8
2850,18,F,Alexandria,Google Ads,Video,Electronics,0,0,32,2025-03-24 12:11:00,Tablet,Windows,Organic,1046,5016,Book your travel today,0,8
2851,20,M,Giza,Google Ads,Display,Fashion,0,0,2,2025-01-04 16:24:00,Desktop,Android,Organic,1065,5044,Limited offer!,0,1
2852,60,F,Aswan,Google Ads,Video,Fashion,1,0,22,2025-03-13 19:25:00,Tablet,iOS,Paid,1061,5074,Limited offer!,442,8
2853,23,M,Cairo,YouTube,Display,Fashion,0,0,26,2025-01-17 05:19:00,Tablet,iOS,Organic,1013,5045,Top-rated gadgets on sale,0,3
2854,54,F,Giza,YouTube,Video,Electronics,1,0,40,2025-02-22 12:52:00,Mobile,Windows,Organic,1014,5098,Book your travel today,1182,2
2855,52,M,Luxor,Facebook,Search,Gaming,0,0,48,2025-01-01 22:30:00,Tablet,Android,Organic,1001,5091,Buy now and save 20%,0,7
2856,39,M,Mansoura,Instagram,Video,Food & Beverage,0,0,30,2025-03-28 19:46:00,Mobile,Android,Organic,1082,5023,Limited offer!,0,5
2857,56,M,Giza,Facebook,Video,Travel,0,0,19,2025-03-04 07:04:00,Mobile,Android,Organic,1059,5019,Check our new collection,0,2
2858,43,M,Cairo,Google Ads,Video,Gaming,0,1,41,2025-01-23 12:51:00,Mobile,iOS,Organic,1052,5031,Book your travel today,0,10
2859,39,M,Cairo,Facebook,Search,Fashion,0,0,30,2025-01-15 22:27:00,Desktop,iOS,Social,1015,5088,Book your travel today,0,5
2860,42,M,Aswan,Instagram,Display,Food & Beverage,0,1,21,2025-03-01 06:10:00,Desktop,Android,Social,1083,5093,Top-rated gadgets on sale,0,3
2861,55,F,Luxor,Google Ads,Display,Electronics,0,0,34,2025-02-27 13:57:00,Mobile,Windows,Organic,1007,5004,Book your travel today,0,6
2862,21,M,Cairo,Instagram,Display,Electronics,1,0,27,2025-02-27 02:50:00,Tablet,iOS,Paid,1071,5020,Limited offer!,0,5
2863,45,F,Cairo,Google Ads,Display,Fashion,0,0,34,2025-01-28 06:42:00,Mobile,iOS,Organic,1021,5047,Limited offer!,0,1
2864,52,M,Luxor,Google Ads,Display,Fashion,1,0,20,2025-02-02 17:30:00,Desktop,Android,Organic,1089,5003,Buy now and save 20%,818,5
2865,38,M,Aswan,Facebook,Display,Fashion,0,0,27,2025-03-31 21:55:00,Tablet,iOS,Paid,1070,5013,Limited offer!,0,4
2866,55,F,Alexandria,Facebook,Video,Travel,0,0,14,2025-02-20 21:00:00,Tablet,Android,Organic,1014,5080,Book your travel today,0,1
2867,34,F,Giza,Google Ads,Search,Travel,0,0,3,2025-02-21 15:37:00,Desktop,Android,Organic,1082,5066,Order online fast delivery,0,4
2868,49,M,Mansoura,YouTube,Video,Fashion,0,0,13,2025-01-13 12:23:00,Tablet,Android,Organic,1036,5030,Buy now and save 20%,0,1
2869,23,F,Luxor,Facebook,Video,Food & Beverage,1,0,43,2025-01-08 11:33:00,Mobile,iOS,Social,1066,5001,Buy now and save 20%,0,6
2870,36,F,Giza,Facebook,Video,Fashion,1,1,32,2025-01-14 10:23:00,Tablet,Windows,Paid,1018,5073,Limited offer!,0,3
2871,26,F,Mansoura,Instagram,Display,Gaming,1,0,48,2025-01-08 05:40:00,Desktop,iOS,Social,1027,5066,Order online fast delivery,0,5
2872,38,M,Giza,Facebook,Video,Food & Beverage,0,0,16,2025-01-20 05:24:00,Tablet,Android,Paid,1011,5019,Limited offer!,1555,6
2873,27,M,Cairo,Facebook,Display,Food & Beverage,0,0,11,2025-01-12 04:22:00,Mobile,iOS,Social,1067,5082,Limited offer!,0,6
2874,38,M,Aswan,Facebook,Video,Electronics,0,0,17,2025-03-02 03:15:00,Desktop,iOS,Organic,1060,5089,Buy now and save 20%,0,6
2875,46,M,Aswan,YouTube,Display,Electronics,0,0,35,2025-02-20 03:58:00,Desktop,iOS,Paid,1044,5063,Top-rated gadgets on sale,0,4
2876,43,F,Cairo,Facebook,Video,Food & Beverage,0,0,33,2025-02-12 00:27:00,Tablet,iOS,Organic,1049,5012,Limited offer!,0,8
2877,34,F,Luxor,Facebook,Video,Electronics,0,0,9,2025-01-21 02:56:00,Mobile,iOS,Social,1068,5038,Order online fast delivery,0,5
2878,46,F,Aswan,Instagram,Display,Fashion,0,0,39,2025-03-29 17:10:00,Tablet,iOS,Organic,1057,5059,Order online fast delivery,0,10
2879,26,M,Alexandria,YouTube,Video,Fashion,1,1,35,2025-02-28 01:26:00,Desktop,Windows,Organic,1046,5081,Buy now and save 20%,0,2
2880,35,M,Cairo,Facebook,Video,Fashion,0,0,25,2025-03-29 09:01:00,Mobile,Android,Social,1079,5026,Order online fast delivery,0,2
2881,34,M,Mansoura,YouTube,Video,Food & Beverage,1,0,6,2025-01-21 04:02:00,Mobile,Android,Organic,1089,5007,Check our new collection,0,2
2882,56,F,Aswan,YouTube,Video,Food & Beverage,1,0,50,2025-01-31 06:38:00,Desktop,Android,Organic,1048,5026,Buy now and save 20%,0,10
2883,57,M,Cairo,Facebook,Display,Fashion,0,0,27,2025-02-13 00:21:00,Tablet,Android,Social,1014,5013,Book your travel today,0,7
2884,50,F,Luxor,Google Ads,Video,Travel,0,0,32,2025-03-19 20:39:00,Mobile,Android,Organic,1082,5002,Book your travel today,0,9
2885,36,M,Cairo,Facebook,Display,Food & Beverage,1,0,34,2025-01-15 13:25:00,Mobile,iOS,Organic,1004,5069,Buy now and save 20%,0,7
2886,42,F,Mansoura,YouTube,Video,Food & Beverage,0,0,29,2025-01-08 04:18:00,Mobile,iOS,Organic,1090,5068,Buy now and save 20%,0,5
2887,51,M,Cairo,Instagram,Display,Electronics,0,0,28,2025-01-28 17:57:00,Mobile,iOS,Paid,1081,5041,Top-rated gadgets on sale,0,10
2888,32,M,Luxor,YouTube,Video,Fashion,1,0,6,2025-02-12 06:13:00,Tablet,iOS,Paid,1056,5026,Check our new collection,0,7
2889,21,M,Aswan,Facebook,Display,Food & Beverage,0,0,40,2025-03-13 01:27:00,Desktop,iOS,Paid,1017,5065,Top-rated gadgets on sale,583,8
2890,53,F,Alexandria,Facebook,Display,Gaming,1,0,11,2025-03-19 22:30:00,Mobile,iOS,Social,1029,5031,Top-rated gadgets on sale,0,9
2891,49,M,Mansoura,YouTube,Video,Electronics,1,0,23,2025-01-28 00:36:00,Desktop,Android,Organic,1025,5065,Check our new collection,0,3
2892,52,M,Giza,Instagram,Video,Fashion,0,0,28,2025-03-29 11:33:00,Desktop,Android,Social,1066,5033,Check our new collection,0,4
2893,46,M,Luxor,YouTube,Display,Fashion,0,0,21,2025-03-02 03:47:00,Tablet,Windows,Paid,1086,5007,Check our new collection,0,4
2894,22,F,Giza,YouTube,Display,Fashion,0,0,37,2025-03-20 02:08:00,Desktop,Windows,Organic,1097,5054,Check our new collection,0,7
2895,21,M,Cairo,Facebook,Display,Food & Beverage,0,0,29,2025-03-10 02:42:00,Mobile,Windows,Social,1091,5017,Buy now and save 20%,877,2
2896,19,M,Cairo,Facebook,Video,Gaming,1,0,21,2025-03-29 21:35:00,Tablet,Windows,Organic,1100,5084,Top-rated gadgets on sale,0,2
2897,28,M,Cairo,Instagram,Display,Food & Beverage,1,0,37,2025-03-29 10:00:00,Tablet,Android,Social,1006,5013,Buy now and save 20%,0,6
2898,45,F,Cairo,Facebook,Video,Food & Beverage,0,0,14,2025-02-23 13:19:00,Tablet,iOS,Paid,1034,5052,Limited offer!,1563,5
2899,55,M,Alexandria,Google Ads,Display,Fashion,1,0,25,2025-03-28 09:47:00,Tablet,Android,Social,1019,5064,Book your travel today,0,8
2900,54,F,Alexandria,Facebook,Display,Travel,1,1,45,2025-03-14 18:17:00,Desktop,Android,Social,1025,5007,Book your travel today,0,9
2901,49,F,Cairo,Instagram,Search,Gaming,0,0,37,2025-03-27 02:02:00,Desktop,Android,Organic,1072,5075,Top-rated gadgets on sale,0,8
2902,33,F,Cairo,Instagram,Display,Fashion,0,0,2,2025-01-29 04:45:00,Mobile,Android,Social,1017,5069,Top-rated gadgets on sale,0,7
2903,26,F,Luxor,Facebook,Search,Gaming,1,0,4,2025-03-29 14:52:00,Mobile,iOS,Social,1019,5006,Limited offer!,96,4
2904,36,M,Cairo,Instagram,Display,Food & Beverage,0,0,12,2025-03-18 01:52:00,Desktop,Windows,Social,1045,5002,Top-rated gadgets on sale,0,7
2905,32,F,Luxor,Google Ads,Display,Electronics,0,0,33,2025-01-14 17:40:00,Desktop,Android,Social,1033,5007,Limited offer!,0,3
2906,32,F,Mansoura,Facebook,Video,Food & Beverage,1,0,29,2025-03-18 17:50:00,Tablet,iOS,Organic,1023,5060,Check our new collection,0,3
2907,25,M,Cairo,Instagram,Search,Food & Beverage,1,0,34,2025-02-28 11:54:00,Tablet,iOS,Organic,1093,5022,Order online fast delivery,0,2
2908,54,F,Alexandria,Instagram,Video,Fashion,0,0,19,2025-01-06 16:29:00,Mobile,Android,Social,1008,5036,Buy now and save 20%,0,6
2909,56,M,Alexandria,Facebook,Search,Travel,0,0,19,2025-02-15 21:40:00,Tablet,Android,Paid,1073,5033,Limited offer!,1414,9
2910,48,F,Aswan,Google Ads,Display,Food & Beverage,1,0,9,2025-03-28 20:44:00,Mobile,Windows,Paid,1010,5052,Limited offer!,0,5
2911,44,F,Luxor,Google Ads,Display,Gaming,1,0,26,2025-01-01 23:31:00,Tablet,Windows,Organic,1079,5017,Order online fast delivery,0,7
2912,58,F,Alexandria,Instagram,Video,Travel,0,1,12,2025-01-16 01:57:00,Desktop,iOS,Paid,1002,5071,Top-rated gadgets on sale,1951,7
2913,27,M,Mansoura,YouTube,Display,Fashion,1,0,24,2025-02-19 21:47:00,Desktop,iOS,Organic,1049,5020,Order online fast delivery,0,2
2914,22,M,Aswan,YouTube,Video,Food & Beverage,0,0,47,2025-02-28 02:28:00,Desktop,Windows,Paid,1033,5081,Check our new collection,0,6
2915,21,M,Alexandria,Google Ads,Video,Electronics,1,0,38,2025-01-12 23:13:00,Mobile,Windows,Social,1082,5042,Limited offer!,0,8
2916,54,F,Cairo,Facebook,Display,Electronics,1,0,2,2025-03-29 19:49:00,Desktop,Android,Organic,1061,5046,Order online fast delivery,0,8
2917,22,F,Giza,Facebook,Display,Fashion,0,0,4,2025-01-08 13:24:00,Tablet,iOS,Social,1035,5056,Book your travel today,0,3
2918,19,F,Giza,Facebook,Display,Electronics,0,0,7,2025-02-24 15:17:00,Tablet,iOS,Organic,1014,5012,Top-rated gadgets on sale,0,1
2919,32,M,Luxor,YouTube,Display,Gaming,0,0,39,2025-01-10 09:22:00,Mobile,iOS,Paid,1000,5009,Limited offer!,0,3
2920,34,F,Alexandria,YouTube,Search,Food & Beverage,0,1,34,2025-01-16 19:24:00,Desktop,Android,Organic,1019,5018,Order online fast delivery,0,1
2921,24,M,Giza,Instagram,Video,Electronics,0,0,40,2025-01-15 02:16:00,Desktop,Android,Social,1028,5019,Book your travel today,0,3
2922,52,F,Cairo,Instagram,Video,Gaming,0,0,11,2025-01-08 03:33:00,Mobile,Android,Organic,1066,5027,Check our new collection,0,6
2923,35,M,Cairo,YouTube,Video,Gaming,1,0,24,2025-03-23 16:59:00,Mobile,Windows,Organic,1071,5059,Buy now and save 20%,0,6
2924,45,M,Mansoura,Facebook,Display,Electronics,0,0,31,2025-03-18 19:23:00,Mobile,iOS,Organic,1087,5075,Check our new collection,0,8
2925,55,M,Mansoura,YouTube,Display,Travel,0,0,9,2025-03-06 05:15:00,Tablet,Android,Social,1021,5015,Check our new collection,0,8
2926,48,F,Mansoura,Facebook,Video,Fashion,0,0,3,2025-03-14 22:28:00,Desktop,Windows,Social,1027,5008,Buy now and save 20%,0,5
2927,18,M,Cairo,Instagram,Display,Fashion,0,0,23,2025-02-23 02:02:00,Desktop,Android,Paid,1041,5053,Book your travel today,0,9
2928,21,F,Luxor,Facebook,Display,Gaming,0,0,40,2025-01-12 13:15:00,Mobile,Android,Organic,1091,5029,Buy now and save 20%,0,1
2929,53,F,Giza,Facebook,Video,Fashion,0,0,16,2025-02-08 14:23:00,Mobile,Android,Paid,1087,5063,Check our new collection,0,6
2930,20,F,Cairo,YouTube,Display,Fashion,1,0,40,2025-02-18 19:21:00,Tablet,Android,Organic,1083,5000,Limited offer!,0,8
2931,39,M,Cairo,Google Ads,Display,Fashion,0,0,28,2025-03-17 22:56:00,Tablet,Windows,Organic,1039,5018,Limited offer!,0,4
2932,37,M,Giza,YouTube,Video,Travel,0,0,29,2025-03-09 18:51:00,Tablet,iOS,Organic,1071,5040,Top-rated gadgets on sale,0,3
2933,48,F,Giza,YouTube,Video,Travel,0,0,32,2025-02-24 03:22:00,Desktop,Android,Social,1089,5019,Top-rated gadgets on sale,0,7
2934,32,M,Alexandria,Instagram,Video,Fashion,0,0,41,2025-02-18 23:58:00,Tablet,iOS,Organic,1070,5022,Buy now and save 20%,0,7
2935,41,M,Giza,YouTube,Display,Food & Beverage,0,0,5,2025-03-20 16:08:00,Mobile,Windows,Paid,1091,5040,Buy now and save 20%,1457,9
2936,24,F,Giza,Facebook,Search,Food & Beverage,1,1,12,2025-02-22 14:51:00,Mobile,Android,Social,1027,5083,Top-rated gadgets on sale,0,8
2937,43,F,Cairo,Instagram,Display,Travel,1,1,12,2025-02-05 12:45:00,Mobile,Windows,Paid,1013,5073,Order online fast delivery,0,9
2938,46,F,Giza,YouTube,Display,Gaming,0,1,6,2025-01-16 22:27:00,Desktop,Android,Organic,1009,5035,Check our new collection,348,3
2939,45,M,Aswan,Facebook,Video,Fashion,0,0,44,2025-03-21 10:23:00,Tablet,iOS,Organic,1072,5100,Top-rated gadgets on sale,0,2
2940,56,F,Aswan,Facebook,Display,Food & Beverage,0,0,17,2025-03-15 18:53:00,Desktop,Windows,Paid,1004,5047,Buy now and save 20%,0,4
2941,52,F,Cairo,Google Ads,Search,Travel,1,0,34,2025-01-25 23:17:00,Mobile,Windows,Organic,1054,5065,Buy now and save 20%,0,5
2942,37,F,Cairo,Instagram,Video,Gaming,0,0,42,2025-03-23 17:04:00,Mobile,iOS,Organic,1056,5034,Order online fast delivery,750,8
2943,22,M,Giza,YouTube,Search,Travel,0,0,9,2025-01-14 21:37:00,Tablet,iOS,Social,1044,5081,Book your travel today,0,6
2944,26,F,Cairo,Instagram,Search,Travel,0,0,36,2025-03-26 14:53:00,Desktop,Windows,Paid,1090,5060,Limited offer!,0,3
2945,37,F,Alexandria,Instagram,Display,Fashion,0,0,37,2025-01-30 18:41:00,Mobile,Android,Paid,1078,5045,Book your travel today,0,10
2946,26,M,Giza,Google Ads,Video,Travel,0,0,49,2025-02-26 12:12:00,Desktop,Windows,Paid,1075,5043,Buy now and save 20%,0,4
2947,56,M,Alexandria,Google Ads,Display,Travel,1,0,21,2025-01-05 08:17:00,Desktop,Windows,Paid,1090,5081,Check our new collection,0,10
2948,59,M,Cairo,Instagram,Search,Fashion,1,0,39,2025-01-25 12:46:00,Tablet,Android,Organic,1073,5060,Order online fast delivery,0,5
2949,38,M,Cairo,Facebook,Display,Fashion,0,0,5,2025-02-28 23:29:00,Mobile,Windows,Social,1059,5041,Top-rated gadgets on sale,0,8
2950,30,F,Alexandria,Google Ads,Video,Travel,0,0,3,2025-03-22 23:08:00,Desktop,Windows,Organic,1084,5023,Check our new collection,0,4
2951,36,M,Giza,Google Ads,Display,Fashion,0,1,16,2025-01-18 12:03:00,Tablet,iOS,Organic,1040,5006,Book your travel today,0,4
2952,54,M,Cairo,YouTube,Video,Fashion,0,0,12,2025-03-24 08:46:00,Tablet,Windows,Paid,1061,5040,Book your travel today,1879,5
2953,49,F,Giza,Instagram,Video,Gaming,0,1,19,2025-01-30 20:00:00,Desktop,Windows,Organic,1096,5014,Book your travel today,0,1
2954,27,F,Mansoura,Facebook,Display,Electronics,0,0,50,2025-02-11 13:41:00,Tablet,Windows,Paid,1044,5048,Order online fast delivery,0,10
2955,29,M,Cairo,Google Ads,Search,Gaming,0,0,43,2025-03-21 19:14:00,Desktop,Windows,Organic,1059,5066,Book your travel today,0,5
2956,27,M,Cairo,YouTube,Display,Electronics,0,1,46,2025-01-15 04:37:00,Mobile,iOS,Social,1008,5031,Book your travel today,0,10
2957,46,F,Mansoura,YouTube,Video,Fashion,0,0,47,2025-03-07 00:23:00,Mobile,iOS,Paid,1019,5060,Top-rated gadgets on sale,0,7
2958,27,F,Cairo,Google Ads,Video,Travel,0,0,32,2025-03-13 23:09:00,Mobile,Windows,Organic,1067,5006,Limited offer!,0,9
2959,41,M,Mansoura,Instagram,Video,Food & Beverage,0,0,49,2025-02-24 09:42:00,Desktop,iOS,Organic,1093,5069,Order online fast delivery,1463,9
2960,29,M,Cairo,Instagram,Video,Gaming,1,0,22,2025-01-11 11:03:00,Desktop,Android,Social,1010,5039,Order online fast delivery,0,10
2961,47,M,Luxor,YouTube,Display,Gaming,1,0,22,2025-01-11 09:28:00,Tablet,iOS,Paid,1016,5089,Check our new collection,0,10
2962,30,M,Giza,Facebook,Display,Travel,0,0,12,2025-03-25 22:05:00,Mobile,Windows,Paid,1001,5016,Top-rated gadgets on sale,0,4
2963,48,M,Cairo,Instagram,Search,Electronics,0,0,29,2025-03-18 13:09:00,Mobile,iOS,Organic,1007,5017,Book your travel today,0,2
2964,24,F,Alexandria,Instagram,Video,Travel,1,0,32,2025-03-14 17:44:00,Desktop,Windows,Organic,1085,5005,Limited offer!,0,4
2965,53,F,Luxor,Facebook,Display,Electronics,0,1,7,2025-02-20 23:27:00,Mobile,Android,Organic,1039,5009,Buy now and save 20%,0,5
2966,37,F,Cairo,YouTube,Video,Travel,0,0,13,2025-02-08 03:40:00,Desktop,iOS,Organic,1059,5064,Buy now and save 20%,0,6
2967,31,F,Giza,Google Ads,Video,Electronics,0,0,19,2025-03-07 01:38:00,Desktop,Android,Paid,1096,5059,Check our new collection,0,2
2968,25,M,Mansoura,Facebook,Video,Fashion,0,0,39,2025-01-09 12:24:00,Mobile,Android,Organic,1073,5061,Book your travel today,0,9
2969,40,F,Giza,Facebook,Video,Travel,0,1,15,2025-02-05 03:10:00,Tablet,Android,Social,1009,5025,Book your travel today,0,3
2970,36,F,Aswan,YouTube,Display,Fashion,0,1,43,2025-01-30 17:08:00,Tablet,Android,Paid,1050,5063,Book your travel today,0,8
2971,39,M,Aswan,Instagram,Display,Fashion,0,0,48,2025-03-14 05:50:00,Tablet,Windows,Organic,1066,5041,Order online fast delivery,0,5
2972,38,M,Mansoura,Google Ads,Display,Travel,0,0,8,2025-02-21 07:11:00,Desktop,Windows,Paid,1012,5023,Top-rated gadgets on sale,0,7
2973,40,M,Giza,Google Ads,Search,Travel,0,0,22,2025-01-28 13:37:00,Desktop,iOS,Paid,1086,5033,Book your travel today,0,2
2974,41,F,Aswan,Facebook,Display,Fashion,0,0,29,2025-01-17 23:06:00,Mobile,Android,Organic,1031,5040,Check our new collection,0,6
2975,30,M,Mansoura,Facebook,Search,Food & Beverage,0,1,23,2025-01-18 12:02:00,Desktop,Android,Social,1001,5023,Limited offer!,992,8
2976,41,F,Giza,Facebook,Display,Fashion,0,0,35,2025-03-08 13:34:00,Tablet,Windows,Social,1091,5020,Top-rated gadgets on sale,0,5
2977,33,M,Giza,Facebook,Display,Fashion,0,0,3,2025-02-19 06:55:00,Tablet,Windows,Social,1089,5095,Book your travel today,0,3
2978,24,M,Giza,YouTube,Display,Electronics,0,0,21,2025-02-24 05:57:00,Mobile,iOS,Paid,1080,5045,Top-rated gadgets on sale,0,1
2979,36,M,Giza,Facebook,Display,Food & Beverage,1,0,8,2025-02-09 10:59:00,Desktop,iOS,Paid,1018,5056,Order online fast delivery,0,8
2980,54,F,Alexandria,Instagram,Video,Electronics,0,0,14,2025-02-22 02:40:00,Mobile,iOS,Organic,1076,5092,Order online fast delivery,0,5
2981,38,M,Cairo,YouTube,Video,Electronics,0,0,48,2025-03-26 14:06:00,Mobile,iOS,Paid,1004,5048,Check our new collection,721,1
2982,46,F,Cairo,Facebook,Video,Travel,0,0,5,2025-01-10 18:18:00,Desktop,iOS,Organic,1059,5009,Top-rated gadgets on sale,384,9
2983,54,F,Giza,Google Ads,Video,Food & Beverage,0,1,15,2025-02-27 04:19:00,Desktop,Android,Social,1048,5039,Buy now and save 20%,0,6
2984,58,F,Cairo,Google Ads,Display,Food & Beverage,0,1,21,2025-03-01 23:24:00,Tablet,iOS,Organic,1043,5030,Limited offer!,0,3
2985,19,M,Aswan,Instagram,Search,Gaming,1,0,5,2025-03-23 15:30:00,Tablet,Windows,Paid,1008,5078,Buy now and save 20%,0,5
2986,39,M,Cairo,Facebook,Display,Gaming,1,0,23,2025-03-19 19:01:00,Tablet,iOS,Paid,1042,5030,Limited offer!,99,7
2987,40,M,Cairo,Google Ads,Video,Electronics,1,0,37,2025-01-02 09:24:00,Mobile,Android,Social,1046,5060,Limited offer!,57,5
2988,19,M,Alexandria,Facebook,Display,Food & Beverage,1,0,18,2025-03-01 09:16:00,Tablet,Android,Paid,1063,5001,Check our new collection,0,2
2989,33,F,Cairo,Instagram,Display,Travel,1,0,26,2025-01-04 14:59:00,Tablet,Windows,Organic,1030,5062,Check our new collection,0,8
2990,23,F,Aswan,Instagram,Display,Electronics,0,0,27,2025-03-04 01:32:00,Mobile,Android,Organic,1082,5057,Order online fast delivery,0,4
2991,49,M,Cairo,Facebook,Display,Fashion,0,0,30,2025-01-09 22:44:00,Desktop,Windows,Organic,1028,5007,Limited offer!,0,3
2992,44,F,Alexandria,Facebook,Display,Electronics,0,0,39,2025-02-02 17:15:00,Mobile,Android,Organic,1028,5039,Order online fast delivery,0,7
2993,25,M,Mansoura,YouTube,Display,Gaming,1,0,22,2025-02-26 16:44:00,Tablet,Windows,Social,1051,5076,Order online fast delivery,0,3
2994,21,M,Luxor,Facebook,Video,Electronics,1,0,25,2025-02-05 00:09:00,Mobile,iOS,Paid,1013,5055,Check our new collection,0,2
2995,55,F,Mansoura,YouTube,Display,Electronics,1,0,7,2025-02-26 05:01:00,Desktop,iOS,Organic,1000,5093,Buy now and save 20%,0,8
2996,31,M,Luxor,Instagram,Video,Food & Beverage,0,0,33,2025-02-13 08:26:00,Mobile,Windows,Social,1066,5047,Order online fast delivery,0,5
2997,41,M,Giza,Facebook,Search,Food & Beverage,1,0,26,2025-02-21 05:27:00,Tablet,Windows,Social,1058,5085,Order online fast delivery,1212,2
2998,40,M,Alexandria,Instagram,Display,Electronics,0,0,25,2025-01-06 13:25:00,Mobile,Android,Social,1087,5095,Order online fast delivery,0,10
2999,37,M,Cairo,Facebook,Display,Electronics,0,0,21,2025-03-25 05:02:00,Desktop,Android,Paid,1026,5042,Book your travel today,1128,7
3000,44,M,Cairo,YouTube,Display,Food & Beverage,0,0,43,2025-03-15 05:55:00,Tablet,Windows,Organic,1016,5030,Limited offer!,0,2
3001,37,F,Aswan,Google Ads,Display,Electronics,0,0,3,2025-02-28 01:03:00,Desktop,Android,Organic,1080,5095,Check our new collection,0,10
3002,51,M,Aswan,Google Ads,Video,Food & Beverage,0,0,38,2025-02-19 19:14:00,Mobile,Android,Paid,1001,5081,Limited offer!,0,10
3003,18,F,Cairo,Google Ads,Video,Food & Beverage,1,0,36,2025-01-06 18:41:00,Tablet,Windows,Organic,1027,5055,Limited offer!,0,9
3004,52,M,Cairo,Facebook,Video,Travel,0,0,24,2025-02-08 20:35:00,Tablet,Android,Social,1088,5012,Buy now and save 20%,0,1
3005,50,M,Cairo,Instagram,Video,Travel,1,0,24,2025-03-30 16:10:00,Mobile,iOS,Organic,1048,5064,Order online fast delivery,341,5
3006,25,M,Mansoura,YouTube,Search,Travel,0,0,47,2025-03-28 23:32:00,Tablet,Android,Organic,1026,5048,Top-rated gadgets on sale,853,8
3007,60,M,Mansoura,Instagram,Display,Food & Beverage,1,0,20,2025-03-29 23:04:00,Tablet,iOS,Organic,1050,5008,Check our new collection,0,4
3008,45,F,Giza,YouTube,Video,Gaming,0,0,3,2025-01-02 02:00:00,Mobile,iOS,Social,1027,5091,Check our new collection,0,6
3009,38,M,Cairo,YouTube,Display,Fashion,0,0,31,2025-01-14 16:03:00,Mobile,Android,Social,1098,5034,Book your travel today,0,6
3010,57,M,Giza,Facebook,Video,Travel,0,0,39,2025-03-12 02:21:00,Desktop,Windows,Organic,1093,5032,Order online fast delivery,0,8
3011,57,F,Alexandria,YouTube,Video,Travel,1,0,14,2025-02-04 02:37:00,Desktop,Android,Social,1014,5045,Check our new collection,0,1
3012,38,M,Mansoura,Instagram,Search,Fashion,1,0,35,2025-03-10 19:27:00,Tablet,Windows,Organic,1057,5052,Top-rated gadgets on sale,0,2
3013,20,F,Alexandria,Instagram,Video,Electronics,1,0,50,2025-03-28 05:54:00,Mobile,Windows,Paid,1036,5027,Limited offer!,0,2
3014,60,M,Alexandria,Facebook,Display,Food & Beverage,1,1,46,2025-02-26 18:29:00,Desktop,Android,Social,1006,5066,Limited offer!,0,10
3015,31,F,Giza,Instagram,Display,Gaming,1,0,44,2025-03-24 05:16:00,Desktop,Android,Organic,1063,5014,Limited offer!,0,4
3016,33,F,Mansoura,YouTube,Video,Travel,0,0,36,2025-03-29 03:37:00,Tablet,Android,Organic,1078,5077,Order online fast delivery,0,3
3017,57,M,Cairo,Facebook,Display,Food & Beverage,0,0,33,2025-01-16 06:06:00,Desktop,Windows,Organic,1057,5050,Book your travel today,0,4
3018,35,F,Luxor,YouTube,Search,Gaming,1,0,37,2025-02-07 20:18:00,Tablet,Windows,Organic,1089,5033,Top-rated gadgets on sale,0,6
3019,42,M,Giza,YouTube,Display,Fashion,1,0,39,2025-03-11 13:21:00,Desktop,Android,Social,1074,5081,Top-rated gadgets on sale,0,4
3020,27,M,Giza,YouTube,Video,Fashion,1,0,39,2025-03-29 03:52:00,Tablet,Windows,Paid,1070,5028,Order online fast delivery,0,5
3021,56,F,Luxor,Google Ads,Display,Electronics,0,0,44,2025-03-19 09:03:00,Desktop,iOS,Organic,1073,5000,Buy now and save 20%,0,4
3022,52,M,Aswan,Google Ads,Search,Gaming,0,0,14,2025-03-22 20:32:00,Desktop,Android,Social,1100,5064,Buy now and save 20%,0,7
3023,37,F,Giza,Facebook,Display,Gaming,0,0,46,2025-01-23 14:55:00,Mobile,Windows,Social,1100,5014,Order online fast delivery,0,5
3024,41,F,Cairo,Instagram,Display,Travel,0,0,44,2025-01-08 16:30:00,Desktop,Windows,Social,1022,5011,Top-rated gadgets on sale,0,4
3025,20,M,Luxor,Google Ads,Display,Electronics,0,0,4,2025-03-05 20:59:00,Desktop,iOS,Paid,1050,5027,Top-rated gadgets on sale,0,6
3026,18,F,Giza,Instagram,Search,Gaming,0,0,17,2025-03-09 21:17:00,Mobile,Android,Social,1012,5053,Order online fast delivery,0,6
3027,43,M,Giza,Facebook,Display,Food & Beverage,0,0,35,2025-01-23 19:33:00,Mobile,Android,Social,1089,5055,Order online fast delivery,0,6
3028,59,M,Mansoura,Google Ads,Video,Fashion,1,0,34,2025-01-18 21:01:00,Desktop,Windows,Organic,1026,5095,Limited offer!,0,8
3029,42,F,Cairo,Facebook,Display,Food & Beverage,1,0,26,2025-03-10 19:19:00,Tablet,Windows,Organic,1075,5098,Limited offer!,0,1
3030,55,F,Aswan,Facebook,Display,Fashion,0,0,47,2025-02-08 00:33:00,Mobile,iOS,Social,1073,5032,Top-rated gadgets on sale,0,10
3031,48,M,Cairo,Facebook,Display,Electronics,0,0,31,2025-01-18 08:11:00,Mobile,Android,Organic,1087,5029,Check our new collection,0,6
3032,36,M,Cairo,YouTube,Search,Travel,1,0,27,2025-02-11 01:24:00,Desktop,iOS,Organic,1018,5023,Buy now and save 20%,0,4
3033,43,M,Aswan,YouTube,Search,Travel,0,0,43,2025-01-06 02:32:00,Mobile,Windows,Paid,1065,5082,Top-rated gadgets on sale,0,5
3034,26,M,Mansoura,Facebook,Display,Food & Beverage,0,0,19,2025-01-12 07:10:00,Tablet,iOS,Paid,1037,5097,Buy now and save 20%,0,9
3035,43,F,Cairo,Instagram,Search,Food & Beverage,1,0,27,2025-01-29 08:52:00,Tablet,iOS,Organic,1015,5032,Top-rated gadgets on sale,0,9
3036,37,F,Cairo,Facebook,Video,Electronics,0,0,22,2025-02-18 18:58:00,Tablet,iOS,Paid,1000,5095,Check our new collection,0,9
3037,60,M,Cairo,Facebook,Display,Fashion,0,0,33,2025-02-22 13:32:00,Mobile,Windows,Social,1073,5019,Limited offer!,0,6
3038,40,M,Luxor,YouTube,Video,Gaming,0,0,40,2025-03-05 11:05:00,Desktop,Windows,Social,1028,5060,Limited offer!,0,6
3039,26,M,Cairo,Google Ads,Display,Fashion,1,0,6,2025-03-31 13:10:00,Desktop,Windows,Organic,1000,5095,Limited offer!,132,10
3040,28,F,Aswan,Instagram,Video,Food & Beverage,0,0,24,2025-01-27 18:41:00,Desktop,Windows,Organic,1002,5081,Limited offer!,0,8
3041,29,M,Mansoura,Instagram,Video,Fashion,1,0,10,2025-01-10 21:04:00,Desktop,iOS,Social,1045,5000,Order online fast delivery,0,3
3042,18,M,Alexandria,Facebook,Display,Travel,0,0,21,2025-01-30 12:09:00,Mobile,Android,Paid,1096,5012,Top-rated gadgets on sale,0,3
3043,21,F,Cairo,Instagram,Display,Travel,0,0,22,2025-03-09 07:10:00,Tablet,Android,Paid,1064,5018,Top-rated gadgets on sale,0,3
3044,21,M,Alexandria,Facebook,Display,Fashion,1,0,45,2025-01-15 02:17:00,Mobile,Android,Organic,1044,5078,Limited offer!,1856,5
3045,53,M,Giza,Facebook,Display,Gaming,0,0,23,2025-03-04 22:16:00,Desktop,Android,Organic,1071,5041,Book your travel today,0,4
3046,32,F,Luxor,YouTube,Video,Electronics,1,0,22,2025-01-05 06:51:00,Desktop,Windows,Organic,1043,5077,Buy now and save 20%,0,7
3047,56,M,Alexandria,Facebook,Display,Food & Beverage,0,0,27,2025-03-25 16:04:00,Mobile,Android,Paid,1011,5005,Buy now and save 20%,0,4
3048,49,F,Giza,Facebook,Display,Fashion,0,0,14,2025-03-13 20:52:00,Tablet,iOS,Social,1072,5047,Check our new collection,0,7
3049,22,M,Cairo,Instagram,Search,Fashion,1,0,8,2025-01-26 22:34:00,Tablet,Android,Social,1002,5016,Check our new collection,0,4
3050,55,F,Giza,Google Ads,Display,Electronics,0,0,36,2025-01-01 17:22:00,Tablet,iOS,Organic,1003,5041,Top-rated gadgets on sale,0,4
3051,19,F,Aswan,Facebook,Display,Food & Beverage,1,0,10,2025-01-15 11:33:00,Mobile,iOS,Social,1018,5014,Book your travel today,0,1
3052,22,M,Luxor,Instagram,Display,Fashion,0,0,47,2025-03-24 12:51:00,Tablet,Android,Organic,1009,5048,Top-rated gadgets on sale,0,3
3053,31,F,Giza,Google Ads,Display,Electronics,0,0,47,2025-02-25 06:02:00,Tablet,Windows,Organic,1097,5092,Order online fast delivery,0,9
3054,31,M,Cairo,Facebook,Search,Food & Beverage,0,1,50,2025-01-22 09:14:00,Tablet,Android,Paid,1050,5044,Top-rated gadgets on sale,1563,2
3055,53,F,Mansoura,Facebook,Video,Electronics,0,0,38,2025-02-21 00:12:00,Tablet,Android,Social,1066,5097,Book your travel today,0,6
3056,26,M,Cairo,Facebook,Display,Electronics,0,0,31,2025-02-20 10:24:00,Mobile,Windows,Social,1028,5094,Limited offer!,0,9
3057,23,M,Cairo,Google Ads,Video,Travel,0,0,14,2025-01-05 19:25:00,Tablet,iOS,Paid,1006,5070,Check our new collection,0,7
3058,19,F,Alexandria,Facebook,Search,Fashion,0,0,22,2025-03-19 19:06:00,Mobile,Windows,Organic,1090,5005,Order online fast delivery,0,2
3059,54,M,Mansoura,Facebook,Search,Food & Beverage,1,0,25,2025-03-25 20:41:00,Desktop,Windows,Paid,1069,5085,Book your travel today,0,1
3060,55,F,Giza,Instagram,Video,Gaming,0,0,20,2025-01-13 17:34:00,Desktop,Android,Social,1014,5056,Check our new collection,0,9
3061,21,M,Luxor,Facebook,Display,Fashion,0,0,19,2025-03-28 21:05:00,Tablet,Windows,Organic,1058,5093,Book your travel today,0,4
3062,43,M,Cairo,YouTube,Video,Food & Beverage,0,0,17,2025-03-18 05:45:00,Desktop,iOS,Organic,1063,5090,Check our new collection,480,2
3063,36,M,Luxor,Instagram,Display,Food & Beverage,0,1,45,2025-02-11 09:00:00,Mobile,iOS,Organic,1051,5002,Buy now and save 20%,0,8
3064,28,M,Alexandria,YouTube,Video,Fashion,0,0,32,2025-01-08 20:53:00,Tablet,Windows,Organic,1000,5093,Order online fast delivery,0,4
3065,50,M,Giza,Instagram,Video,Food & Beverage,1,0,40,2025-01-11 00:40:00,Desktop,Windows,Social,1090,5032,Order online fast delivery,0,3
3066,18,F,Giza,Instagram,Display,Food & Beverage,0,0,29,2025-03-07 06:26:00,Desktop,iOS,Paid,1048,5063,Buy now and save 20%,0,9
3067,20,F,Cairo,Google Ads,Search,Fashion,0,0,20,2025-02-24 13:41:00,Mobile,Android,Social,1019,5078,Order online fast delivery,0,1
3068,32,F,Cairo,Google Ads,Video,Travel,0,1,10,2025-01-04 12:26:00,Mobile,iOS,Organic,1027,5008,Buy now and save 20%,0,4
3069,27,F,Mansoura,Facebook,Search,Food & Beverage,1,1,42,2025-01-31 14:33:00,Tablet,Windows,Organic,1022,5031,Check our new collection,0,9
3070,44,M,Giza,Google Ads,Display,Gaming,0,0,18,2025-03-29 04:22:00,Tablet,Android,Social,1075,5083,Order online fast delivery,0,7
3071,54,M,Cairo,Facebook,Display,Electronics,1,0,40,2025-01-27 06:53:00,Mobile,Windows,Social,1038,5051,Book your travel today,0,2
3072,36,M,Alexandria,Instagram,Display,Travel,0,0,34,2025-02-28 04:55:00,Mobile,Windows,Social,1082,5064,Top-rated gadgets on sale,0,3
3073,44,M,Cairo,Google Ads,Display,Fashion,1,0,16,2025-03-30 09:48:00,Tablet,iOS,Paid,1053,5030,Check our new collection,0,3
3074,21,F,Cairo,Google Ads,Display,Electronics,1,0,26,2025-01-19 18:49:00,Tablet,Windows,Paid,1080,5026,Top-rated gadgets on sale,0,8
3075,57,F,Cairo,Google Ads,Display,Travel,0,1,4,2025-02-03 20:52:00,Mobile,Android,Social,1072,5039,Book your travel today,0,4
3076,52,F,Cairo,Instagram,Display,Electronics,0,0,5,2025-02-26 10:58:00,Desktop,iOS,Organic,1018,5022,Check our new collection,0,5
3077,19,F,Alexandria,Google Ads,Search,Food & Beverage,1,0,39,2025-03-04 17:51:00,Desktop,iOS,Social,1049,5000,Check our new collection,0,9
3078,38,F,Aswan,Google Ads,Video,Travel,0,0,32,2025-03-07 10:04:00,Mobile,iOS,Social,1001,5076,Limited offer!,293,4
3079,28,M,Giza,Google Ads,Video,Gaming,0,0,36,2025-02-10 20:19:00,Desktop,Android,Organic,1035,5063,Check our new collection,0,1
3080,32,F,Mansoura,Instagram,Video,Food & Beverage,0,0,17,2025-01-26 07:04:00,Tablet,iOS,Paid,1044,5077,Order online fast delivery,0,2
3081,43,F,Aswan,Google Ads,Video,Fashion,1,0,50,2025-02-26 02:03:00,Desktop,Windows,Social,1046,5094,Top-rated gadgets on sale,0,5
3082,37,F,Cairo,Facebook,Search,Electronics,0,0,47,2025-03-27 01:37:00,Tablet,Windows,Social,1089,5048,Limited offer!,0,1
3083,29,F,Cairo,Instagram,Display,Fashion,0,0,41,2025-01-01 13:04:00,Tablet,iOS,Social,1010,5065,Check our new collection,0,7
3084,60,F,Giza,Facebook,Display,Food & Beverage,0,0,47,2025-03-08 15:04:00,Mobile,Windows,Social,1093,5076,Buy now and save 20%,0,7
3085,29,M,Cairo,Facebook,Display,Food & Beverage,0,0,33,2025-03-25 07:18:00,Desktop,Windows,Paid,1037,5017,Top-rated gadgets on sale,0,7
3086,55,M,Aswan,Instagram,Search,Food & Beverage,0,1,31,2025-03-05 19:54:00,Mobile,Windows,Social,1069,5063,Top-rated gadgets on sale,0,9
3087,50,M,Cairo,Google Ads,Display,Fashion,0,0,5,2025-01-17 19:52:00,Tablet,Windows,Organic,1081,5061,Buy now and save 20%,0,3
3088,52,M,Cairo,Instagram,Display,Food & Beverage,0,0,26,2025-01-16 23:41:00,Tablet,Windows,Paid,1029,5064,Buy now and save 20%,0,1
3089,30,M,Alexandria,Instagram,Video,Gaming,1,0,32,2025-02-11 08:48:00,Desktop,iOS,Organic,1022,5068,Check our new collection,0,8
3090,35,M,Luxor,Instagram,Display,Travel,0,0,22,2025-01-09 17:45:00,Desktop,Windows,Social,1033,5069,Book your travel today,0,7
3091,24,M,Cairo,Facebook,Display,Electronics,0,0,48,2025-02-20 21:25:00,Tablet,Android,Paid,1042,5077,Check our new collection,0,9
3092,29,M,Mansoura,Instagram,Display,Food & Beverage,0,0,28,2025-02-20 04:58:00,Tablet,Windows,Social,1030,5078,Book your travel today,0,7
3093,29,M,Alexandria,Instagram,Video,Food & Beverage,0,0,17,2025-03-20 08:26:00,Tablet,iOS,Paid,1065,5024,Buy now and save 20%,0,6
3094,37,M,Cairo,Facebook,Display,Food & Beverage,0,0,35,2025-02-15 06:21:00,Desktop,iOS,Organic,1039,5098,Top-rated gadgets on sale,1351,10
3095,46,F,Luxor,YouTube,Display,Electronics,0,0,31,2025-02-25 04:33:00,Desktop,iOS,Paid,1035,5087,Top-rated gadgets on sale,0,2
3096,50,F,Aswan,Instagram,Video,Electronics,0,0,40,2025-02-15 07:44:00,Tablet,Android,Paid,1096,5074,Limited offer!,0,1
3097,34,F,Cairo,Facebook,Display,Food & Beverage,1,0,38,2025-01-01 04:41:00,Tablet,Android,Paid,1089,5062,Book your travel today,0,5
3098,44,F,Giza,Facebook,Video,Fashion,0,0,16,2025-02-05 04:49:00,Tablet,Android,Paid,1047,5043,Limited offer!,0,3
3099,52,M,Cairo,Facebook,Video,Electronics,0,0,32,2025-03-23 02:11:00,Mobile,Windows,Organic,1043,5063,Limited offer!,381,5
3100,38,M,Giza,YouTube,Video,Food & Beverage,1,0,38,2025-03-03 05:29:00,Desktop,iOS,Paid,1067,5026,Top-rated gadgets on sale,0,4
3101,58,F,Alexandria,Instagram,Video,Food & Beverage,1,0,8,2025-01-31 02:10:00,Tablet,Android,Paid,1081,5052,Limited offer!,0,8
3102,44,M,Luxor,Facebook,Video,Gaming,0,0,27,2025-01-21 21:31:00,Tablet,Android,Organic,1086,5073,Buy now and save 20%,0,10
3103,37,F,Cairo,Instagram,Search,Fashion,0,0,42,2025-03-03 04:37:00,Desktop,iOS,Social,1011,5045,Limited offer!,0,3
3104,41,M,Cairo,Facebook,Video,Fashion,0,0,29,2025-01-11 09:36:00,Tablet,Android,Paid,1089,5074,Order online fast delivery,0,4
3105,21,F,Giza,Google Ads,Display,Gaming,0,0,9,2025-03-27 07:20:00,Desktop,iOS,Paid,1069,5057,Limited offer!,0,4
3106,43,F,Giza,YouTube,Video,Fashion,0,0,21,2025-03-24 23:15:00,Tablet,Android,Paid,1097,5095,Book your travel today,0,8
3107,34,F,Giza,Facebook,Display,Travel,0,0,30,2025-01-02 03:53:00,Tablet,iOS,Paid,1031,5024,Top-rated gadgets on sale,0,1
3108,25,F,Aswan,Instagram,Search,Fashion,0,0,40,2025-01-03 08:09:00,Desktop,Windows,Organic,1006,5092,Top-rated gadgets on sale,0,5
3109,43,M,Aswan,Instagram,Display,Fashion,0,0,46,2025-01-21 21:32:00,Desktop,Android,Paid,1040,5003,Order online fast delivery,0,8
3110,18,M,Luxor,YouTube,Display,Gaming,1,0,14,2025-01-25 09:54:00,Tablet,Android,Social,1001,5099,Top-rated gadgets on sale,0,9
3111,43,F,Giza,Instagram,Display,Electronics,0,0,24,2025-02-21 17:42:00,Tablet,iOS,Social,1030,5000,Buy now and save 20%,0,5
3112,57,F,Giza,Instagram,Video,Gaming,0,0,39,2025-02-11 16:01:00,Desktop,iOS,Social,1076,5067,Limited offer!,0,6
3113,55,F,Mansoura,Instagram,Video,Fashion,0,1,6,2025-01-17 10:19:00,Desktop,Windows,Organic,1016,5091,Check our new collection,0,4
3114,31,F,Aswan,Instagram,Search,Electronics,0,0,4,2025-03-25 22:18:00,Tablet,Android,Organic,1046,5070,Top-rated gadgets on sale,0,9
3115,58,F,Giza,Google Ads,Video,Electronics,0,0,21,2025-01-06 15:38:00,Tablet,Windows,Organic,1085,5010,Check our new collection,0,8
3116,19,M,Aswan,Instagram,Video,Gaming,1,0,36,2025-01-11 19:21:00,Desktop,Windows,Organic,1095,5092,Check our new collection,0,2
3117,41,F,Alexandria,YouTube,Display,Fashion,0,0,40,2025-02-13 08:00:00,Tablet,Windows,Organic,1015,5065,Book your travel today,0,1
3118,53,F,Cairo,YouTube,Display,Electronics,0,0,40,2025-01-27 04:46:00,Desktop,Windows,Social,1000,5085,Order online fast delivery,0,5
3119,22,F,Giza,Facebook,Video,Travel,1,0,43,2025-02-21 02:21:00,Desktop,iOS,Organic,1011,5059,Limited offer!,0,5
3120,29,F,Cairo,Facebook,Display,Travel,1,1,30,2025-01-01 13:06:00,Tablet,iOS,Paid,1070,5032,Limited offer!,162,6
3121,32,M,Cairo,Facebook,Display,Food & Beverage,0,0,12,2025-03-24 22:56:00,Mobile,Windows,Paid,1078,5059,Check our new collection,0,10
3122,19,M,Giza,Facebook,Video,Gaming,0,0,22,2025-01-18 01:11:00,Tablet,Windows,Organic,1061,5091,Book your travel today,0,5
3123,33,M,Cairo,Facebook,Search,Electronics,0,0,10,2025-01-10 13:16:00,Tablet,Windows,Paid,1082,5067,Limited offer!,0,10
3124,28,M,Alexandria,Facebook,Video,Fashion,1,0,13,2025-02-05 06:33:00,Desktop,Android,Organic,1076,5040,Order online fast delivery,0,3
3125,22,F,Cairo,YouTube,Display,Electronics,1,1,43,2025-01-28 19:31:00,Mobile,Windows,Social,1021,5073,Check our new collection,0,10
3126,31,F,Giza,Instagram,Video,Food & Beverage,1,0,21,2025-03-30 19:30:00,Desktop,Windows,Organic,1088,5016,Top-rated gadgets on sale,0,8
3127,28,M,Alexandria,Facebook,Display,Food & Beverage,0,0,43,2025-02-07 15:51:00,Desktop,Android,Paid,1075,5010,Check our new collection,0,10
3128,41,M,Giza,Facebook,Display,Electronics,1,0,17,2025-02-23 02:20:00,Mobile,iOS,Paid,1051,5068,Top-rated gadgets on sale,0,10
3129,55,M,Cairo,Facebook,Video,Travel,0,0,28,2025-03-29 05:55:00,Desktop,Windows,Paid,1016,5063,Buy now and save 20%,0,2
3130,56,F,Aswan,Instagram,Display,Gaming,1,0,16,2025-01-08 10:38:00,Desktop,Android,Organic,1077,5047,Limited offer!,0,10
3131,31,M,Aswan,Facebook,Search,Fashion,0,0,30,2025-01-19 08:44:00,Mobile,iOS,Social,1014,5095,Check our new collection,0,5
3132,24,M,Mansoura,Facebook,Video,Food & Beverage,0,0,3,2025-01-14 23:57:00,Mobile,iOS,Paid,1068,5009,Top-rated gadgets on sale,1729,4
3133,53,M,Luxor,Facebook,Display,Electronics,1,0,34,2025-01-03 19:57:00,Desktop,Android,Paid,1008,5022,Check our new collection,0,9
3134,28,M,Cairo,Instagram,Search,Fashion,0,0,14,2025-03-20 18:31:00,Tablet,Windows,Organic,1080,5079,Check our new collection,0,9
3135,35,F,Mansoura,Instagram,Video,Food & Beverage,0,1,32,2025-03-13 09:29:00,Desktop,Android,Social,1093,5046,Buy now and save 20%,0,7
3136,59,F,Luxor,Google Ads,Display,Travel,0,0,17,2025-03-30 15:18:00,Tablet,Android,Paid,1092,5069,Book your travel today,0,1
3137,31,M,Giza,Facebook,Video,Gaming,0,0,2,2025-03-23 16:55:00,Mobile,iOS,Social,1001,5040,Order online fast delivery,0,7
3138,60,M,Luxor,Instagram,Display,Food & Beverage,0,0,23,2025-03-04 07:29:00,Mobile,iOS,Social,1083,5058,Top-rated gadgets on sale,0,1
3139,52,F,Cairo,YouTube,Display,Food & Beverage,1,0,28,2025-02-02 19:58:00,Mobile,iOS,Paid,1099,5082,Top-rated gadgets on sale,0,6
3140,28,M,Cairo,YouTube,Video,Fashion,0,0,14,2025-03-01 05:17:00,Mobile,Android,Paid,1094,5073,Check our new collection,0,1
3141,49,M,Giza,Instagram,Video,Food & Beverage,1,0,5,2025-02-21 05:18:00,Tablet,Windows,Paid,1039,5060,Book your travel today,0,9
3142,23,M,Alexandria,Google Ads,Display,Fashion,0,0,22,2025-01-09 03:13:00,Tablet,iOS,Organic,1019,5037,Buy now and save 20%,0,7
3143,49,F,Cairo,YouTube,Display,Fashion,0,0,36,2025-01-17 11:41:00,Tablet,Android,Organic,1006,5020,Top-rated gadgets on sale,1759,9
3144,41,M,Cairo,Instagram,Display,Food & Beverage,0,0,16,2025-02-12 12:13:00,Mobile,Windows,Social,1013,5020,Check our new collection,0,2
3145,49,M,Mansoura,Facebook,Display,Fashion,1,0,45,2025-01-28 16:59:00,Desktop,Windows,Organic,1011,5035,Check our new collection,0,10
3146,24,M,Aswan,Facebook,Video,Food & Beverage,1,0,42,2025-01-10 15:40:00,Tablet,iOS,Social,1013,5039,Top-rated gadgets on sale,0,10
3147,21,M,Cairo,Facebook,Display,Travel,1,0,35,2025-03-03 14:56:00,Mobile,Windows,Paid,1027,5028,Limited offer!,0,6
3148,57,M,Giza,Instagram,Video,Food & Beverage,0,0,13,2025-01-18 17:46:00,Desktop,Windows,Social,1071,5097,Book your travel today,524,8
3149,28,F,Giza,Facebook,Display,Fashion,0,1,44,2025-01-02 23:02:00,Tablet,Windows,Social,1076,5100,Buy now and save 20%,0,5
3150,51,M,Luxor,Facebook,Display,Electronics,0,0,30,2025-01-11 00:34:00,Mobile,Android,Paid,1084,5009,Limited offer!,222,10
3151,58,M,Giza,Google Ads,Video,Electronics,1,0,16,2025-03-05 14:39:00,Mobile,Android,Social,1077,5083,Check our new collection,0,10
3152,56,F,Mansoura,Instagram,Display,Fashion,0,0,28,2025-02-27 05:45:00,Mobile,Windows,Paid,1081,5064,Order online fast delivery,0,9
3153,44,M,Cairo,Instagram,Search,Gaming,1,1,14,2025-01-30 14:16:00,Desktop,Android,Organic,1075,5077,Limited offer!,0,2
3154,33,M,Giza,Google Ads,Display,Travel,1,1,20,2025-01-29 12:13:00,Tablet,Android,Paid,1020,5026,Order online fast delivery,587,1
3155,32,M,Giza,Instagram,Video,Electronics,0,1,6,2025-02-09 22:40:00,Tablet,iOS,Organic,1087,5076,Limited offer!,1906,5
3156,21,M,Mansoura,Google Ads,Video,Electronics,1,0,5,2025-03-23 08:28:00,Tablet,Windows,Social,1067,5061,Limited offer!,0,5
3157,46,F,Cairo,Instagram,Display,Travel,1,0,3,2025-01-01 04:17:00,Mobile,iOS,Paid,1093,5006,Buy now and save 20%,0,10
3158,29,M,Cairo,Instagram,Display,Electronics,0,0,20,2025-03-22 09:17:00,Tablet,Windows,Social,1087,5032,Check our new collection,0,7
3159,30,F,Cairo,Google Ads,Display,Travel,0,1,42,2025-03-12 17:46:00,Tablet,Windows,Paid,1026,5026,Order online fast delivery,0,5
3160,35,F,Luxor,Google Ads,Search,Gaming,0,0,30,2025-03-30 19:03:00,Tablet,Android,Social,1086,5003,Order online fast delivery,0,7
3161,39,F,Cairo,Instagram,Search,Gaming,0,0,28,2025-01-17 05:08:00,Desktop,iOS,Organic,1091,5080,Book your travel today,0,9
3162,22,M,Giza,Facebook,Video,Electronics,0,0,12,2025-01-01 16:19:00,Desktop,iOS,Paid,1049,5067,Top-rated gadgets on sale,0,9
3163,55,F,Cairo,Google Ads,Video,Gaming,1,0,4,2025-01-24 20:33:00,Tablet,iOS,Paid,1009,5022,Check our new collection,0,7
3164,40,M,Cairo,Facebook,Display,Fashion,1,0,6,2025-02-01 19:34:00,Mobile,Windows,Organic,1058,5004,Top-rated gadgets on sale,0,7
3165,49,M,Luxor,Google Ads,Video,Food & Beverage,0,1,4,2025-01-21 06:27:00,Mobile,iOS,Paid,1054,5097,Top-rated gadgets on sale,0,5
3166,59,M,Cairo,Facebook,Search,Gaming,0,0,35,2025-03-10 10:06:00,Tablet,Android,Paid,1051,5027,Buy now and save 20%,0,9
3167,20,M,Cairo,Instagram,Video,Food & Beverage,0,0,6,2025-02-14 14:28:00,Mobile,iOS,Organic,1081,5074,Buy now and save 20%,0,8
3168,34,F,Giza,Facebook,Video,Gaming,1,1,47,2025-01-07 10:16:00,Tablet,iOS,Paid,1013,5042,Order online fast delivery,0,8
3169,34,F,Mansoura,YouTube,Search,Electronics,0,0,10,2025-01-12 05:37:00,Tablet,iOS,Paid,1084,5048,Check our new collection,0,1
3170,21,M,Cairo,YouTube,Display,Electronics,0,0,35,2025-03-03 05:46:00,Desktop,Windows,Paid,1080,5040,Book your travel today,0,4
3171,24,F,Luxor,Facebook,Video,Food & Beverage,0,0,12,2025-01-31 04:28:00,Desktop,Windows,Organic,1068,5006,Order online fast delivery,0,7
3172,53,F,Luxor,Facebook,Search,Fashion,1,0,13,2025-03-22 08:15:00,Desktop,iOS,Organic,1026,5064,Check our new collection,0,2
3173,54,M,Cairo,Google Ads,Search,Food & Beverage,1,0,35,2025-03-21 05:53:00,Tablet,Windows,Social,1020,5043,Top-rated gadgets on sale,0,4
3174,22,F,Aswan,Google Ads,Video,Food & Beverage,0,1,2,2025-02-23 21:25:00,Desktop,Android,Organic,1026,5068,Limited offer!,0,7
3175,26,F,Cairo,Instagram,Display,Travel,0,0,10,2025-02-10 17:39:00,Tablet,Android,Organic,1028,5003,Top-rated gadgets on sale,0,3
3176,48,M,Cairo,YouTube,Display,Fashion,0,1,36,2025-01-17 20:26:00,Desktop,Windows,Paid,1009,5007,Book your travel today,0,1
3177,40,M,Giza,Google Ads,Display,Food & Beverage,0,0,50,2025-01-09 19:40:00,Mobile,iOS,Organic,1069,5079,Order online fast delivery,0,9
3178,40,F,Alexandria,Facebook,Video,Travel,0,0,50,2025-02-25 04:05:00,Tablet,Android,Social,1097,5068,Buy now and save 20%,0,1
3179,38,F,Cairo,Facebook,Video,Gaming,1,0,40,2025-02-12 04:19:00,Desktop,iOS,Social,1072,5051,Order online fast delivery,0,8
3180,52,M,Alexandria,YouTube,Search,Electronics,0,0,18,2025-02-28 18:47:00,Tablet,Android,Social,1024,5026,Limited offer!,0,9
3181,20,M,Cairo,Facebook,Display,Gaming,0,0,26,2025-03-23 13:31:00,Mobile,Windows,Organic,1047,5076,Book your travel today,0,7
3182,44,F,Luxor,Facebook,Display,Fashion,1,0,10,2025-02-25 18:48:00,Desktop,Windows,Organic,1028,5019,Book your travel today,0,1
3183,26,F,Cairo,Facebook,Display,Fashion,0,0,39,2025-02-21 17:46:00,Tablet,iOS,Social,1025,5018,Limited offer!,0,4
3184,57,M,Giza,Facebook,Video,Fashion,0,0,37,2025-02-21 00:04:00,Tablet,iOS,Paid,1070,5084,Buy now and save 20%,969,4
3185,48,M,Alexandria,Facebook,Display,Gaming,0,0,19,2025-02-17 22:45:00,Tablet,Android,Social,1090,5100,Check our new collection,0,8
3186,57,M,Mansoura,Facebook,Search,Electronics,0,0,22,2025-02-14 17:53:00,Tablet,Windows,Social,1003,5018,Check our new collection,1372,10
3187,38,F,Alexandria,YouTube,Display,Travel,0,0,24,2025-03-16 14:50:00,Tablet,Windows,Organic,1062,5037,Limited offer!,1095,1
3188,27,F,Mansoura,Facebook,Video,Fashion,0,0,2,2025-01-15 19:17:00,Tablet,Android,Paid,1048,5063,Buy now and save 20%,0,1
3189,22,F,Alexandria,Facebook,Video,Travel,1,0,2,2025-03-25 14:23:00,Mobile,Windows,Organic,1091,5030,Order online fast delivery,0,5
3190,50,F,Giza,Google Ads,Display,Travel,1,0,39,2025-03-30 18:07:00,Tablet,iOS,Social,1043,5099,Check our new collection,0,9
3191,50,F,Cairo,YouTube,Display,Fashion,1,0,50,2025-01-25 22:46:00,Mobile,Windows,Organic,1086,5030,Top-rated gadgets on sale,0,8
3192,18,F,Luxor,Google Ads,Video,Food & Beverage,1,0,26,2025-01-14 19:52:00,Tablet,iOS,Organic,1052,5093,Limited offer!,1675,5
3193,47,M,Giza,Google Ads,Display,Fashion,0,0,6,2025-01-17 03:41:00,Mobile,iOS,Paid,1079,5059,Top-rated gadgets on sale,0,7
3194,23,M,Cairo,Facebook,Display,Electronics,1,0,21,2025-02-16 09:31:00,Mobile,Android,Social,1049,5058,Limited offer!,1394,5
3195,58,F,Cairo,Instagram,Display,Travel,0,1,25,2025-01-28 19:25:00,Desktop,iOS,Organic,1020,5070,Order online fast delivery,0,9
3196,20,F,Cairo,Facebook,Video,Fashion,1,0,14,2025-01-03 16:33:00,Tablet,Android,Social,1005,5055,Order online fast delivery,0,1
3197,59,F,Aswan,Instagram,Display,Electronics,1,0,4,2025-01-22 14:15:00,Tablet,Android,Paid,1052,5015,Order online fast delivery,0,4
3198,51,M,Luxor,Google Ads,Display,Food & Beverage,0,0,14,2025-03-31 16:09:00,Tablet,iOS,Organic,1095,5075,Check our new collection,636,10
3199,34,F,Alexandria,Google Ads,Search,Electronics,1,0,41,2025-02-02 23:29:00,Desktop,iOS,Organic,1071,5050,Buy now and save 20%,0,4
3200,25,M,Giza,Facebook,Display,Travel,0,1,21,2025-02-12 18:30:00,Desktop,iOS,Organic,1041,5099,Check our new collection,0,4
3201,26,F,Alexandria,Facebook,Video,Food & Beverage,0,0,37,2025-03-27 14:27:00,Desktop,Android,Organic,1088,5040,Order online fast delivery,0,3
3202,59,F,Luxor,Facebook,Display,Electronics,0,0,29,2025-01-05 15:45:00,Tablet,iOS,Social,1025,5007,Book your travel today,0,7
3203,27,M,Alexandria,YouTube,Video,Gaming,1,1,5,2025-02-13 23:45:00,Tablet,Windows,Paid,1024,5035,Order online fast delivery,1247,8
3204,40,F,Giza,Instagram,Display,Electronics,0,1,34,2025-02-17 21:27:00,Mobile,Android,Paid,1082,5019,Limited offer!,0,4
3205,53,F,Alexandria,Facebook,Video,Gaming,0,0,8,2025-03-02 19:21:00,Desktop,iOS,Organic,1009,5006,Buy now and save 20%,0,5
3206,33,M,Luxor,Facebook,Display,Gaming,0,0,30,2025-03-21 00:49:00,Tablet,Android,Social,1065,5014,Top-rated gadgets on sale,0,7
3207,47,M,Cairo,Google Ads,Display,Travel,0,0,26,2025-02-21 01:03:00,Tablet,iOS,Social,1017,5035,Buy now and save 20%,0,10
3208,44,M,Cairo,Instagram,Search,Food & Beverage,0,0,14,2025-01-08 07:44:00,Mobile,iOS,Paid,1052,5038,Buy now and save 20%,0,2
3209,50,F,Aswan,Facebook,Video,Travel,1,0,30,2025-02-18 08:56:00,Mobile,Android,Social,1100,5031,Check our new collection,0,3
3210,42,M,Cairo,Facebook,Display,Fashion,0,0,38,2025-01-17 07:24:00,Tablet,Windows,Organic,1059,5012,Buy now and save 20%,287,3
3211,55,M,Aswan,YouTube,Video,Gaming,1,0,18,2025-02-18 10:17:00,Tablet,Android,Paid,1014,5059,Book your travel today,0,10
3212,25,F,Mansoura,Instagram,Video,Food & Beverage,1,0,29,2025-03-27 20:21:00,Mobile,Windows,Organic,1060,5030,Check our new collection,0,4
3213,54,F,Mansoura,YouTube,Video,Food & Beverage,0,0,31,2025-02-26 07:05:00,Desktop,Windows,Paid,1047,5034,Check our new collection,0,6
3214,30,F,Cairo,Google Ads,Video,Electronics,1,0,45,2025-02-17 09:39:00,Mobile,iOS,Social,1040,5054,Top-rated gadgets on sale,0,10
3215,59,M,Cairo,Facebook,Search,Food & Beverage,0,0,22,2025-03-31 21:16:00,Mobile,Android,Paid,1061,5091,Book your travel today,0,7
3216,56,F,Cairo,Facebook,Display,Gaming,0,0,15,2025-01-22 08:07:00,Desktop,iOS,Organic,1018,5052,Book your travel today,0,2
3217,27,M,Cairo,Facebook,Video,Fashion,0,0,11,2025-02-14 10:02:00,Tablet,Windows,Organic,1090,5078,Book your travel today,0,3
3218,55,F,Alexandria,Instagram,Video,Fashion,0,0,11,2025-03-17 20:21:00,Mobile,Windows,Organic,1059,5090,Book your travel today,1208,10
3219,60,F,Alexandria,Instagram,Display,Food & Beverage,0,0,32,2025-02-22 16:19:00,Desktop,Android,Paid,1031,5074,Order online fast delivery,0,10
3220,45,F,Mansoura,YouTube,Display,Fashion,1,0,31,2025-02-05 10:13:00,Mobile,Android,Paid,1043,5088,Book your travel today,0,3
3221,48,F,Alexandria,Facebook,Video,Gaming,1,1,36,2025-03-06 14:07:00,Desktop,Android,Paid,1048,5086,Book your travel today,0,6
3222,32,F,Cairo,Facebook,Video,Gaming,0,0,15,2025-01-11 03:55:00,Mobile,Android,Organic,1066,5098,Order online fast delivery,0,7
3223,30,M,Cairo,YouTube,Search,Electronics,1,0,50,2025-01-27 20:51:00,Desktop,Windows,Social,1016,5025,Book your travel today,745,9
3224,56,F,Luxor,Facebook,Display,Travel,0,0,50,2025-01-30 02:27:00,Desktop,Windows,Paid,1057,5007,Limited offer!,0,5
3225,35,F,Cairo,Facebook,Display,Fashion,0,0,22,2025-01-08 15:04:00,Tablet,Windows,Organic,1082,5082,Order online fast delivery,0,8
3226,20,F,Alexandria,Facebook,Video,Food & Beverage,1,0,12,2025-02-17 17:10:00,Mobile,iOS,Paid,1033,5024,Order online fast delivery,0,7
3227,20,M,Alexandria,Instagram,Display,Travel,1,0,20,2025-01-14 13:04:00,Tablet,Windows,Paid,1056,5031,Buy now and save 20%,0,2
3228,41,M,Cairo,Google Ads,Video,Food & Beverage,0,0,35,2025-03-23 09:19:00,Desktop,Windows,Social,1045,5074,Order online fast delivery,873,4
3229,37,M,Cairo,Facebook,Display,Fashion,1,1,11,2025-03-29 16:34:00,Mobile,Windows,Organic,1079,5080,Book your travel today,0,7
3230,41,F,Cairo,YouTube,Display,Electronics,0,0,49,2025-01-20 22:48:00,Tablet,Android,Organic,1080,5049,Order online fast delivery,0,8
3231,53,M,Mansoura,Facebook,Display,Fashion,0,0,28,2025-02-16 06:07:00,Desktop,Android,Paid,1040,5098,Check our new collection,0,7
3232,24,M,Aswan,Instagram,Display,Gaming,0,0,16,2025-03-12 17:20:00,Tablet,Windows,Paid,1093,5072,Check our new collection,0,10
3233,60,M,Aswan,Facebook,Video,Travel,0,1,48,2025-03-03 03:38:00,Desktop,Windows,Paid,1037,5010,Buy now and save 20%,1884,1
3234,57,M,Giza,Facebook,Display,Travel,0,0,12,2025-02-07 00:53:00,Tablet,Windows,Organic,1092,5083,Check our new collection,0,1
3235,44,M,Luxor,Google Ads,Search,Travel,0,0,31,2025-01-13 15:07:00,Mobile,Android,Paid,1033,5059,Check our new collection,0,7
3236,48,M,Alexandria,Google Ads,Search,Food & Beverage,0,1,46,2025-01-26 06:23:00,Desktop,Windows,Organic,1061,5014,Top-rated gadgets on sale,0,1
3237,18,M,Cairo,Instagram,Video,Food & Beverage,1,0,46,2025-01-05 16:16:00,Desktop,Windows,Paid,1054,5094,Limited offer!,0,10
3238,48,F,Cairo,Facebook,Video,Travel,1,0,18,2025-03-28 22:11:00,Tablet,Android,Social,1094,5018,Top-rated gadgets on sale,0,2
3239,38,F,Aswan,Facebook,Display,Gaming,1,0,34,2025-01-10 11:27:00,Mobile,Windows,Organic,1087,5076,Top-rated gadgets on sale,0,3
3240,39,M,Giza,YouTube,Display,Electronics,0,0,45,2025-01-17 01:14:00,Mobile,Android,Social,1063,5096,Top-rated gadgets on sale,0,5
3241,43,M,Mansoura,Facebook,Display,Fashion,0,0,46,2025-02-06 23:19:00,Tablet,Windows,Paid,1044,5027,Check our new collection,0,4
3242,31,M,Luxor,YouTube,Search,Fashion,0,1,39,2025-03-03 06:59:00,Desktop,Android,Social,1041,5079,Top-rated gadgets on sale,0,7
3243,27,M,Giza,Instagram,Search,Fashion,0,0,25,2025-02-12 15:49:00,Mobile,Windows,Social,1083,5070,Limited offer!,0,6
3244,46,M,Giza,YouTube,Display,Fashion,1,0,23,2025-01-05 10:01:00,Desktop,iOS,Organic,1073,5093,Book your travel today,0,5
3245,45,F,Cairo,Google Ads,Display,Travel,0,0,18,2025-01-23 10:07:00,Mobile,iOS,Paid,1090,5099,Order online fast delivery,0,2
3246,52,M,Mansoura,Instagram,Display,Food & Beverage,1,0,25,2025-02-12 09:47:00,Tablet,iOS,Organic,1016,5012,Limited offer!,0,4
3247,23,F,Cairo,Instagram,Video,Food & Beverage,1,0,50,2025-01-18 13:08:00,Tablet,Android,Paid,1067,5079,Limited offer!,0,4
3248,54,F,Cairo,Instagram,Search,Electronics,0,0,42,2025-03-10 21:45:00,Tablet,Android,Organic,1020,5096,Check our new collection,0,9
3249,52,F,Cairo,Google Ads,Search,Fashion,0,0,2,2025-03-24 00:07:00,Desktop,Android,Organic,1099,5001,Top-rated gadgets on sale,0,1
3250,57,M,Cairo,Google Ads,Video,Electronics,1,1,19,2025-01-28 11:33:00,Desktop,Windows,Paid,1044,5032,Book your travel today,0,7
3251,20,F,Cairo,Facebook,Video,Travel,0,0,24,2025-01-03 20:54:00,Mobile,Windows,Organic,1056,5032,Check our new collection,0,9
3252,33,M,Giza,Instagram,Display,Fashion,0,0,32,2025-01-15 06:13:00,Desktop,iOS,Organic,1069,5045,Limited offer!,0,6
3253,44,M,Alexandria,Google Ads,Display,Electronics,0,0,18,2025-03-19 21:47:00,Desktop,iOS,Organic,1032,5082,Top-rated gadgets on sale,0,2
3254,36,M,Mansoura,Facebook,Display,Gaming,1,0,30,2025-03-21 22:16:00,Desktop,iOS,Paid,1040,5031,Book your travel today,0,3
3255,49,M,Mansoura,Instagram,Display,Electronics,1,0,10,2025-02-02 09:12:00,Mobile,iOS,Paid,1066,5031,Check our new collection,702,1
3256,28,M,Alexandria,Facebook,Display,Fashion,0,0,10,2025-03-04 23:39:00,Desktop,Windows,Social,1020,5078,Check our new collection,0,8
3257,38,M,Alexandria,Facebook,Video,Gaming,0,0,11,2025-03-19 17:45:00,Desktop,Windows,Social,1002,5066,Top-rated gadgets on sale,0,1
3258,48,M,Mansoura,Facebook,Video,Electronics,0,0,19,2025-03-18 19:19:00,Mobile,iOS,Organic,1092,5081,Limited offer!,0,6
3259,21,F,Giza,Instagram,Display,Electronics,0,1,22,2025-03-28 03:00:00,Tablet,Windows,Social,1090,5072,Limited offer!,0,8
3260,46,F,Luxor,Google Ads,Search,Travel,0,0,33,2025-02-02 05:34:00,Mobile,iOS,Social,1019,5069,Top-rated gadgets on sale,0,4
3261,22,F,Aswan,Google Ads,Display,Travel,0,0,6,2025-02-27 01:45:00,Tablet,Windows,Organic,1100,5058,Top-rated gadgets on sale,0,4
3262,41,M,Alexandria,YouTube,Video,Electronics,1,0,24,2025-01-26 08:13:00,Mobile,Android,Organic,1015,5078,Limited offer!,0,9
3263,55,M,Alexandria,YouTube,Display,Food & Beverage,0,1,46,2025-02-23 07:17:00,Desktop,Android,Paid,1030,5085,Order online fast delivery,1722,1
3264,53,M,Cairo,YouTube,Display,Electronics,0,0,35,2025-02-06 08:25:00,Desktop,Android,Paid,1094,5073,Order online fast delivery,0,8
3265,50,F,Luxor,Instagram,Display,Travel,0,0,12,2025-03-17 07:22:00,Desktop,Android,Organic,1073,5049,Order online fast delivery,0,5
3266,27,F,Alexandria,Facebook,Video,Electronics,0,0,22,2025-03-06 10:26:00,Tablet,Windows,Social,1048,5001,Check our new collection,0,7
3267,50,F,Giza,YouTube,Display,Fashion,0,0,45,2025-01-11 12:51:00,Tablet,Android,Social,1049,5038,Limited offer!,0,1
3268,39,M,Cairo,Google Ads,Display,Electronics,0,0,26,2025-03-17 23:29:00,Mobile,iOS,Paid,1000,5078,Order online fast delivery,0,5
3269,48,M,Alexandria,YouTube,Display,Gaming,0,0,4,2025-03-26 15:56:00,Tablet,Android,Organic,1092,5042,Limited offer!,0,1
3270,24,F,Cairo,Facebook,Video,Food & Beverage,0,0,25,2025-02-09 03:50:00,Tablet,Android,Paid,1040,5067,Check our new collection,1520,8
3271,39,F,Giza,Facebook,Video,Fashion,0,0,12,2025-01-01 03:04:00,Tablet,iOS,Organic,1059,5063,Book your travel today,0,8
3272,43,F,Giza,Google Ads,Video,Food & Beverage,0,0,4,2025-02-19 16:43:00,Tablet,Android,Social,1044,5004,Order online fast delivery,0,2
3273,28,M,Alexandria,Facebook,Display,Food & Beverage,1,0,21,2025-01-15 03:37:00,Mobile,Android,Social,1095,5089,Check our new collection,0,1
3274,43,M,Giza,Instagram,Video,Food & Beverage,1,0,38,2025-01-14 07:08:00,Tablet,iOS,Social,1067,5013,Order online fast delivery,0,2
3275,30,F,Cairo,Facebook,Video,Food & Beverage,1,0,14,2025-03-29 16:05:00,Tablet,Android,Social,1075,5026,Limited offer!,0,9
3276,49,F,Alexandria,Instagram,Search,Travel,1,0,6,2025-02-24 01:40:00,Mobile,iOS,Paid,1059,5056,Limited offer!,0,4
3277,41,F,Giza,Facebook,Search,Fashion,0,0,35,2025-02-21 13:33:00,Mobile,Windows,Social,1080,5004,Check our new collection,0,9
3278,28,F,Giza,Instagram,Video,Electronics,0,0,11,2025-03-19 12:36:00,Desktop,Windows,Paid,1069,5034,Order online fast delivery,0,10
3279,43,F,Aswan,YouTube,Search,Fashion,0,0,8,2025-01-25 20:36:00,Tablet,iOS,Paid,1057,5083,Top-rated gadgets on sale,0,1
3280,49,F,Mansoura,Instagram,Display,Electronics,1,1,49,2025-02-03 23:42:00,Tablet,Windows,Social,1076,5010,Order online fast delivery,0,10
3281,31,F,Cairo,Facebook,Display,Travel,0,0,34,2025-03-16 20:17:00,Mobile,Android,Organic,1080,5099,Top-rated gadgets on sale,958,7
3282,38,F,Giza,Google Ads,Display,Food & Beverage,0,0,18,2025-03-25 07:14:00,Tablet,Windows,Organic,1050,5009,Buy now and save 20%,0,1
3283,49,F,Cairo,Google Ads,Display,Electronics,0,0,44,2025-02-15 04:37:00,Mobile,Android,Social,1030,5047,Limited offer!,0,7
3284,53,M,Giza,Facebook,Video,Electronics,0,0,37,2025-02-23 22:50:00,Tablet,Windows,Social,1055,5033,Order online fast delivery,0,5
3285,40,M,Cairo,Facebook,Display,Gaming,1,1,14,2025-03-05 13:44:00,Tablet,Android,Paid,1052,5070,Book your travel today,0,8
3286,52,M,Cairo,Facebook,Display,Fashion,0,0,6,2025-02-27 00:53:00,Desktop,Android,Organic,1098,5098,Check our new collection,0,10
3287,38,F,Alexandria,Instagram,Display,Gaming,1,1,38,2025-02-07 16:15:00,Tablet,Android,Paid,1008,5029,Top-rated gadgets on sale,552,6
3288,21,M,Giza,Google Ads,Display,Food & Beverage,0,0,37,2025-02-21 01:09:00,Desktop,Android,Social,1029,5061,Order online fast delivery,0,6
3289,23,M,Aswan,Google Ads,Video,Fashion,0,0,34,2025-03-24 18:19:00,Mobile,Android,Organic,1065,5033,Top-rated gadgets on sale,202,3
3290,44,F,Mansoura,Facebook,Search,Fashion,0,0,18,2025-02-23 05:44:00,Mobile,Windows,Social,1019,5090,Buy now and save 20%,0,9
3291,43,M,Giza,Google Ads,Display,Fashion,1,0,27,2025-02-28 21:18:00,Mobile,iOS,Organic,1017,5064,Book your travel today,0,6
3292,43,F,Cairo,Instagram,Display,Fashion,0,0,6,2025-02-27 08:24:00,Mobile,Android,Paid,1008,5067,Check our new collection,0,7
3293,43,M,Giza,Instagram,Display,Gaming,0,0,7,2025-03-03 23:53:00,Desktop,Windows,Paid,1044,5026,Check our new collection,0,10
3294,20,M,Giza,Instagram,Display,Gaming,1,0,44,2025-01-20 14:53:00,Tablet,iOS,Social,1078,5074,Order online fast delivery,162,4
3295,36,M,Luxor,Facebook,Video,Food & Beverage,0,0,10,2025-01-20 09:29:00,Tablet,Android,Organic,1059,5092,Limited offer!,0,9
3296,34,M,Giza,Google Ads,Display,Fashion,0,1,8,2025-01-30 06:01:00,Desktop,Windows,Paid,1030,5100,Limited offer!,0,3
3297,52,M,Giza,Google Ads,Video,Travel,0,0,45,2025-02-02 07:25:00,Desktop,Windows,Organic,1082,5099,Buy now and save 20%,0,7
3298,19,M,Giza,Facebook,Display,Food & Beverage,1,0,15,2025-01-19 18:01:00,Desktop,Android,Paid,1064,5012,Order online fast delivery,0,3
3299,24,F,Cairo,YouTube,Display,Electronics,0,0,18,2025-03-12 01:35:00,Tablet,Windows,Social,1012,5092,Check our new collection,0,9
3300,20,M,Cairo,Facebook,Display,Fashion,0,1,32,2025-01-04 20:04:00,Tablet,Windows,Organic,1032,5092,Top-rated gadgets on sale,0,8
3301,18,F,Mansoura,YouTube,Display,Food & Beverage,0,0,25,2025-01-10 13:07:00,Tablet,Android,Paid,1039,5010,Top-rated gadgets on sale,0,1
3302,49,F,Giza,Google Ads,Video,Electronics,0,1,4,2025-03-25 00:55:00,Mobile,Windows,Paid,1096,5088,Buy now and save 20%,0,1
3303,23,M,Giza,Facebook,Display,Travel,0,0,2,2025-01-23 18:53:00,Desktop,Windows,Social,1008,5027,Limited offer!,0,9
3304,49,F,Cairo,Google Ads,Display,Electronics,1,0,8,2025-01-02 02:44:00,Desktop,iOS,Paid,1028,5006,Limited offer!,0,7
3305,20,F,Alexandria,Instagram,Display,Electronics,0,0,37,2025-03-20 20:45:00,Tablet,Windows,Organic,1045,5064,Buy now and save 20%,0,6
3306,35,F,Mansoura,Facebook,Display,Food & Beverage,0,1,48,2025-03-26 16:52:00,Desktop,iOS,Paid,1051,5002,Check our new collection,0,1
3307,50,F,Cairo,Facebook,Display,Food & Beverage,1,1,14,2025-03-10 06:23:00,Desktop,iOS,Social,1032,5026,Limited offer!,0,3
3308,53,M,Mansoura,Facebook,Display,Travel,1,0,22,2025-02-28 18:17:00,Mobile,Windows,Organic,1065,5036,Top-rated gadgets on sale,0,4
3309,55,M,Mansoura,Facebook,Search,Gaming,0,0,34,2025-03-07 21:22:00,Mobile,iOS,Organic,1005,5026,Top-rated gadgets on sale,0,7
3310,32,F,Aswan,YouTube,Display,Food & Beverage,0,0,11,2025-03-31 01:10:00,Tablet,Android,Organic,1030,5058,Buy now and save 20%,0,6
3311,51,F,Cairo,Google Ads,Video,Fashion,0,0,49,2025-01-03 06:00:00,Mobile,Android,Social,1005,5076,Book your travel today,256,5
3312,50,F,Alexandria,Facebook,Display,Food & Beverage,1,0,9,2025-03-28 22:13:00,Mobile,Android,Social,1007,5100,Buy now and save 20%,0,4
3313,25,M,Alexandria,Google Ads,Video,Food & Beverage,1,0,2,2025-03-27 20:11:00,Desktop,iOS,Social,1049,5057,Top-rated gadgets on sale,0,4
3314,30,F,Luxor,YouTube,Video,Electronics,0,0,27,2025-01-09 02:22:00,Desktop,Android,Social,1022,5065,Buy now and save 20%,0,3
3315,18,M,Alexandria,Facebook,Display,Gaming,0,0,12,2025-03-11 12:21:00,Desktop,Android,Social,1011,5032,Buy now and save 20%,0,10
3316,52,M,Alexandria,YouTube,Display,Food & Beverage,1,0,15,2025-03-15 20:32:00,Desktop,Android,Social,1062,5071,Buy now and save 20%,0,9
3317,56,M,Cairo,Instagram,Video,Electronics,0,0,5,2025-01-15 16:25:00,Desktop,iOS,Social,1005,5081,Limited offer!,0,5
3318,56,M,Cairo,Facebook,Display,Fashion,1,0,28,2025-01-22 05:14:00,Tablet,Windows,Social,1021,5064,Order online fast delivery,0,2
3319,31,M,Cairo,Facebook,Display,Electronics,0,0,23,2025-03-08 06:46:00,Mobile,Windows,Social,1071,5029,Buy now and save 20%,0,2
3320,34,F,Alexandria,Google Ads,Video,Gaming,1,1,7,2025-02-28 20:56:00,Mobile,Android,Paid,1013,5002,Buy now and save 20%,0,7
3321,19,M,Aswan,Facebook,Video,Electronics,0,0,49,2025-02-07 22:49:00,Mobile,Android,Organic,1071,5043,Limited offer!,0,10
3322,25,M,Giza,Instagram,Display,Food & Beverage,0,0,9,2025-01-09 00:01:00,Desktop,Android,Social,1085,5100,Book your travel today,0,5
3323,56,F,Cairo,Facebook,Video,Gaming,0,0,14,2025-01-03 10:11:00,Mobile,iOS,Social,1099,5023,Book your travel today,1393,10
3324,18,F,Giza,Google Ads,Display,Travel,0,0,47,2025-03-17 00:00:00,Desktop,Windows,Paid,1008,5060,Buy now and save 20%,0,1
3325,40,F,Cairo,Instagram,Video,Gaming,0,0,33,2025-02-23 04:51:00,Desktop,Windows,Organic,1049,5034,Buy now and save 20%,0,5
3326,40,F,Giza,Instagram,Video,Electronics,0,0,2,2025-02-04 00:28:00,Desktop,Android,Paid,1005,5023,Buy now and save 20%,0,7
3327,25,M,Cairo,Facebook,Display,Electronics,0,0,34,2025-02-10 22:16:00,Mobile,iOS,Paid,1047,5100,Check our new collection,1044,5
3328,48,M,Alexandria,Instagram,Video,Fashion,1,0,18,2025-02-15 04:24:00,Tablet,iOS,Paid,1093,5042,Limited offer!,0,1
3329,49,M,Aswan,Facebook,Display,Food & Beverage,1,0,11,2025-02-22 09:10:00,Desktop,Android,Paid,1041,5055,Order online fast delivery,0,6
3330,44,M,Alexandria,Facebook,Display,Electronics,1,0,6,2025-01-19 03:55:00,Mobile,Windows,Organic,1026,5072,Order online fast delivery,0,8
3331,39,F,Giza,YouTube,Video,Gaming,1,0,22,2025-01-22 22:34:00,Mobile,Windows,Social,1077,5004,Check our new collection,0,7
3332,54,M,Cairo,Google Ads,Video,Food & Beverage,0,1,14,2025-01-13 08:49:00,Desktop,Windows,Organic,1046,5042,Limited offer!,0,1
3333,26,F,Mansoura,Facebook,Search,Food & Beverage,0,0,8,2025-03-01 23:36:00,Desktop,Android,Paid,1041,5093,Top-rated gadgets on sale,0,3
3334,37,M,Cairo,Instagram,Search,Electronics,0,0,36,2025-01-30 03:47:00,Mobile,iOS,Social,1083,5065,Check our new collection,0,9
3335,40,M,Alexandria,Facebook,Display,Fashion,1,0,16,2025-03-21 04:08:00,Desktop,Windows,Paid,1059,5034,Book your travel today,0,10
3336,56,F,Alexandria,Google Ads,Display,Food & Beverage,1,0,13,2025-02-22 14:03:00,Tablet,iOS,Paid,1082,5031,Buy now and save 20%,0,5
3337,53,F,Giza,Google Ads,Display,Travel,0,0,16,2025-01-27 10:11:00,Desktop,iOS,Social,1094,5099,Book your travel today,0,6
3338,47,F,Aswan,Facebook,Search,Gaming,0,0,15,2025-01-12 01:07:00,Mobile,iOS,Paid,1021,5033,Book your travel today,0,10
3339,40,F,Cairo,Instagram,Display,Food & Beverage,0,0,45,2025-01-09 15:42:00,Desktop,Windows,Organic,1001,5037,Check our new collection,0,3
3340,21,M,Cairo,Facebook,Display,Fashion,1,1,14,2025-01-15 04:43:00,Mobile,Android,Social,1027,5016,Top-rated gadgets on sale,0,8
3341,58,F,Cairo,Instagram,Video,Food & Beverage,0,1,41,2025-03-03 18:15:00,Mobile,iOS,Social,1015,5065,Limited offer!,0,3
3342,34,M,Giza,YouTube,Video,Gaming,0,0,18,2025-02-22 05:47:00,Mobile,iOS,Organic,1092,5011,Buy now and save 20%,0,8
3343,41,F,Cairo,Google Ads,Display,Food & Beverage,0,0,6,2025-01-29 15:41:00,Tablet,Windows,Social,1087,5002,Book your travel today,0,6
3344,58,F,Cairo,Facebook,Display,Electronics,1,0,8,2025-03-17 08:36:00,Tablet,iOS,Social,1070,5015,Book your travel today,0,3
3345,36,M,Cairo,YouTube,Video,Food & Beverage,0,0,39,2025-01-24 01:09:00,Tablet,iOS,Organic,1074,5026,Book your travel today,0,4
3346,59,M,Alexandria,Google Ads,Display,Gaming,0,0,48,2025-03-08 09:48:00,Tablet,Android,Paid,1013,5093,Order online fast delivery,0,7
3347,43,F,Alexandria,Instagram,Display,Fashion,0,0,35,2025-02-14 18:09:00,Desktop,Windows,Organic,1093,5076,Check our new collection,0,1
3348,36,M,Mansoura,Google Ads,Display,Electronics,0,0,36,2025-02-21 01:14:00,Desktop,Android,Paid,1028,5091,Top-rated gadgets on sale,1945,9
3349,52,M,Cairo,Facebook,Display,Fashion,1,0,22,2025-01-20 21:59:00,Desktop,Android,Social,1013,5056,Check our new collection,0,3
3350,20,M,Cairo,Facebook,Video,Fashion,1,0,5,2025-01-23 22:21:00,Desktop,Windows,Social,1085,5038,Order online fast delivery,971,10
3351,43,M,Giza,YouTube,Video,Food & Beverage,1,0,29,2025-01-24 23:16:00,Desktop,Android,Organic,1033,5013,Book your travel today,0,2
3352,19,F,Aswan,YouTube,Display,Travel,1,0,11,2025-01-29 18:42:00,Tablet,iOS,Paid,1041,5089,Order online fast delivery,1931,9
3353,46,M,Cairo,Instagram,Video,Fashion,1,0,6,2025-02-04 19:38:00,Mobile,iOS,Social,1063,5080,Buy now and save 20%,0,5
3354,23,M,Mansoura,Facebook,Display,Travel,0,0,9,2025-03-15 23:29:00,Desktop,iOS,Paid,1044,5064,Check our new collection,0,2
3355,48,F,Cairo,Instagram,Video,Gaming,0,0,25,2025-02-27 03:26:00,Mobile,iOS,Paid,1051,5049,Buy now and save 20%,0,8
3356,50,F,Alexandria,Facebook,Video,Food & Beverage,1,0,18,2025-02-04 16:22:00,Tablet,iOS,Social,1037,5094,Book your travel today,0,9
3357,40,M,Luxor,Instagram,Display,Electronics,1,0,49,2025-03-29 14:55:00,Tablet,iOS,Organic,1011,5006,Buy now and save 20%,0,8
3358,58,F,Cairo,Google Ads,Video,Electronics,1,1,30,2025-02-09 18:04:00,Tablet,Android,Organic,1041,5041,Book your travel today,0,9
3359,22,F,Aswan,Google Ads,Display,Travel,0,0,28,2025-02-01 20:53:00,Tablet,iOS,Social,1046,5006,Buy now and save 20%,0,2
3360,58,F,Giza,Instagram,Video,Electronics,0,0,28,2025-01-02 02:14:00,Desktop,Android,Social,1011,5013,Order online fast delivery,0,2
3361,21,M,Mansoura,Facebook,Display,Fashion,0,0,28,2025-03-30 01:32:00,Desktop,Android,Paid,1020,5029,Limited offer!,968,8
3362,20,F,Cairo,Facebook,Display,Food & Beverage,0,1,34,2025-03-21 03:38:00,Desktop,iOS,Social,1002,5045,Book your travel today,1636,5
3363,28,M,Mansoura,YouTube,Display,Fashion,0,0,32,2025-01-23 11:43:00,Mobile,Android,Paid,1084,5079,Order online fast delivery,0,7
3364,18,F,Cairo,Facebook,Video,Travel,0,0,49,2025-03-11 13:33:00,Desktop,Windows,Paid,1060,5094,Top-rated gadgets on sale,0,6
3365,23,M,Mansoura,Facebook,Display,Food & Beverage,0,0,30,2025-01-31 11:38:00,Tablet,Android,Paid,1060,5011,Order online fast delivery,0,8
3366,31,M,Mansoura,Google Ads,Display,Food & Beverage,0,0,14,2025-02-17 04:27:00,Desktop,Android,Paid,1054,5033,Order online fast delivery,0,4
3367,22,F,Giza,YouTube,Search,Gaming,0,0,34,2025-02-06 01:01:00,Mobile,Windows,Organic,1027,5022,Top-rated gadgets on sale,660,1
3368,33,M,Giza,YouTube,Display,Electronics,0,0,42,2025-02-10 00:55:00,Tablet,Windows,Paid,1079,5089,Book your travel today,0,4
3369,18,M,Cairo,Facebook,Search,Gaming,0,0,20,2025-02-23 14:08:00,Desktop,Android,Organic,1064,5089,Book your travel today,0,4
3370,35,M,Cairo,Facebook,Video,Gaming,1,1,36,2025-01-28 08:57:00,Mobile,Android,Organic,1067,5016,Limited offer!,0,9
3371,31,M,Cairo,Google Ads,Search,Gaming,0,0,7,2025-01-06 22:55:00,Tablet,iOS,Social,1017,5028,Limited offer!,0,7
3372,42,M,Giza,Facebook,Display,Food & Beverage,1,0,22,2025-02-03 03:12:00,Tablet,Windows,Paid,1094,5009,Order online fast delivery,249,4
3373,59,M,Alexandria,Google Ads,Video,Food & Beverage,0,0,39,2025-02-27 23:38:00,Mobile,Android,Paid,1019,5073,Buy now and save 20%,0,7
3374,40,M,Mansoura,Facebook,Search,Fashion,1,0,18,2025-02-08 07:47:00,Desktop,iOS,Paid,1093,5015,Book your travel today,855,7
3375,57,F,Mansoura,Facebook,Display,Electronics,0,0,47,2025-01-06 04:58:00,Desktop,iOS,Paid,1043,5092,Check our new collection,0,1
3376,45,M,Aswan,Instagram,Video,Food & Beverage,0,0,46,2025-03-26 02:11:00,Tablet,Android,Organic,1060,5095,Top-rated gadgets on sale,0,6
3377,40,M,Giza,Facebook,Display,Fashion,0,1,15,2025-02-11 04:45:00,Mobile,Android,Organic,1055,5002,Buy now and save 20%,0,1
3378,60,M,Cairo,Instagram,Video,Travel,0,0,12,2025-01-22 15:31:00,Tablet,iOS,Paid,1082,5097,Limited offer!,0,3
3379,28,F,Alexandria,Instagram,Display,Travel,0,1,39,2025-02-15 12:15:00,Mobile,Android,Social,1007,5097,Buy now and save 20%,0,1
3380,47,F,Cairo,Google Ads,Display,Electronics,0,0,49,2025-02-26 14:04:00,Tablet,Windows,Organic,1080,5012,Check our new collection,0,1
3381,59,M,Cairo,Instagram,Display,Food & Beverage,0,1,45,2025-01-02 19:08:00,Tablet,iOS,Social,1052,5083,Top-rated gadgets on sale,0,7
3382,57,F,Giza,Google Ads,Display,Fashion,1,0,7,2025-03-21 05:12:00,Desktop,Android,Organic,1017,5056,Order online fast delivery,0,3
3383,39,M,Cairo,Google Ads,Display,Fashion,0,1,22,2025-02-25 16:21:00,Tablet,Windows,Social,1009,5010,Limited offer!,0,3
3384,53,M,Alexandria,Instagram,Display,Travel,0,0,22,2025-01-21 01:41:00,Tablet,Windows,Paid,1093,5026,Order online fast delivery,0,2
3385,50,M,Aswan,Facebook,Search,Fashion,0,0,36,2025-01-18 09:32:00,Mobile,iOS,Paid,1034,5088,Check our new collection,241,9
3386,56,M,Cairo,Google Ads,Video,Electronics,1,0,16,2025-02-08 12:13:00,Mobile,iOS,Paid,1099,5033,Check our new collection,0,4
3387,55,F,Alexandria,YouTube,Display,Food & Beverage,0,1,50,2025-01-11 09:08:00,Desktop,Windows,Organic,1084,5068,Limited offer!,0,4
3388,38,M,Aswan,Google Ads,Search,Food & Beverage,1,0,43,2025-01-28 10:51:00,Tablet,Windows,Paid,1084,5038,Buy now and save 20%,0,9
3389,22,F,Cairo,Google Ads,Video,Food & Beverage,0,0,6,2025-01-04 21:19:00,Tablet,Android,Social,1038,5020,Order online fast delivery,0,6
3390,23,M,Alexandria,Instagram,Video,Gaming,1,0,19,2025-01-23 00:27:00,Tablet,Windows,Organic,1059,5017,Top-rated gadgets on sale,0,7
3391,44,F,Mansoura,Google Ads,Display,Electronics,0,1,6,2025-01-11 06:28:00,Mobile,iOS,Paid,1041,5084,Limited offer!,0,7
3392,57,F,Cairo,Google Ads,Display,Fashion,1,0,35,2025-02-01 19:34:00,Tablet,Android,Paid,1065,5090,Buy now and save 20%,0,10
3393,30,M,Alexandria,YouTube,Display,Food & Beverage,0,1,30,2025-02-24 05:04:00,Mobile,iOS,Organic,1060,5030,Book your travel today,0,5
3394,38,F,Luxor,Facebook,Display,Electronics,0,0,50,2025-02-11 12:50:00,Mobile,Windows,Social,1066,5027,Top-rated gadgets on sale,0,10
3395,53,M,Cairo,Instagram,Display,Fashion,0,0,22,2025-02-14 20:51:00,Tablet,Windows,Paid,1096,5088,Buy now and save 20%,712,2
3396,56,M,Aswan,Google Ads,Display,Electronics,0,0,7,2025-01-23 04:13:00,Tablet,iOS,Social,1088,5100,Top-rated gadgets on sale,1455,2
3397,24,M,Luxor,Instagram,Display,Food & Beverage,1,1,42,2025-02-23 10:17:00,Desktop,Android,Organic,1036,5025,Book your travel today,0,4
3398,31,M,Cairo,Facebook,Search,Travel,1,0,36,2025-02-06 20:33:00,Tablet,iOS,Paid,1093,5099,Book your travel today,0,1
3399,23,M,Cairo,Instagram,Display,Fashion,1,1,21,2025-02-24 23:20:00,Desktop,Android,Paid,1080,5087,Top-rated gadgets on sale,0,1
3400,57,F,Alexandria,Facebook,Video,Gaming,0,0,37,2025-03-16 15:30:00,Mobile,Android,Paid,1060,5100,Order online fast delivery,0,7
3401,42,M,Alexandria,Facebook,Display,Electronics,0,1,22,2025-01-12 08:24:00,Mobile,iOS,Social,1029,5091,Buy now and save 20%,0,2
3402,19,M,Cairo,Facebook,Display,Electronics,0,0,14,2025-02-19 18:13:00,Mobile,Windows,Paid,1049,5023,Order online fast delivery,1475,10
3403,49,F,Cairo,YouTube,Display,Electronics,1,0,43,2025-01-30 10:42:00,Desktop,Windows,Social,1014,5006,Top-rated gadgets on sale,0,1
3404,56,F,Mansoura,Facebook,Display,Electronics,0,0,13,2025-01-07 03:02:00,Mobile,iOS,Paid,1035,5001,Book your travel today,0,10
3405,32,M,Alexandria,Facebook,Video,Electronics,1,0,34,2025-02-28 18:19:00,Desktop,Windows,Social,1068,5080,Order online fast delivery,0,8
3406,22,F,Aswan,Instagram,Display,Electronics,1,1,20,2025-01-05 17:55:00,Desktop,iOS,Organic,1014,5034,Limited offer!,1916,1
3407,47,M,Cairo,Instagram,Display,Fashion,1,0,12,2025-01-05 17:02:00,Mobile,Windows,Paid,1044,5075,Check our new collection,0,6
3408,57,F,Cairo,Facebook,Video,Electronics,0,0,26,2025-03-18 09:32:00,Tablet,Windows,Organic,1066,5089,Book your travel today,0,8
3409,30,M,Cairo,Facebook,Display,Food & Beverage,0,0,30,2025-02-28 11:09:00,Mobile,Android,Paid,1085,5037,Order online fast delivery,0,10
3410,26,M,Cairo,Instagram,Display,Travel,0,0,8,2025-03-17 21:49:00,Tablet,Android,Organic,1007,5038,Limited offer!,0,8
3411,48,M,Cairo,Facebook,Search,Gaming,1,0,48,2025-01-10 07:35:00,Desktop,Android,Organic,1076,5013,Buy now and save 20%,0,10
3412,36,M,Luxor,Google Ads,Display,Travel,0,0,20,2025-02-18 07:30:00,Tablet,iOS,Social,1008,5076,Check our new collection,0,9
3413,46,F,Giza,Facebook,Search,Food & Beverage,0,1,18,2025-01-27 01:00:00,Desktop,Android,Organic,1077,5031,Book your travel today,0,7
3414,30,F,Alexandria,Facebook,Display,Food & Beverage,0,0,25,2025-03-15 00:19:00,Mobile,Windows,Organic,1068,5077,Buy now and save 20%,0,3
3415,19,M,Giza,Facebook,Search,Gaming,0,0,35,2025-02-22 00:00:00,Mobile,Windows,Paid,1074,5045,Top-rated gadgets on sale,0,6
3416,32,M,Cairo,Facebook,Search,Travel,0,0,24,2025-03-11 15:21:00,Tablet,Android,Social,1076,5073,Check our new collection,840,8
3417,52,F,Mansoura,YouTube,Video,Gaming,1,0,47,2025-01-24 08:57:00,Mobile,iOS,Social,1067,5098,Order online fast delivery,0,2
3418,53,F,Cairo,Facebook,Display,Fashion,0,0,11,2025-01-10 01:20:00,Tablet,iOS,Social,1045,5074,Top-rated gadgets on sale,0,8
3419,22,F,Luxor,Facebook,Video,Gaming,0,0,48,2025-03-25 11:02:00,Mobile,Windows,Social,1091,5083,Top-rated gadgets on sale,0,7
3420,37,M,Luxor,Facebook,Display,Fashion,0,0,12,2025-02-06 17:46:00,Mobile,iOS,Paid,1003,5028,Book your travel today,0,7
3421,53,M,Aswan,Facebook,Search,Food & Beverage,0,0,13,2025-01-07 09:08:00,Mobile,Android,Paid,1068,5041,Order online fast delivery,0,10
3422,58,F,Cairo,Google Ads,Video,Electronics,1,0,9,2025-02-24 09:06:00,Tablet,Windows,Paid,1051,5086,Check our new collection,0,1
3423,58,F,Mansoura,Facebook,Video,Fashion,0,0,43,2025-03-22 20:54:00,Tablet,Windows,Social,1047,5005,Buy now and save 20%,0,2
3424,50,M,Giza,Google Ads,Display,Travel,0,0,2,2025-01-26 09:04:00,Desktop,iOS,Social,1097,5061,Order online fast delivery,679,9
3425,19,M,Cairo,YouTube,Display,Gaming,0,1,30,2025-02-09 17:58:00,Desktop,Windows,Organic,1067,5086,Limited offer!,0,1
3426,59,M,Cairo,Facebook,Display,Food & Beverage,1,0,36,2025-02-11 18:04:00,Desktop,Windows,Organic,1014,5077,Check our new collection,0,5
3427,32,F,Cairo,Facebook,Video,Electronics,0,0,12,2025-02-07 08:47:00,Desktop,Windows,Organic,1032,5064,Limited offer!,0,7
3428,26,M,Aswan,Facebook,Display,Food & Beverage,1,0,12,2025-01-31 02:41:00,Desktop,Android,Paid,1087,5021,Order online fast delivery,0,6
3429,24,M,Cairo,Facebook,Video,Food & Beverage,0,0,49,2025-02-25 18:32:00,Tablet,iOS,Social,1097,5086,Top-rated gadgets on sale,0,2
3430,24,F,Giza,Google Ads,Video,Fashion,0,0,15,2025-02-08 13:40:00,Mobile,iOS,Paid,1017,5064,Book your travel today,0,1
3431,42,F,Mansoura,Instagram,Video,Travel,0,0,45,2025-02-19 00:23:00,Tablet,iOS,Paid,1014,5023,Check our new collection,0,5
3432,45,M,Cairo,Google Ads,Display,Food & Beverage,1,0,19,2025-03-11 23:02:00,Mobile,Android,Social,1026,5025,Buy now and save 20%,0,9
3433,23,M,Cairo,Instagram,Display,Fashion,0,0,35,2025-01-31 16:38:00,Tablet,Android,Social,1067,5065,Limited offer!,0,7
3434,35,F,Giza,Facebook,Video,Travel,0,0,48,2025-03-26 08:24:00,Desktop,Android,Social,1019,5021,Buy now and save 20%,0,5
3435,59,M,Luxor,YouTube,Video,Fashion,0,0,28,2025-03-27 13:35:00,Mobile,Android,Paid,1098,5085,Top-rated gadgets on sale,0,10
3436,38,M,Luxor,Instagram,Video,Fashion,1,0,47,2025-01-05 23:05:00,Desktop,Android,Social,1037,5030,Check our new collection,1657,9
3437,49,F,Aswan,Facebook,Display,Electronics,1,0,21,2025-01-15 23:53:00,Tablet,iOS,Social,1021,5087,Check our new collection,1191,9
3438,21,M,Aswan,YouTube,Video,Food & Beverage,0,0,23,2025-02-27 00:12:00,Desktop,iOS,Social,1074,5051,Limited offer!,0,10
3439,22,F,Alexandria,Instagram,Display,Food & Beverage,0,0,38,2025-01-25 12:13:00,Tablet,Android,Social,1096,5062,Buy now and save 20%,0,5
3440,31,F,Cairo,Facebook,Display,Food & Beverage,1,0,31,2025-03-25 05:39:00,Tablet,iOS,Paid,1062,5088,Check our new collection,1051,10
3441,18,F,Alexandria,Facebook,Display,Gaming,0,0,20,2025-02-11 16:23:00,Desktop,iOS,Social,1044,5077,Order online fast delivery,0,6
3442,39,F,Luxor,Facebook,Search,Electronics,0,0,4,2025-01-19 15:35:00,Desktop,Windows,Social,1069,5038,Book your travel today,0,2
3443,59,F,Cairo,YouTube,Display,Fashion,0,0,31,2025-01-17 02:28:00,Mobile,iOS,Organic,1036,5045,Top-rated gadgets on sale,0,5
3444,42,F,Luxor,YouTube,Search,Electronics,1,0,32,2025-01-04 03:03:00,Tablet,iOS,Paid,1074,5021,Buy now and save 20%,0,9
3445,32,M,Cairo,Facebook,Display,Travel,0,0,14,2025-03-15 02:02:00,Tablet,iOS,Organic,1065,5095,Top-rated gadgets on sale,0,5
3446,30,F,Giza,YouTube,Display,Travel,0,0,17,2025-02-10 08:36:00,Desktop,Android,Social,1063,5029,Limited offer!,0,5
3447,52,F,Cairo,Facebook,Display,Electronics,0,0,11,2025-03-20 15:08:00,Desktop,Windows,Organic,1006,5008,Check our new collection,0,8
3448,51,F,Cairo,Google Ads,Display,Fashion,1,0,25,2025-02-07 11:23:00,Tablet,iOS,Paid,1000,5085,Book your travel today,0,8
3449,60,F,Luxor,YouTube,Display,Electronics,0,0,2,2025-02-25 03:00:00,Mobile,Android,Paid,1052,5025,Limited offer!,0,7
3450,26,M,Cairo,Facebook,Video,Food & Beverage,0,0,16,2025-01-28 13:21:00,Desktop,Android,Organic,1096,5049,Order online fast delivery,0,4
3451,56,F,Cairo,Facebook,Search,Electronics,1,0,18,2025-02-08 03:07:00,Tablet,Windows,Paid,1064,5023,Buy now and save 20%,0,3
3452,44,M,Mansoura,Google Ads,Search,Food & Beverage,0,1,32,2025-01-15 21:13:00,Tablet,iOS,Organic,1058,5089,Buy now and save 20%,1942,8
3453,37,M,Cairo,Google Ads,Display,Fashion,0,0,7,2025-02-19 11:55:00,Mobile,Android,Social,1013,5076,Top-rated gadgets on sale,1565,4
3454,57,M,Cairo,Instagram,Display,Fashion,1,0,16,2025-01-24 12:36:00,Desktop,Android,Organic,1064,5003,Check our new collection,0,1
3455,52,F,Alexandria,Facebook,Video,Fashion,0,0,27,2025-01-12 03:07:00,Mobile,Windows,Social,1034,5082,Check our new collection,0,8
3456,52,F,Cairo,Facebook,Video,Food & Beverage,0,0,3,2025-02-15 06:15:00,Desktop,iOS,Paid,1080,5096,Order online fast delivery,0,2
3457,51,M,Cairo,YouTube,Display,Fashion,0,0,10,2025-03-24 23:38:00,Mobile,Windows,Social,1014,5062,Limited offer!,0,7
3458,24,F,Cairo,YouTube,Display,Fashion,1,0,18,2025-02-07 19:26:00,Tablet,Android,Paid,1038,5005,Check our new collection,0,8
3459,55,M,Giza,Google Ads,Video,Travel,0,0,40,2025-01-16 16:00:00,Tablet,Windows,Organic,1035,5021,Buy now and save 20%,0,7
3460,37,M,Giza,Google Ads,Search,Electronics,1,0,19,2025-02-21 02:43:00,Tablet,Android,Organic,1034,5053,Top-rated gadgets on sale,0,2
3461,58,F,Alexandria,Facebook,Video,Fashion,1,0,22,2025-03-19 10:21:00,Tablet,iOS,Paid,1028,5030,Check our new collection,0,7
3462,32,F,Aswan,Instagram,Video,Food & Beverage,0,0,43,2025-02-16 00:50:00,Desktop,iOS,Paid,1095,5030,Limited offer!,0,1
3463,54,F,Alexandria,YouTube,Display,Gaming,0,0,5,2025-03-16 13:44:00,Desktop,iOS,Paid,1031,5030,Order online fast delivery,0,10
3464,57,M,Aswan,Facebook,Video,Food & Beverage,0,0,38,2025-02-02 01:17:00,Desktop,iOS,Social,1049,5028,Book your travel today,0,2
3465,54,F,Giza,Google Ads,Display,Fashion,1,0,47,2025-01-16 08:16:00,Desktop,Windows,Social,1065,5007,Limited offer!,0,9
3466,18,M,Luxor,Google Ads,Display,Fashion,0,1,16,2025-03-22 06:20:00,Mobile,Windows,Social,1093,5067,Buy now and save 20%,1139,2
3467,43,F,Cairo,Google Ads,Display,Fashion,1,0,38,2025-03-21 11:20:00,Desktop,Android,Social,1012,5032,Limited offer!,0,5
3468,41,F,Alexandria,YouTube,Video,Electronics,0,0,2,2025-01-23 08:01:00,Mobile,iOS,Paid,1045,5099,Buy now and save 20%,0,1
3469,55,F,Luxor,Facebook,Display,Electronics,1,0,30,2025-01-01 16:31:00,Desktop,Windows,Organic,1034,5097,Check our new collection,0,4
3470,43,M,Luxor,Google Ads,Display,Travel,0,1,22,2025-03-08 22:09:00,Tablet,iOS,Organic,1013,5043,Limited offer!,0,4
3471,58,M,Cairo,Google Ads,Search,Fashion,0,0,10,2025-01-13 08:31:00,Tablet,iOS,Paid,1016,5011,Check our new collection,0,7
3472,19,F,Luxor,Google Ads,Display,Electronics,0,0,3,2025-03-09 22:41:00,Tablet,iOS,Paid,1077,5058,Check our new collection,872,10
3473,32,M,Giza,Google Ads,Search,Food & Beverage,1,0,41,2025-02-02 17:03:00,Desktop,iOS,Social,1088,5001,Buy now and save 20%,0,10
3474,27,M,Cairo,Instagram,Video,Food & Beverage,1,1,19,2025-02-04 06:45:00,Desktop,Windows,Social,1070,5058,Order online fast delivery,0,2
3475,44,M,Alexandria,Facebook,Video,Food & Beverage,0,0,13,2025-02-12 22:34:00,Mobile,iOS,Organic,1006,5012,Top-rated gadgets on sale,0,2
3476,31,F,Luxor,Facebook,Video,Fashion,0,0,9,2025-02-11 19:42:00,Tablet,Android,Organic,1012,5055,Check our new collection,0,1
3477,29,F,Cairo,Facebook,Search,Electronics,0,1,18,2025-02-12 16:57:00,Tablet,Android,Social,1071,5010,Book your travel today,0,5
3478,54,F,Giza,Facebook,Video,Electronics,1,0,9,2025-02-11 12:21:00,Desktop,Android,Social,1073,5006,Book your travel today,0,5
3479,56,F,Aswan,Google Ads,Search,Electronics,1,0,42,2025-03-27 00:13:00,Desktop,Windows,Social,1013,5035,Limited offer!,0,7
3480,60,F,Cairo,Google Ads,Video,Electronics,0,0,10,2025-03-20 17:18:00,Desktop,iOS,Social,1030,5063,Buy now and save 20%,1836,1
3481,31,M,Cairo,Facebook,Display,Electronics,1,0,35,2025-02-21 11:36:00,Mobile,iOS,Organic,1056,5008,Limited offer!,1962,3
3482,38,M,Alexandria,Facebook,Display,Electronics,1,0,4,2025-01-06 15:02:00,Desktop,iOS,Social,1052,5090,Top-rated gadgets on sale,0,4
3483,58,M,Giza,YouTube,Display,Fashion,1,0,2,2025-03-09 12:38:00,Tablet,Android,Organic,1074,5094,Book your travel today,0,6
3484,30,F,Cairo,Facebook,Display,Gaming,0,0,20,2025-03-06 01:35:00,Tablet,Android,Social,1018,5067,Check our new collection,0,9
3485,47,F,Aswan,Google Ads,Search,Food & Beverage,1,0,22,2025-03-30 23:24:00,Tablet,Android,Paid,1063,5020,Book your travel today,0,7
3486,54,F,Alexandria,Facebook,Search,Fashion,0,0,13,2025-03-26 18:54:00,Desktop,Android,Organic,1039,5050,Book your travel today,629,5
3487,46,M,Mansoura,Facebook,Video,Electronics,1,0,33,2025-03-27 03:40:00,Desktop,iOS,Paid,1082,5001,Top-rated gadgets on sale,0,10
3488,52,F,Cairo,Facebook,Video,Fashion,1,1,35,2025-03-21 10:33:00,Mobile,Windows,Paid,1023,5022,Order online fast delivery,0,2
3489,19,F,Giza,Instagram,Display,Food & Beverage,0,0,39,2025-02-03 17:25:00,Tablet,Windows,Organic,1063,5085,Book your travel today,0,10
3490,38,M,Alexandria,YouTube,Video,Gaming,0,0,39,2025-01-10 15:08:00,Desktop,Windows,Paid,1021,5067,Limited offer!,0,10
3491,23,M,Luxor,Instagram,Video,Travel,0,0,13,2025-03-14 10:07:00,Desktop,iOS,Social,1073,5000,Order online fast delivery,0,4
3492,37,F,Cairo,Google Ads,Display,Electronics,0,0,17,2025-03-31 19:34:00,Desktop,Android,Social,1094,5085,Limited offer!,622,2
3493,44,M,Giza,YouTube,Display,Fashion,1,0,36,2025-02-12 16:19:00,Tablet,Windows,Paid,1074,5014,Top-rated gadgets on sale,0,9
3494,38,M,Giza,Instagram,Video,Food & Beverage,1,0,25,2025-02-02 17:06:00,Mobile,Android,Social,1093,5022,Check our new collection,0,3
3495,31,F,Luxor,Facebook,Video,Gaming,0,0,46,2025-02-05 03:49:00,Tablet,Android,Paid,1015,5077,Order online fast delivery,0,3
3496,57,M,Giza,YouTube,Display,Food & Beverage,0,0,40,2025-02-22 05:02:00,Desktop,Windows,Organic,1069,5065,Check our new collection,0,9
3497,56,F,Mansoura,Instagram,Video,Gaming,0,0,5,2025-03-25 06:40:00,Mobile,Android,Organic,1068,5021,Check our new collection,0,8
3498,47,F,Giza,YouTube,Display,Fashion,1,0,40,2025-03-08 11:51:00,Mobile,iOS,Paid,1074,5017,Limited offer!,1855,7
3499,31,F,Cairo,Facebook,Video,Gaming,1,0,38,2025-01-12 06:18:00,Mobile,Windows,Organic,1077,5041,Buy now and save 20%,0,10
3500,44,M,Cairo,Facebook,Video,Fashion,0,0,27,2025-01-21 12:04:00,Mobile,Windows,Paid,1070,5006,Order online fast delivery,0,8
3501,24,F,Giza,Facebook,Video,Food & Beverage,1,0,32,2025-01-01 08:19:00,Mobile,iOS,Paid,1093,5077,Top-rated gadgets on sale,0,4
3502,56,M,Aswan,Facebook,Display,Fashion,0,0,15,2025-03-26 22:05:00,Mobile,iOS,Paid,1097,5002,Buy now and save 20%,0,2
3503,22,M,Alexandria,Instagram,Video,Gaming,0,0,48,2025-02-24 13:17:00,Tablet,Android,Paid,1076,5064,Check our new collection,0,5
3504,53,M,Giza,Facebook,Search,Fashion,1,0,17,2025-01-16 00:06:00,Tablet,Android,Organic,1077,5018,Order online fast delivery,0,10
3505,39,F,Alexandria,Google Ads,Video,Gaming,0,0,13,2025-01-31 11:41:00,Tablet,Android,Paid,1058,5100,Order online fast delivery,0,1
3506,24,M,Cairo,Instagram,Display,Travel,1,0,12,2025-01-01 06:44:00,Mobile,Windows,Paid,1035,5073,Limited offer!,0,6
3507,38,F,Cairo,Google Ads,Video,Gaming,1,1,48,2025-03-04 17:55:00,Desktop,iOS,Organic,1087,5006,Order online fast delivery,0,5
3508,40,M,Mansoura,Facebook,Search,Travel,1,0,50,2025-03-19 22:12:00,Mobile,Windows,Social,1029,5004,Check our new collection,1237,9
3509,23,F,Cairo,Facebook,Display,Food & Beverage,0,1,3,2025-01-18 13:54:00,Mobile,Android,Paid,1080,5027,Limited offer!,0,7
3510,27,F,Giza,Google Ads,Display,Electronics,0,0,49,2025-03-05 13:34:00,Desktop,iOS,Organic,1064,5032,Check our new collection,0,3
3511,51,M,Cairo,Facebook,Video,Food & Beverage,0,1,20,2025-02-21 14:36:00,Desktop,Android,Paid,1075,5064,Limited offer!,0,4
3512,34,M,Giza,YouTube,Video,Electronics,0,1,48,2025-02-02 17:34:00,Mobile,Android,Paid,1068,5048,Order online fast delivery,0,3
3513,47,F,Luxor,YouTube,Video,Food & Beverage,0,0,48,2025-02-11 19:30:00,Desktop,iOS,Social,1040,5002,Top-rated gadgets on sale,1313,2
3514,55,M,Cairo,Facebook,Display,Food & Beverage,1,0,50,2025-01-14 23:53:00,Desktop,Android,Social,1093,5094,Top-rated gadgets on sale,0,3
3515,31,F,Aswan,YouTube,Display,Fashion,1,0,5,2025-02-24 21:43:00,Tablet,iOS,Organic,1019,5042,Top-rated gadgets on sale,0,6
3516,25,M,Cairo,Instagram,Search,Electronics,0,0,49,2025-01-14 04:07:00,Mobile,Windows,Social,1044,5001,Buy now and save 20%,0,3
3517,55,F,Alexandria,Google Ads,Search,Food & Beverage,0,0,2,2025-03-10 10:53:00,Mobile,Windows,Paid,1013,5007,Book your travel today,0,2
3518,33,F,Giza,Facebook,Display,Fashion,1,1,35,2025-03-07 13:39:00,Mobile,iOS,Social,1046,5073,Book your travel today,0,7
3519,52,F,Cairo,Google Ads,Display,Food & Beverage,0,0,3,2025-03-07 10:15:00,Tablet,Android,Organic,1008,5095,Check our new collection,1324,6
3520,46,M,Cairo,Facebook,Search,Fashion,0,0,10,2025-02-27 01:17:00,Tablet,Android,Organic,1070,5003,Top-rated gadgets on sale,0,9
3521,53,M,Aswan,Instagram,Video,Electronics,1,0,20,2025-03-26 03:07:00,Mobile,Windows,Paid,1081,5014,Top-rated gadgets on sale,0,3
3522,39,M,Cairo,Google Ads,Display,Food & Beverage,0,1,22,2025-01-19 11:36:00,Mobile,Android,Paid,1079,5045,Order online fast delivery,0,5
3523,18,M,Cairo,Instagram,Display,Electronics,1,0,6,2025-01-09 06:01:00,Desktop,Android,Social,1032,5079,Buy now and save 20%,0,4
3524,33,M,Cairo,YouTube,Display,Gaming,0,1,8,2025-01-11 23:25:00,Mobile,iOS,Paid,1061,5019,Buy now and save 20%,0,2
3525,50,M,Alexandria,Instagram,Display,Gaming,0,0,44,2025-01-17 04:44:00,Tablet,Android,Organic,1020,5030,Order online fast delivery,0,5
3526,27,M,Aswan,YouTube,Display,Travel,0,0,30,2025-03-12 16:45:00,Tablet,Windows,Social,1095,5048,Order online fast delivery,0,9
3527,40,M,Mansoura,Instagram,Display,Electronics,0,0,3,2025-01-14 07:09:00,Mobile,Android,Paid,1044,5041,Top-rated gadgets on sale,0,1
3528,18,F,Cairo,Facebook,Display,Electronics,0,0,22,2025-01-28 20:52:00,Tablet,Android,Social,1092,5068,Check our new collection,0,5
3529,48,M,Cairo,Instagram,Search,Gaming,1,0,20,2025-01-28 10:13:00,Tablet,Windows,Paid,1081,5028,Limited offer!,0,1
3530,40,F,Cairo,YouTube,Display,Travel,0,0,30,2025-03-18 05:43:00,Desktop,iOS,Paid,1038,5074,Limited offer!,0,8
3531,20,M,Giza,YouTube,Display,Gaming,0,0,2,2025-03-07 04:40:00,Tablet,iOS,Paid,1000,5087,Book your travel today,0,5
3532,28,M,Giza,Instagram,Display,Gaming,0,1,45,2025-03-25 22:05:00,Tablet,Android,Paid,1082,5005,Limited offer!,130,9
3533,35,M,Aswan,Instagram,Video,Travel,0,0,13,2025-02-13 00:37:00,Desktop,Windows,Social,1020,5063,Limited offer!,0,8
3534,18,M,Cairo,YouTube,Display,Fashion,1,0,34,2025-03-08 22:42:00,Desktop,Windows,Paid,1034,5021,Order online fast delivery,0,3
3535,59,F,Cairo,YouTube,Video,Fashion,0,0,32,2025-03-04 23:06:00,Desktop,Windows,Social,1007,5014,Buy now and save 20%,0,2
3536,50,F,Giza,Google Ads,Search,Gaming,1,0,29,2025-02-06 23:49:00,Mobile,Android,Paid,1037,5085,Order online fast delivery,0,1
3537,59,M,Mansoura,Facebook,Search,Fashion,0,0,9,2025-02-05 00:26:00,Tablet,Windows,Paid,1040,5077,Book your travel today,0,6
3538,49,F,Cairo,Facebook,Video,Gaming,0,1,11,2025-03-31 19:49:00,Desktop,iOS,Paid,1093,5045,Limited offer!,0,2
3539,44,M,Luxor,Google Ads,Display,Electronics,0,0,42,2025-01-20 18:55:00,Tablet,Windows,Social,1053,5059,Buy now and save 20%,0,3
3540,45,F,Giza,Instagram,Video,Gaming,0,0,26,2025-01-25 02:57:00,Mobile,Windows,Social,1039,5064,Top-rated gadgets on sale,0,2
3541,19,F,Cairo,Facebook,Display,Food & Beverage,0,0,30,2025-03-08 14:20:00,Desktop,Windows,Paid,1070,5083,Check our new collection,0,5
3542,50,M,Luxor,Facebook,Display,Food & Beverage,0,0,19,2025-01-07 00:33:00,Desktop,iOS,Social,1091,5063,Top-rated gadgets on sale,0,8
3543,56,F,Luxor,Google Ads,Display,Food & Beverage,0,0,50,2025-03-13 08:16:00,Desktop,Windows,Social,1049,5098,Limited offer!,0,9
3544,43,F,Cairo,Google Ads,Video,Fashion,0,0,8,2025-01-02 22:44:00,Mobile,iOS,Social,1017,5054,Order online fast delivery,0,3
3545,39,M,Mansoura,Facebook,Video,Gaming,1,0,16,2025-01-26 21:15:00,Desktop,Windows,Social,1078,5074,Top-rated gadgets on sale,0,5
3546,28,M,Giza,Instagram,Display,Food & Beverage,0,0,12,2025-03-19 01:05:00,Tablet,iOS,Social,1090,5052,Top-rated gadgets on sale,0,5
3547,37,F,Giza,Facebook,Video,Electronics,1,0,43,2025-03-17 23:12:00,Tablet,Windows,Organic,1096,5011,Top-rated gadgets on sale,1734,5
3548,35,M,Cairo,Google Ads,Search,Electronics,0,0,37,2025-02-23 18:31:00,Tablet,Windows,Organic,1012,5007,Buy now and save 20%,0,10
3549,55,M,Cairo,YouTube,Display,Electronics,0,0,37,2025-03-02 12:20:00,Mobile,Android,Organic,1090,5058,Buy now and save 20%,570,5
3550,20,M,Giza,Instagram,Display,Electronics,0,1,48,2025-02-09 16:38:00,Desktop,iOS,Paid,1059,5097,Buy now and save 20%,0,2
3551,24,M,Aswan,Facebook,Display,Electronics,0,1,12,2025-02-05 15:26:00,Mobile,Windows,Social,1077,5008,Check our new collection,0,1
3552,19,F,Cairo,Facebook,Video,Travel,1,0,39,2025-02-13 05:02:00,Desktop,Android,Social,1075,5020,Buy now and save 20%,0,7
3553,21,M,Giza,Google Ads,Display,Fashion,1,0,26,2025-01-20 01:13:00,Tablet,iOS,Social,1009,5077,Top-rated gadgets on sale,0,2
3554,40,F,Cairo,Facebook,Search,Fashion,0,0,46,2025-03-04 04:49:00,Tablet,Windows,Social,1093,5080,Book your travel today,0,8
3555,50,M,Alexandria,Instagram,Video,Gaming,0,1,41,2025-02-26 03:27:00,Mobile,iOS,Social,1058,5097,Check our new collection,0,5
3556,38,F,Cairo,Facebook,Video,Travel,0,1,31,2025-01-24 00:39:00,Desktop,Android,Social,1092,5065,Check our new collection,0,5
3557,51,F,Cairo,Facebook,Video,Fashion,1,0,24,2025-02-17 11:04:00,Desktop,iOS,Organic,1060,5089,Order online fast delivery,0,7
3558,57,M,Giza,Facebook,Search,Gaming,1,0,39,2025-02-23 08:48:00,Tablet,iOS,Organic,1036,5058,Limited offer!,0,3
3559,54,M,Luxor,Facebook,Search,Fashion,1,0,30,2025-01-21 09:42:00,Mobile,iOS,Organic,1092,5071,Limited offer!,0,8
3560,22,M,Cairo,Instagram,Video,Fashion,1,0,23,2025-01-01 01:52:00,Mobile,Windows,Organic,1035,5061,Order online fast delivery,819,1
3561,42,M,Cairo,Instagram,Video,Food & Beverage,0,0,29,2025-01-28 21:14:00,Tablet,iOS,Organic,1007,5047,Limited offer!,0,4
3562,52,F,Giza,Facebook,Display,Electronics,0,0,4,2025-02-23 12:00:00,Mobile,Android,Social,1043,5089,Buy now and save 20%,0,3
3563,39,M,Cairo,Google Ads,Search,Food & Beverage,1,0,3,2025-01-10 22:25:00,Tablet,Android,Social,1018,5010,Buy now and save 20%,0,6
3564,19,M,Alexandria,YouTube,Video,Travel,0,0,27,2025-02-17 05:19:00,Mobile,Android,Paid,1004,5009,Top-rated gadgets on sale,0,3
3565,27,M,Giza,Facebook,Display,Gaming,1,0,14,2025-03-27 06:29:00,Tablet,Windows,Social,1004,5051,Limited offer!,0,1
3566,37,M,Cairo,Instagram,Display,Fashion,0,0,19,2025-03-01 03:39:00,Tablet,iOS,Social,1056,5024,Buy now and save 20%,1648,10
3567,21,M,Mansoura,Instagram,Video,Fashion,0,1,4,2025-01-14 06:22:00,Desktop,Windows,Organic,1045,5067,Limited offer!,1376,6
3568,56,M,Alexandria,Google Ads,Search,Fashion,0,0,3,2025-03-17 13:02:00,Mobile,Windows,Social,1066,5044,Buy now and save 20%,0,7
3569,33,M,Luxor,Instagram,Video,Fashion,0,0,3,2025-03-18 22:28:00,Mobile,iOS,Social,1002,5071,Top-rated gadgets on sale,1240,8
3570,52,M,Cairo,Facebook,Video,Food & Beverage,1,0,27,2025-01-08 12:33:00,Mobile,Windows,Social,1092,5095,Top-rated gadgets on sale,0,9
3571,54,F,Cairo,Facebook,Search,Electronics,0,0,2,2025-01-22 07:21:00,Desktop,Windows,Organic,1020,5039,Buy now and save 20%,0,7
3572,23,M,Giza,Facebook,Display,Gaming,1,0,9,2025-03-26 08:15:00,Desktop,iOS,Social,1015,5034,Order online fast delivery,0,4
3573,35,F,Cairo,YouTube,Display,Electronics,0,1,34,2025-02-07 14:58:00,Desktop,Windows,Organic,1073,5089,Limited offer!,1746,7
3574,27,M,Luxor,Instagram,Display,Fashion,1,0,39,2025-02-02 18:21:00,Mobile,iOS,Paid,1027,5050,Buy now and save 20%,0,3
3575,21,F,Cairo,Facebook,Display,Food & Beverage,1,0,46,2025-02-13 22:01:00,Tablet,iOS,Paid,1080,5100,Limited offer!,0,7
3576,47,M,Giza,Facebook,Display,Food & Beverage,0,1,40,2025-01-12 11:05:00,Tablet,Windows,Paid,1079,5041,Check our new collection,0,4
3577,33,M,Mansoura,Instagram,Display,Food & Beverage,1,0,33,2025-02-25 11:26:00,Mobile,Windows,Organic,1098,5089,Top-rated gadgets on sale,0,3
3578,33,F,Alexandria,Instagram,Display,Electronics,0,0,26,2025-02-19 19:36:00,Desktop,Windows,Paid,1054,5033,Buy now and save 20%,560,3
3579,32,F,Luxor,YouTube,Display,Food & Beverage,0,0,11,2025-01-31 14:28:00,Tablet,iOS,Social,1065,5011,Buy now and save 20%,1405,9
3580,27,M,Cairo,Facebook,Video,Fashion,0,0,32,2025-02-09 16:32:00,Mobile,iOS,Paid,1097,5049,Check our new collection,0,2
3581,28,F,Mansoura,Google Ads,Search,Gaming,1,0,30,2025-02-16 10:28:00,Desktop,Windows,Organic,1073,5031,Top-rated gadgets on sale,0,2
3582,59,M,Giza,Facebook,Display,Food & Beverage,0,1,39,2025-03-13 00:43:00,Tablet,Windows,Social,1002,5028,Book your travel today,0,10
3583,46,F,Giza,Facebook,Display,Travel,0,0,43,2025-01-31 03:42:00,Desktop,Android,Organic,1085,5025,Limited offer!,1590,7
3584,25,F,Alexandria,Google Ads,Display,Food & Beverage,0,0,34,2025-03-28 08:51:00,Desktop,iOS,Social,1065,5066,Book your travel today,0,3
3585,39,F,Luxor,YouTube,Search,Food & Beverage,0,0,48,2025-02-22 01:35:00,Desktop,Android,Organic,1009,5053,Book your travel today,0,8
3586,36,M,Giza,Facebook,Display,Food & Beverage,1,0,48,2025-01-02 09:34:00,Desktop,Windows,Social,1020,5026,Limited offer!,0,6
3587,55,F,Cairo,Facebook,Display,Travel,0,0,3,2025-01-23 14:12:00,Mobile,Windows,Paid,1084,5004,Top-rated gadgets on sale,0,7
3588,47,F,Alexandria,YouTube,Video,Electronics,0,0,49,2025-03-05 12:25:00,Tablet,iOS,Paid,1049,5005,Limited offer!,0,4
3589,28,F,Cairo,Facebook,Video,Electronics,0,1,13,2025-03-23 17:21:00,Mobile,Windows,Social,1071,5033,Check our new collection,0,9
3590,49,F,Giza,Facebook,Display,Food & Beverage,1,1,9,2025-02-06 02:11:00,Tablet,Android,Social,1067,5078,Book your travel today,0,1
3591,53,M,Cairo,Instagram,Display,Food & Beverage,0,0,3,2025-03-21 05:15:00,Desktop,Windows,Organic,1063,5049,Limited offer!,0,3
3592,56,F,Cairo,Facebook,Display,Food & Beverage,0,1,14,2025-03-21 22:52:00,Tablet,Android,Organic,1090,5095,Check our new collection,0,6
3593,30,F,Cairo,Facebook,Video,Fashion,0,0,21,2025-03-12 00:30:00,Mobile,Windows,Paid,1038,5077,Top-rated gadgets on sale,0,7
3594,30,F,Mansoura,Facebook,Display,Gaming,0,0,18,2025-01-06 07:50:00,Desktop,Android,Organic,1000,5009,Book your travel today,0,6
3595,45,F,Cairo,Google Ads,Video,Fashion,0,0,49,2025-01-27 02:19:00,Tablet,Android,Social,1069,5050,Limited offer!,0,3
3596,25,F,Cairo,Google Ads,Display,Electronics,0,0,31,2025-01-13 11:25:00,Tablet,iOS,Paid,1007,5088,Order online fast delivery,0,7
3597,45,M,Alexandria,Facebook,Video,Fashion,1,0,37,2025-02-23 13:25:00,Mobile,Android,Paid,1076,5033,Buy now and save 20%,0,8
3598,23,M,Alexandria,YouTube,Search,Travel,0,0,25,2025-02-11 05:02:00,Mobile,iOS,Social,1071,5089,Buy now and save 20%,653,10
3599,44,F,Giza,Google Ads,Display,Travel,0,0,39,2025-01-28 21:57:00,Tablet,Windows,Organic,1026,5034,Order online fast delivery,0,4
3600,32,M,Giza,Google Ads,Display,Food & Beverage,1,0,9,2025-03-03 02:31:00,Tablet,Android,Organic,1032,5017,Check our new collection,0,1
3601,42,F,Giza,Google Ads,Display,Travel,0,0,24,2025-01-20 11:04:00,Tablet,Windows,Social,1074,5025,Order online fast delivery,0,1
3602,40,F,Mansoura,YouTube,Display,Gaming,0,0,23,2025-01-07 21:40:00,Desktop,Android,Social,1084,5014,Buy now and save 20%,0,10
3603,35,M,Giza,Facebook,Display,Travel,0,0,3,2025-02-02 21:11:00,Tablet,iOS,Paid,1077,5058,Order online fast delivery,0,9
3604,30,M,Cairo,Instagram,Video,Fashion,0,0,5,2025-03-24 20:34:00,Desktop,Android,Organic,1052,5010,Limited offer!,0,6
3605,30,M,Mansoura,Instagram,Video,Fashion,0,0,15,2025-03-04 12:43:00,Desktop,Windows,Social,1048,5051,Top-rated gadgets on sale,0,8
3606,26,F,Aswan,YouTube,Display,Fashion,1,0,27,2025-03-11 17:21:00,Mobile,Android,Social,1098,5009,Check our new collection,0,5
3607,45,M,Giza,Google Ads,Video,Fashion,0,0,24,2025-01-16 02:02:00,Mobile,Android,Organic,1052,5097,Limited offer!,1802,2
3608,26,M,Aswan,Facebook,Video,Fashion,0,0,37,2025-01-19 05:42:00,Desktop,Windows,Organic,1078,5082,Top-rated gadgets on sale,0,8
3609,21,F,Aswan,Google Ads,Display,Gaming,0,0,46,2025-03-27 12:49:00,Tablet,iOS,Organic,1031,5086,Buy now and save 20%,0,4
3610,43,M,Giza,Facebook,Search,Travel,0,0,31,2025-02-09 21:41:00,Tablet,iOS,Organic,1084,5031,Buy now and save 20%,0,2
3611,26,M,Alexandria,YouTube,Display,Fashion,0,0,41,2025-03-15 00:31:00,Desktop,Windows,Paid,1051,5043,Check our new collection,0,5
3612,43,M,Mansoura,YouTube,Video,Electronics,0,0,39,2025-03-29 18:50:00,Mobile,iOS,Organic,1076,5090,Top-rated gadgets on sale,0,9
3613,36,M,Giza,Facebook,Display,Food & Beverage,0,0,42,2025-03-17 04:01:00,Tablet,Android,Organic,1069,5096,Order online fast delivery,0,10
3614,48,F,Luxor,Facebook,Display,Fashion,0,0,6,2025-03-04 07:26:00,Desktop,Windows,Paid,1083,5002,Order online fast delivery,0,9
3615,34,M,Luxor,Google Ads,Video,Food & Beverage,0,1,40,2025-02-18 12:51:00,Tablet,iOS,Organic,1087,5064,Buy now and save 20%,0,8
3616,18,F,Cairo,YouTube,Search,Fashion,0,1,29,2025-01-19 17:32:00,Desktop,Android,Social,1061,5022,Top-rated gadgets on sale,0,10
3617,60,F,Cairo,Google Ads,Display,Gaming,1,0,37,2025-01-28 22:56:00,Desktop,iOS,Social,1003,5040,Limited offer!,0,8
3618,27,M,Giza,Facebook,Display,Electronics,0,0,3,2025-01-25 04:51:00,Tablet,Windows,Paid,1060,5083,Book your travel today,0,9
3619,52,M,Cairo,Facebook,Display,Fashion,0,0,14,2025-03-21 08:16:00,Desktop,iOS,Social,1071,5082,Order online fast delivery,0,2
3620,31,M,Giza,Instagram,Display,Food & Beverage,0,0,43,2025-01-29 10:59:00,Mobile,Android,Paid,1089,5082,Book your travel today,0,6
3621,40,F,Luxor,Instagram,Display,Food & Beverage,0,0,12,2025-02-25 07:00:00,Desktop,iOS,Organic,1012,5070,Book your travel today,0,4
3622,40,F,Cairo,Facebook,Video,Fashion,0,0,43,2025-03-27 15:32:00,Tablet,iOS,Organic,1088,5090,Book your travel today,0,6
3623,33,F,Aswan,Instagram,Display,Electronics,1,0,34,2025-02-06 21:34:00,Mobile,iOS,Social,1053,5070,Check our new collection,0,5
3624,54,F,Alexandria,Facebook,Search,Gaming,0,0,24,2025-01-15 07:38:00,Mobile,Android,Social,1041,5022,Check our new collection,0,3
3625,21,M,Giza,YouTube,Display,Food & Beverage,0,0,11,2025-01-02 10:52:00,Desktop,Android,Organic,1033,5000,Limited offer!,0,3
3626,59,F,Cairo,Facebook,Video,Fashion,0,0,31,2025-02-23 04:43:00,Desktop,iOS,Social,1000,5095,Buy now and save 20%,0,6
3627,41,F,Cairo,Facebook,Display,Electronics,1,0,21,2025-03-09 09:53:00,Desktop,Windows,Social,1024,5011,Limited offer!,0,6
3628,47,M,Giza,Facebook,Display,Fashion,1,0,39,2025-01-30 13:57:00,Tablet,Android,Social,1015,5053,Order online fast delivery,1096,9
3629,41,M,Cairo,Instagram,Display,Fashion,0,1,22,2025-03-20 15:43:00,Mobile,Windows,Organic,1084,5004,Check our new collection,0,9
3630,24,M,Mansoura,Instagram,Display,Fashion,0,0,40,2025-02-18 00:40:00,Tablet,Android,Social,1043,5061,Limited offer!,0,8
3631,25,F,Alexandria,Instagram,Display,Fashion,1,0,17,2025-03-15 14:20:00,Mobile,Android,Social,1010,5046,Buy now and save 20%,0,7
3632,34,M,Giza,Google Ads,Display,Food & Beverage,0,0,47,2025-02-24 04:00:00,Mobile,Android,Social,1066,5076,Buy now and save 20%,0,10
3633,57,M,Mansoura,Instagram,Video,Food & Beverage,0,0,44,2025-01-25 22:14:00,Desktop,iOS,Paid,1013,5028,Book your travel today,0,1
3634,18,F,Cairo,Facebook,Video,Gaming,1,0,28,2025-03-05 18:09:00,Mobile,Android,Organic,1084,5097,Book your travel today,0,5
3635,52,M,Aswan,Facebook,Display,Fashion,1,1,20,2025-02-26 03:43:00,Desktop,Windows,Organic,1018,5011,Buy now and save 20%,0,1
3636,28,M,Luxor,Facebook,Search,Electronics,0,0,6,2025-03-12 11:28:00,Mobile,iOS,Social,1100,5033,Buy now and save 20%,1761,2
3637,28,M,Mansoura,Google Ads,Display,Gaming,1,0,41,2025-01-17 13:12:00,Desktop,Android,Social,1080,5031,Order online fast delivery,0,2
3638,34,M,Cairo,Instagram,Display,Travel,1,0,20,2025-03-23 23:37:00,Desktop,Windows,Organic,1036,5052,Order online fast delivery,0,6
3639,26,M,Luxor,Google Ads,Display,Electronics,0,0,40,2025-03-21 22:08:00,Desktop,iOS,Paid,1030,5077,Limited offer!,0,5
3640,48,M,Luxor,YouTube,Display,Fashion,1,0,12,2025-01-23 20:54:00,Tablet,Windows,Organic,1007,5023,Top-rated gadgets on sale,0,3
3641,22,F,Mansoura,Google Ads,Display,Electronics,0,0,37,2025-01-20 10:08:00,Mobile,Windows,Organic,1045,5053,Limited offer!,0,6
3642,55,M,Mansoura,Google Ads,Display,Travel,1,0,34,2025-03-10 10:22:00,Tablet,Android,Paid,1021,5007,Order online fast delivery,0,10
3643,54,M,Giza,YouTube,Video,Fashion,0,0,30,2025-03-26 13:00:00,Mobile,iOS,Paid,1019,5059,Buy now and save 20%,0,1
3644,25,F,Giza,Google Ads,Search,Fashion,0,0,3,2025-03-24 04:33:00,Desktop,Windows,Social,1100,5042,Check our new collection,0,7
3645,35,M,Cairo,YouTube,Display,Food & Beverage,0,0,46,2025-01-24 17:43:00,Tablet,iOS,Paid,1054,5002,Order online fast delivery,1933,1
3646,46,M,Luxor,Instagram,Display,Food & Beverage,0,0,7,2025-01-22 11:57:00,Tablet,iOS,Paid,1051,5071,Limited offer!,0,9
3647,45,M,Cairo,Instagram,Display,Gaming,0,0,17,2025-01-04 23:11:00,Mobile,iOS,Organic,1075,5095,Top-rated gadgets on sale,0,10
3648,60,F,Mansoura,YouTube,Display,Electronics,0,1,3,2025-03-19 11:25:00,Tablet,Android,Paid,1054,5090,Limited offer!,0,3
3649,27,M,Mansoura,Facebook,Display,Fashion,1,0,40,2025-01-09 06:14:00,Desktop,Windows,Organic,1084,5012,Top-rated gadgets on sale,0,6
3650,26,F,Giza,YouTube,Display,Fashion,1,0,33,2025-02-13 19:54:00,Mobile,iOS,Organic,1031,5076,Book your travel today,0,7
3651,27,F,Luxor,Google Ads,Video,Food & Beverage,1,0,43,2025-03-20 18:19:00,Tablet,Windows,Organic,1020,5053,Top-rated gadgets on sale,0,5
3652,31,M,Cairo,Instagram,Video,Gaming,1,1,42,2025-01-24 12:12:00,Tablet,Windows,Organic,1021,5058,Check our new collection,0,1
3653,23,M,Mansoura,Instagram,Display,Fashion,0,0,39,2025-03-10 11:00:00,Mobile,Windows,Social,1072,5031,Top-rated gadgets on sale,0,1
3654,38,M,Alexandria,YouTube,Video,Travel,0,0,41,2025-01-23 00:33:00,Mobile,Android,Paid,1066,5039,Book your travel today,0,1
3655,32,F,Cairo,Instagram,Display,Food & Beverage,0,0,49,2025-01-16 09:35:00,Desktop,Android,Organic,1054,5082,Order online fast delivery,0,10
3656,45,M,Aswan,Instagram,Display,Food & Beverage,1,0,18,2025-03-04 22:08:00,Tablet,Windows,Organic,1038,5028,Check our new collection,0,3
3657,30,F,Cairo,YouTube,Video,Fashion,1,0,8,2025-01-30 20:44:00,Tablet,Windows,Social,1029,5021,Top-rated gadgets on sale,0,9
3658,56,F,Mansoura,Instagram,Search,Travel,0,0,33,2025-01-07 13:57:00,Desktop,Android,Social,1080,5004,Book your travel today,490,7
3659,59,M,Giza,Instagram,Display,Electronics,1,0,38,2025-03-11 19:14:00,Tablet,Windows,Organic,1080,5094,Buy now and save 20%,0,1
3660,43,F,Luxor,Facebook,Video,Food & Beverage,0,0,11,2025-03-16 10:29:00,Mobile,iOS,Social,1072,5013,Buy now and save 20%,0,7
3661,34,M,Mansoura,YouTube,Search,Electronics,0,0,8,2025-02-28 17:13:00,Tablet,Windows,Social,1055,5030,Book your travel today,0,1
3662,25,F,Cairo,Facebook,Search,Gaming,0,0,11,2025-01-06 05:19:00,Desktop,Windows,Paid,1045,5053,Order online fast delivery,0,6
3663,32,M,Cairo,Instagram,Video,Fashion,0,0,18,2025-03-21 05:35:00,Tablet,iOS,Social,1013,5090,Book your travel today,0,3
3664,20,M,Cairo,Instagram,Display,Food & Beverage,0,0,20,2025-02-17 13:31:00,Mobile,iOS,Organic,1013,5031,Order online fast delivery,0,4
3665,20,F,Cairo,Facebook,Display,Gaming,0,0,41,2025-02-23 00:15:00,Mobile,Android,Paid,1095,5044,Order online fast delivery,0,10
3666,56,F,Cairo,Google Ads,Display,Travel,1,0,6,2025-01-12 15:29:00,Desktop,Windows,Paid,1050,5082,Order online fast delivery,0,3
3667,43,M,Cairo,Google Ads,Video,Food & Beverage,0,0,24,2025-03-26 00:26:00,Tablet,Windows,Social,1092,5005,Book your travel today,0,3
3668,24,F,Cairo,Google Ads,Display,Gaming,0,0,31,2025-02-23 03:22:00,Mobile,Android,Social,1039,5054,Top-rated gadgets on sale,0,5
3669,57,M,Cairo,YouTube,Display,Fashion,0,0,13,2025-03-22 07:32:00,Desktop,Android,Social,1100,5054,Buy now and save 20%,0,3
3670,37,M,Cairo,Google Ads,Video,Electronics,0,0,20,2025-03-10 03:37:00,Tablet,Android,Organic,1036,5033,Buy now and save 20%,0,4
3671,52,M,Alexandria,Facebook,Display,Fashion,0,0,3,2025-02-15 10:47:00,Mobile,iOS,Organic,1084,5071,Order online fast delivery,0,9
3672,52,F,Cairo,Google Ads,Display,Travel,1,0,5,2025-03-20 21:52:00,Mobile,Android,Paid,1045,5073,Limited offer!,0,10
3673,49,M,Alexandria,Facebook,Video,Fashion,1,0,31,2025-01-24 00:48:00,Desktop,Windows,Social,1094,5091,Check our new collection,0,5
3674,51,M,Luxor,Facebook,Video,Electronics,0,0,43,2025-02-09 19:26:00,Tablet,Windows,Paid,1077,5081,Limited offer!,0,1
3675,55,F,Aswan,Instagram,Display,Gaming,1,0,11,2025-01-19 03:45:00,Tablet,iOS,Social,1061,5036,Limited offer!,0,8
3676,33,F,Cairo,Instagram,Video,Electronics,0,1,43,2025-01-01 12:41:00,Mobile,Android,Paid,1086,5009,Limited offer!,0,4
3677,55,M,Giza,Facebook,Display,Food & Beverage,1,0,34,2025-02-14 14:42:00,Mobile,iOS,Social,1083,5024,Check our new collection,139,8
3678,26,M,Cairo,Facebook,Display,Fashion,1,0,8,2025-03-20 05:32:00,Tablet,Android,Paid,1047,5018,Order online fast delivery,0,2
3679,40,M,Luxor,Instagram,Display,Fashion,0,0,38,2025-03-26 18:21:00,Mobile,iOS,Social,1080,5009,Limited offer!,1203,3
3680,44,F,Cairo,YouTube,Video,Travel,0,0,12,2025-02-08 15:34:00,Mobile,iOS,Paid,1015,5004,Book your travel today,0,5
3681,56,M,Luxor,YouTube,Display,Fashion,0,0,7,2025-03-04 11:17:00,Desktop,iOS,Paid,1010,5055,Buy now and save 20%,0,7
3682,38,F,Giza,Google Ads,Display,Travel,0,1,44,2025-01-02 22:33:00,Tablet,Windows,Paid,1073,5007,Top-rated gadgets on sale,0,9
3683,59,M,Luxor,Facebook,Video,Electronics,0,0,15,2025-03-24 07:22:00,Mobile,iOS,Social,1033,5086,Buy now and save 20%,0,5
3684,33,F,Mansoura,Facebook,Search,Travel,0,0,15,2025-02-21 16:12:00,Tablet,iOS,Organic,1071,5023,Book your travel today,0,1
3685,33,M,Cairo,Instagram,Video,Fashion,0,0,30,2025-02-15 06:12:00,Tablet,Windows,Social,1034,5019,Top-rated gadgets on sale,987,1
3686,30,M,Cairo,Facebook,Display,Gaming,0,0,21,2025-01-04 12:49:00,Mobile,Windows,Social,1038,5084,Book your travel today,0,8
3687,30,F,Giza,Google Ads,Display,Fashion,0,0,39,2025-02-16 09:23:00,Mobile,Android,Paid,1031,5084,Book your travel today,0,8
3688,43,M,Giza,Facebook,Display,Gaming,1,0,12,2025-02-09 11:36:00,Mobile,iOS,Social,1011,5090,Order online fast delivery,0,4
3689,32,F,Cairo,Facebook,Search,Food & Beverage,0,0,8,2025-03-09 07:46:00,Tablet,Windows,Paid,1004,5045,Top-rated gadgets on sale,0,10
3690,40,F,Giza,Facebook,Video,Gaming,1,0,3,2025-01-06 16:19:00,Desktop,Android,Paid,1085,5029,Buy now and save 20%,1665,7
3691,46,M,Luxor,Facebook,Video,Electronics,1,0,12,2025-03-09 14:06:00,Desktop,Android,Paid,1039,5078,Order online fast delivery,0,7
3692,55,F,Cairo,YouTube,Search,Travel,0,0,38,2025-02-05 19:44:00,Mobile,Windows,Organic,1088,5031,Book your travel today,0,9
3693,40,M,Aswan,Facebook,Video,Gaming,1,0,46,2025-01-03 01:51:00,Mobile,Android,Organic,1063,5044,Order online fast delivery,0,4
3694,22,M,Giza,Facebook,Search,Travel,0,0,49,2025-02-19 00:53:00,Desktop,Windows,Organic,1029,5097,Order online fast delivery,0,7
3695,41,F,Cairo,Google Ads,Display,Electronics,0,0,11,2025-02-12 11:00:00,Tablet,Android,Organic,1090,5093,Book your travel today,0,2
3696,57,M,Alexandria,Facebook,Video,Gaming,0,0,24,2025-03-23 08:42:00,Mobile,Windows,Organic,1059,5084,Top-rated gadgets on sale,0,9
3697,54,F,Giza,YouTube,Display,Travel,0,0,27,2025-03-12 05:03:00,Desktop,Windows,Social,1068,5021,Limited offer!,0,7
3698,45,M,Giza,Google Ads,Display,Food & Beverage,0,0,29,2025-03-11 05:42:00,Desktop,Android,Social,1064,5047,Buy now and save 20%,0,4
3699,33,M,Giza,Facebook,Display,Travel,0,0,27,2025-01-10 19:55:00,Desktop,iOS,Organic,1039,5097,Limited offer!,0,5
3700,60,F,Giza,Instagram,Display,Electronics,0,0,47,2025-01-17 11:08:00,Tablet,iOS,Organic,1018,5015,Check our new collection,0,7
3701,58,M,Aswan,Google Ads,Video,Fashion,1,0,23,2025-02-16 23:37:00,Desktop,iOS,Social,1053,5043,Book your travel today,0,2
3702,58,F,Cairo,Google Ads,Video,Food & Beverage,0,0,46,2025-01-22 23:10:00,Desktop,Windows,Organic,1021,5013,Top-rated gadgets on sale,0,5
3703,28,M,Giza,Facebook,Video,Fashion,0,0,38,2025-02-10 11:16:00,Tablet,Android,Organic,1052,5006,Order online fast delivery,1893,7
3704,48,F,Aswan,Instagram,Display,Electronics,0,0,38,2025-02-13 04:42:00,Mobile,iOS,Social,1037,5008,Limited offer!,0,5
3705,25,F,Cairo,Google Ads,Search,Electronics,0,0,10,2025-03-03 11:59:00,Tablet,iOS,Paid,1020,5067,Check our new collection,0,6
3706,45,F,Cairo,Google Ads,Search,Food & Beverage,1,0,11,2025-03-02 20:27:00,Desktop,Windows,Organic,1007,5052,Book your travel today,0,8
3707,58,M,Giza,Instagram,Video,Food & Beverage,0,0,20,2025-03-18 05:50:00,Tablet,Android,Organic,1059,5067,Buy now and save 20%,0,8
3708,49,M,Aswan,Google Ads,Display,Gaming,0,0,5,2025-03-17 18:05:00,Mobile,Android,Social,1001,5062,Limited offer!,0,9
3709,56,M,Cairo,Facebook,Search,Travel,0,0,46,2025-02-03 02:28:00,Desktop,iOS,Social,1045,5032,Buy now and save 20%,0,8
3710,22,M,Luxor,Instagram,Video,Gaming,1,0,47,2025-02-13 16:38:00,Tablet,iOS,Organic,1066,5078,Limited offer!,0,5
3711,60,F,Cairo,Instagram,Search,Gaming,0,1,21,2025-03-07 09:30:00,Tablet,Windows,Paid,1091,5062,Order online fast delivery,0,5
3712,27,M,Luxor,Instagram,Display,Fashion,0,0,16,2025-02-24 02:27:00,Desktop,Android,Paid,1011,5035,Limited offer!,0,5
3713,27,M,Giza,Google Ads,Display,Electronics,1,0,27,2025-01-10 21:15:00,Tablet,Windows,Social,1046,5036,Book your travel today,0,7
3714,59,M,Cairo,Instagram,Display,Travel,0,0,48,2025-01-20 18:27:00,Tablet,Windows,Paid,1074,5090,Top-rated gadgets on sale,0,2
3715,48,M,Aswan,YouTube,Video,Gaming,0,0,27,2025-02-21 07:07:00,Tablet,Windows,Organic,1009,5053,Book your travel today,0,5
3716,38,F,Luxor,Google Ads,Display,Gaming,1,0,24,2025-01-17 12:02:00,Tablet,Android,Social,1089,5035,Check our new collection,0,3
3717,28,F,Cairo,Instagram,Display,Food & Beverage,0,0,35,2025-02-01 12:04:00,Tablet,iOS,Social,1000,5054,Buy now and save 20%,0,6
3718,39,M,Giza,Google Ads,Display,Fashion,1,1,4,2025-03-19 19:41:00,Desktop,Android,Social,1000,5038,Book your travel today,0,1
3719,29,F,Cairo,YouTube,Search,Travel,0,0,50,2025-01-28 19:34:00,Desktop,iOS,Organic,1090,5084,Check our new collection,901,2
3720,39,F,Cairo,Facebook,Display,Electronics,0,0,44,2025-02-27 02:28:00,Mobile,Windows,Paid,1041,5092,Top-rated gadgets on sale,0,4
3721,22,F,Alexandria,Facebook,Video,Electronics,0,0,34,2025-02-10 07:53:00,Tablet,Windows,Organic,1018,5017,Limited offer!,0,5
3722,27,F,Alexandria,Facebook,Search,Gaming,0,0,36,2025-01-24 12:29:00,Tablet,Windows,Organic,1015,5037,Buy now and save 20%,0,10
3723,28,F,Cairo,YouTube,Display,Fashion,0,0,21,2025-03-10 05:08:00,Tablet,iOS,Social,1045,5062,Top-rated gadgets on sale,0,3
3724,19,M,Cairo,Facebook,Display,Gaming,0,0,21,2025-02-26 15:31:00,Mobile,Windows,Social,1034,5088,Limited offer!,0,10
3725,53,F,Alexandria,YouTube,Display,Food & Beverage,1,0,23,2025-02-27 08:40:00,Mobile,Windows,Paid,1054,5017,Buy now and save 20%,0,4
3726,21,F,Cairo,YouTube,Display,Electronics,0,0,37,2025-01-22 01:56:00,Tablet,Android,Social,1014,5044,Book your travel today,0,9
3727,31,M,Cairo,Google Ads,Display,Fashion,0,1,35,2025-03-22 18:37:00,Mobile,Windows,Social,1091,5073,Order online fast delivery,0,1
3728,18,F,Cairo,Google Ads,Display,Food & Beverage,0,0,46,2025-03-18 12:49:00,Mobile,Windows,Paid,1068,5096,Buy now and save 20%,0,7
3729,56,M,Giza,Facebook,Video,Electronics,0,0,32,2025-03-06 21:21:00,Desktop,Windows,Organic,1072,5048,Buy now and save 20%,0,1
3730,23,M,Alexandria,Facebook,Video,Fashion,1,0,13,2025-03-14 14:37:00,Tablet,Android,Organic,1072,5085,Limited offer!,0,1
3731,56,F,Giza,Facebook,Video,Fashion,1,0,17,2025-01-19 01:51:00,Mobile,iOS,Social,1078,5094,Buy now and save 20%,0,6
3732,31,M,Mansoura,Facebook,Video,Fashion,0,0,29,2025-01-18 10:11:00,Tablet,Windows,Organic,1051,5073,Limited offer!,1334,7
3733,27,M,Cairo,Google Ads,Display,Electronics,1,0,9,2025-01-12 11:48:00,Tablet,iOS,Social,1093,5037,Limited offer!,0,9
3734,42,M,Luxor,Facebook,Display,Electronics,0,0,23,2025-01-25 05:39:00,Tablet,Android,Paid,1026,5088,Top-rated gadgets on sale,0,5
3735,59,F,Cairo,YouTube,Display,Travel,0,0,15,2025-01-06 10:52:00,Desktop,Android,Organic,1028,5066,Check our new collection,0,7
3736,33,M,Giza,Facebook,Search,Fashion,0,0,27,2025-03-29 07:26:00,Desktop,Android,Social,1023,5053,Order online fast delivery,0,6
3737,35,M,Aswan,Facebook,Video,Electronics,1,0,46,2025-03-22 11:09:00,Tablet,Android,Organic,1097,5031,Order online fast delivery,0,2
3738,35,M,Giza,Instagram,Video,Fashion,0,0,49,2025-01-04 02:08:00,Tablet,Windows,Organic,1028,5083,Check our new collection,0,2
3739,55,F,Cairo,Facebook,Display,Gaming,0,0,41,2025-02-08 01:56:00,Desktop,iOS,Organic,1016,5067,Buy now and save 20%,0,1
3740,54,F,Cairo,Google Ads,Video,Fashion,0,0,33,2025-01-18 15:33:00,Tablet,Windows,Organic,1042,5011,Book your travel today,0,1
3741,52,M,Cairo,Facebook,Search,Food & Beverage,0,0,44,2025-03-24 11:37:00,Mobile,iOS,Paid,1019,5022,Check our new collection,0,8
3742,42,M,Alexandria,YouTube,Video,Food & Beverage,0,0,50,2025-01-23 20:04:00,Tablet,iOS,Organic,1087,5012,Top-rated gadgets on sale,0,10
3743,50,M,Giza,YouTube,Video,Food & Beverage,1,0,16,2025-03-09 09:31:00,Tablet,Windows,Paid,1036,5026,Check our new collection,0,1
3744,44,F,Giza,Google Ads,Display,Food & Beverage,1,0,12,2025-03-17 19:18:00,Mobile,Android,Social,1056,5035,Check our new collection,914,8
3745,58,M,Alexandria,Google Ads,Display,Fashion,0,0,32,2025-01-16 12:56:00,Mobile,Android,Organic,1072,5090,Top-rated gadgets on sale,1237,7
3746,55,F,Cairo,YouTube,Display,Fashion,0,0,5,2025-01-18 03:38:00,Desktop,iOS,Organic,1018,5078,Top-rated gadgets on sale,0,4
3747,59,M,Aswan,Instagram,Video,Electronics,0,0,33,2025-01-23 12:28:00,Desktop,Android,Paid,1059,5014,Limited offer!,0,5
3748,23,M,Aswan,Google Ads,Display,Gaming,0,0,16,2025-01-20 10:08:00,Tablet,iOS,Social,1090,5053,Buy now and save 20%,0,10
3749,46,F,Cairo,Facebook,Display,Food & Beverage,0,0,47,2025-01-30 09:50:00,Desktop,Windows,Paid,1072,5066,Limited offer!,0,5
3750,56,F,Alexandria,Facebook,Display,Electronics,0,0,30,2025-01-18 18:42:00,Tablet,Android,Social,1021,5067,Order online fast delivery,0,7
3751,36,M,Alexandria,YouTube,Display,Travel,0,0,8,2025-01-24 01:06:00,Desktop,iOS,Organic,1054,5094,Book your travel today,0,3
3752,56,F,Cairo,Google Ads,Video,Fashion,1,0,8,2025-03-05 04:16:00,Desktop,Windows,Social,1014,5002,Check our new collection,0,7
3753,45,F,Mansoura,YouTube,Video,Food & Beverage,0,0,7,2025-02-28 17:07:00,Desktop,iOS,Organic,1032,5081,Order online fast delivery,1349,2
3754,44,F,Cairo,Google Ads,Search,Fashion,0,0,39,2025-03-04 00:26:00,Mobile,Windows,Social,1069,5078,Top-rated gadgets on sale,0,1
3755,23,M,Alexandria,Facebook,Video,Fashion,0,1,13,2025-01-27 12:03:00,Tablet,Android,Paid,1062,5059,Order online fast delivery,0,5
3756,42,F,Alexandria,Facebook,Search,Electronics,0,0,17,2025-03-06 02:20:00,Desktop,Windows,Organic,1084,5076,Check our new collection,0,7
3757,32,M,Alexandria,Instagram,Video,Electronics,1,0,48,2025-03-03 18:14:00,Desktop,Android,Social,1035,5087,Limited offer!,0,8
3758,48,F,Giza,Google Ads,Video,Travel,0,0,4,2025-03-24 05:03:00,Mobile,Android,Paid,1081,5095,Buy now and save 20%,0,6
3759,37,M,Alexandria,YouTube,Display,Food & Beverage,1,0,18,2025-01-01 14:55:00,Desktop,iOS,Organic,1061,5062,Book your travel today,1291,3
3760,34,M,Aswan,Instagram,Search,Travel,0,0,37,2025-01-19 10:57:00,Tablet,Windows,Social,1013,5050,Top-rated gadgets on sale,1997,9
3761,33,M,Cairo,Facebook,Video,Food & Beverage,0,1,20,2025-02-05 23:42:00,Desktop,iOS,Social,1080,5066,Top-rated gadgets on sale,0,4
3762,27,F,Alexandria,Instagram,Video,Travel,0,0,25,2025-02-28 11:24:00,Tablet,Windows,Organic,1096,5099,Buy now and save 20%,0,5
3763,23,M,Alexandria,Instagram,Video,Food & Beverage,0,0,21,2025-01-08 21:00:00,Mobile,Windows,Organic,1091,5093,Limited offer!,0,10
3764,25,M,Cairo,Instagram,Video,Food & Beverage,0,0,33,2025-02-03 16:17:00,Tablet,Android,Social,1017,5070,Limited offer!,0,4
3765,32,F,Cairo,Google Ads,Search,Electronics,0,0,23,2025-01-26 06:42:00,Mobile,Android,Social,1066,5057,Order online fast delivery,0,2
3766,56,F,Cairo,Facebook,Video,Fashion,1,0,47,2025-02-06 22:18:00,Desktop,Android,Organic,1028,5080,Limited offer!,0,9
3767,20,M,Giza,Google Ads,Display,Travel,0,0,24,2025-01-03 05:30:00,Tablet,Windows,Social,1054,5071,Buy now and save 20%,0,10
3768,20,F,Cairo,YouTube,Search,Food & Beverage,0,1,31,2025-02-23 22:40:00,Tablet,iOS,Paid,1081,5054,Book your travel today,0,2
3769,45,F,Cairo,YouTube,Display,Travel,1,0,39,2025-02-09 16:15:00,Tablet,Android,Organic,1022,5066,Book your travel today,0,1
3770,36,M,Cairo,Facebook,Display,Electronics,0,1,7,2025-01-24 11:56:00,Desktop,Windows,Organic,1016,5040,Top-rated gadgets on sale,0,9
3771,23,M,Cairo,Instagram,Video,Travel,0,0,37,2025-01-09 07:18:00,Desktop,iOS,Social,1068,5025,Limited offer!,0,10
3772,50,M,Cairo,Facebook,Display,Fashion,0,1,17,2025-03-10 12:30:00,Mobile,iOS,Social,1059,5032,Order online fast delivery,1883,8
3773,39,M,Giza,Instagram,Display,Food & Beverage,0,1,8,2025-02-13 05:27:00,Mobile,iOS,Organic,1019,5021,Top-rated gadgets on sale,0,6
3774,32,F,Giza,Google Ads,Display,Fashion,0,0,27,2025-01-13 16:42:00,Tablet,Windows,Social,1034,5009,Buy now and save 20%,0,6
3775,36,F,Mansoura,Google Ads,Search,Food & Beverage,1,0,46,2025-03-26 21:14:00,Tablet,iOS,Organic,1098,5040,Limited offer!,0,2
3776,29,M,Cairo,Facebook,Display,Travel,1,0,46,2025-02-09 22:43:00,Mobile,Android,Paid,1048,5019,Check our new collection,0,8
3777,26,M,Alexandria,YouTube,Display,Fashion,0,0,20,2025-03-12 13:24:00,Tablet,Windows,Organic,1033,5062,Check our new collection,0,2
3778,44,M,Luxor,YouTube,Display,Food & Beverage,1,0,39,2025-03-31 02:22:00,Tablet,Android,Social,1071,5058,Book your travel today,0,7
3779,26,F,Giza,Instagram,Video,Food & Beverage,0,0,48,2025-01-14 14:54:00,Mobile,iOS,Organic,1037,5079,Order online fast delivery,0,2
3780,33,M,Cairo,Google Ads,Video,Electronics,1,0,5,2025-02-24 04:32:00,Tablet,Android,Social,1090,5050,Check our new collection,0,3
3781,34,F,Mansoura,Facebook,Display,Food & Beverage,0,0,23,2025-02-20 15:53:00,Desktop,Windows,Social,1050,5091,Limited offer!,0,7
3782,42,M,Cairo,Facebook,Display,Electronics,0,0,41,2025-02-23 03:50:00,Tablet,Android,Organic,1024,5073,Limited offer!,1114,9
3783,57,M,Giza,Facebook,Display,Gaming,1,0,46,2025-01-01 02:00:00,Tablet,iOS,Organic,1011,5011,Check our new collection,0,1
3784,47,M,Alexandria,Facebook,Display,Gaming,0,0,46,2025-02-14 07:39:00,Mobile,Windows,Social,1081,5048,Order online fast delivery,0,8
3785,30,F,Aswan,Facebook,Video,Food & Beverage,0,0,30,2025-03-19 22:04:00,Mobile,Android,Organic,1023,5088,Order online fast delivery,0,3
3786,49,M,Cairo,Facebook,Display,Fashion,0,0,30,2025-03-28 06:33:00,Mobile,iOS,Social,1037,5042,Order online fast delivery,1301,6
3787,24,M,Aswan,Facebook,Display,Travel,0,0,36,2025-01-20 05:01:00,Desktop,Android,Organic,1091,5071,Top-rated gadgets on sale,1619,1
3788,43,F,Mansoura,Instagram,Video,Electronics,1,0,50,2025-02-01 13:02:00,Mobile,Windows,Paid,1020,5090,Order online fast delivery,297,10
3789,21,F,Luxor,YouTube,Display,Travel,1,0,9,2025-01-29 05:43:00,Mobile,Android,Organic,1068,5068,Order online fast delivery,0,5
3790,42,M,Cairo,Instagram,Display,Travel,1,0,46,2025-01-09 07:43:00,Tablet,iOS,Paid,1092,5026,Buy now and save 20%,0,10
3791,53,M,Alexandria,Google Ads,Display,Electronics,0,0,36,2025-03-27 20:09:00,Tablet,iOS,Social,1066,5041,Top-rated gadgets on sale,0,5
3792,20,F,Giza,Facebook,Video,Electronics,0,0,16,2025-02-21 20:25:00,Desktop,Android,Social,1018,5048,Buy now and save 20%,0,4
3793,20,F,Cairo,YouTube,Display,Travel,0,0,30,2025-03-26 11:58:00,Mobile,iOS,Organic,1082,5048,Top-rated gadgets on sale,0,1
3794,37,F,Alexandria,Facebook,Display,Travel,0,0,5,2025-01-06 21:15:00,Mobile,iOS,Organic,1073,5059,Order online fast delivery,0,5
3795,42,F,Mansoura,Facebook,Search,Travel,0,0,9,2025-03-20 08:02:00,Desktop,Android,Social,1080,5082,Buy now and save 20%,0,2
3796,28,F,Mansoura,Facebook,Video,Gaming,1,0,23,2025-02-05 00:59:00,Mobile,Windows,Organic,1045,5068,Order online fast delivery,0,4
3797,28,F,Cairo,YouTube,Video,Food & Beverage,1,0,8,2025-03-08 06:24:00,Mobile,iOS,Paid,1057,5087,Book your travel today,0,5
3798,51,M,Luxor,Facebook,Video,Fashion,0,0,17,2025-03-14 10:43:00,Tablet,Android,Social,1079,5028,Book your travel today,0,5
3799,21,F,Cairo,Facebook,Display,Fashion,1,0,34,2025-03-28 01:39:00,Desktop,Android,Social,1097,5047,Order online fast delivery,0,7
3800,32,F,Luxor,Facebook,Display,Food & Beverage,0,0,22,2025-03-09 18:25:00,Tablet,iOS,Social,1001,5096,Check our new collection,0,2
3801,47,M,Cairo,YouTube,Display,Fashion,1,0,18,2025-01-20 21:00:00,Desktop,Windows,Organic,1035,5055,Book your travel today,0,9
3802,19,M,Cairo,Facebook,Display,Electronics,0,0,30,2025-02-16 15:02:00,Mobile,Windows,Paid,1090,5043,Check our new collection,0,10
3803,40,F,Cairo,Google Ads,Display,Food & Beverage,0,0,32,2025-03-24 13:15:00,Desktop,iOS,Organic,1040,5027,Limited offer!,0,3
3804,33,M,Alexandria,YouTube,Display,Electronics,1,0,37,2025-02-18 00:45:00,Desktop,Android,Organic,1052,5028,Order online fast delivery,0,8
3805,23,F,Luxor,Facebook,Video,Food & Beverage,0,0,11,2025-01-31 22:10:00,Desktop,Windows,Paid,1080,5076,Top-rated gadgets on sale,0,9
3806,51,F,Aswan,Facebook,Display,Electronics,0,0,26,2025-01-27 04:34:00,Mobile,iOS,Paid,1017,5040,Check our new collection,901,5
3807,59,F,Aswan,Google Ads,Video,Travel,0,0,12,2025-01-03 17:42:00,Mobile,Windows,Organic,1070,5040,Top-rated gadgets on sale,0,7
3808,47,M,Luxor,Instagram,Display,Fashion,1,0,14,2025-03-09 05:56:00,Desktop,iOS,Social,1053,5070,Book your travel today,0,3
3809,46,F,Cairo,YouTube,Video,Gaming,0,0,43,2025-03-18 16:15:00,Tablet,Android,Social,1066,5056,Limited offer!,0,4
3810,42,M,Cairo,Facebook,Display,Travel,0,0,31,2025-02-25 12:15:00,Desktop,Windows,Social,1052,5084,Check our new collection,0,7
3811,45,F,Aswan,Facebook,Video,Fashion,0,1,12,2025-01-03 11:06:00,Tablet,Android,Organic,1039,5076,Buy now and save 20%,0,3
3812,43,M,Alexandria,Instagram,Video,Electronics,0,0,5,2025-01-30 18:31:00,Mobile,Windows,Social,1084,5076,Buy now and save 20%,0,4
3813,49,M,Aswan,Google Ads,Video,Food & Beverage,0,0,50,2025-03-11 02:25:00,Tablet,Android,Organic,1006,5096,Top-rated gadgets on sale,0,10
3814,51,M,Cairo,Instagram,Display,Food & Beverage,0,0,27,2025-02-09 06:51:00,Tablet,Android,Social,1073,5076,Check our new collection,0,8
3815,51,M,Giza,YouTube,Search,Fashion,0,1,40,2025-01-22 18:32:00,Tablet,Windows,Organic,1089,5066,Check our new collection,0,1
3816,59,F,Aswan,YouTube,Video,Fashion,0,0,48,2025-03-18 09:25:00,Mobile,Android,Paid,1042,5083,Order online fast delivery,0,4
3817,45,F,Cairo,Google Ads,Display,Fashion,1,0,48,2025-02-11 08:23:00,Mobile,iOS,Social,1073,5053,Check our new collection,0,10
3818,33,M,Cairo,Instagram,Display,Fashion,1,0,20,2025-03-26 17:15:00,Tablet,Windows,Social,1088,5046,Limited offer!,0,8
3819,49,M,Cairo,Google Ads,Display,Food & Beverage,0,0,44,2025-03-07 15:13:00,Mobile,iOS,Paid,1057,5100,Top-rated gadgets on sale,0,8
3820,36,M,Aswan,Google Ads,Video,Electronics,0,0,32,2025-01-19 00:19:00,Tablet,Android,Paid,1030,5057,Check our new collection,0,9
3821,52,M,Giza,Instagram,Search,Food & Beverage,0,1,24,2025-03-14 07:30:00,Tablet,iOS,Organic,1037,5100,Limited offer!,0,10
3822,39,M,Aswan,Facebook,Display,Electronics,0,0,49,2025-02-18 21:51:00,Desktop,iOS,Organic,1083,5027,Order online fast delivery,0,5
3823,31,F,Alexandria,Facebook,Search,Fashion,0,0,29,2025-03-14 10:59:00,Mobile,Windows,Social,1001,5098,Limited offer!,0,1
3824,34,M,Cairo,Google Ads,Search,Gaming,0,0,12,2025-01-09 17:15:00,Tablet,Windows,Organic,1089,5096,Order online fast delivery,0,2
3825,45,M,Luxor,Facebook,Display,Food & Beverage,0,0,48,2025-03-26 09:25:00,Mobile,iOS,Paid,1046,5052,Order online fast delivery,0,5
3826,41,M,Cairo,Google Ads,Video,Fashion,0,0,30,2025-01-05 18:01:00,Desktop,Android,Organic,1037,5100,Check our new collection,0,3
3827,39,M,Alexandria,Google Ads,Video,Travel,0,1,34,2025-01-23 17:57:00,Mobile,Windows,Organic,1094,5025,Check our new collection,0,1
3828,44,F,Cairo,Facebook,Display,Fashion,0,0,13,2025-03-30 10:26:00,Tablet,iOS,Organic,1061,5051,Limited offer!,0,2
3829,57,F,Luxor,Google Ads,Display,Electronics,0,0,17,2025-01-24 11:03:00,Tablet,Windows,Social,1077,5047,Buy now and save 20%,0,5
3830,38,M,Cairo,YouTube,Display,Travel,1,0,9,2025-03-25 22:24:00,Desktop,iOS,Organic,1043,5055,Limited offer!,0,8
3831,57,F,Cairo,Instagram,Video,Food & Beverage,1,0,12,2025-02-25 10:44:00,Desktop,Windows,Paid,1024,5056,Top-rated gadgets on sale,0,6
3832,54,M,Luxor,Facebook,Video,Food & Beverage,1,1,20,2025-03-12 11:56:00,Mobile,iOS,Paid,1075,5079,Book your travel today,0,3
3833,56,M,Cairo,Facebook,Display,Fashion,1,0,46,2025-02-08 23:04:00,Desktop,iOS,Social,1018,5036,Buy now and save 20%,0,3
3834,46,M,Alexandria,Google Ads,Video,Electronics,0,0,13,2025-02-17 15:28:00,Tablet,iOS,Organic,1050,5099,Check our new collection,0,3
3835,55,F,Cairo,Instagram,Display,Fashion,0,0,31,2025-03-31 07:06:00,Tablet,Android,Organic,1023,5063,Top-rated gadgets on sale,1644,4
3836,43,M,Aswan,Instagram,Display,Travel,0,0,49,2025-03-17 11:53:00,Mobile,Windows,Organic,1087,5021,Check our new collection,0,5
3837,51,F,Giza,Google Ads,Video,Gaming,0,0,7,2025-02-26 21:58:00,Desktop,iOS,Paid,1031,5012,Limited offer!,0,10
3838,26,M,Giza,YouTube,Search,Fashion,0,0,43,2025-03-26 08:39:00,Mobile,iOS,Organic,1034,5065,Top-rated gadgets on sale,0,7
3839,45,M,Cairo,Facebook,Video,Fashion,0,0,29,2025-03-03 09:53:00,Mobile,Android,Social,1029,5077,Top-rated gadgets on sale,0,6
3840,55,M,Cairo,Instagram,Video,Food & Beverage,0,0,24,2025-01-25 17:30:00,Desktop,Android,Organic,1050,5007,Top-rated gadgets on sale,0,7
3841,56,M,Cairo,Facebook,Video,Food & Beverage,1,0,27,2025-01-16 00:14:00,Desktop,Android,Organic,1003,5058,Buy now and save 20%,0,7
3842,19,M,Cairo,Instagram,Display,Gaming,0,0,7,2025-02-04 00:08:00,Tablet,iOS,Organic,1072,5004,Book your travel today,0,10
3843,18,F,Cairo,Facebook,Display,Gaming,0,0,6,2025-02-28 02:17:00,Mobile,Windows,Social,1028,5056,Buy now and save 20%,0,6
3844,29,F,Cairo,Facebook,Display,Electronics,0,1,43,2025-01-13 17:46:00,Mobile,Android,Paid,1069,5044,Book your travel today,1495,4
3845,49,M,Giza,Facebook,Video,Travel,0,0,24,2025-02-17 02:27:00,Tablet,Android,Paid,1030,5045,Limited offer!,0,5
3846,24,M,Cairo,Facebook,Display,Food & Beverage,0,0,17,2025-03-03 00:18:00,Tablet,iOS,Social,1072,5086,Order online fast delivery,0,6
3847,33,M,Cairo,Google Ads,Search,Fashion,1,0,17,2025-03-19 06:35:00,Tablet,Android,Social,1046,5093,Limited offer!,0,10
3848,28,F,Cairo,Google Ads,Display,Food & Beverage,1,1,21,2025-03-24 02:35:00,Tablet,Windows,Paid,1077,5047,Book your travel today,0,5
3849,57,M,Mansoura,Facebook,Display,Fashion,0,0,16,2025-01-03 23:16:00,Desktop,iOS,Paid,1096,5029,Limited offer!,0,10
3850,30,F,Cairo,Instagram,Display,Gaming,0,0,3,2025-02-05 11:39:00,Tablet,Android,Paid,1031,5059,Check our new collection,0,4
3851,55,F,Cairo,Google Ads,Video,Food & Beverage,1,0,13,2025-01-14 23:14:00,Desktop,Windows,Paid,1022,5089,Top-rated gadgets on sale,1704,9
3852,42,F,Alexandria,Instagram,Search,Electronics,0,0,30,2025-03-10 08:40:00,Tablet,iOS,Social,1018,5100,Check our new collection,0,5
3853,26,M,Alexandria,Facebook,Display,Gaming,1,0,27,2025-02-09 15:18:00,Desktop,Windows,Social,1019,5081,Book your travel today,0,1
3854,44,F,Cairo,Facebook,Display,Fashion,1,0,18,2025-03-25 11:00:00,Mobile,Android,Paid,1032,5023,Buy now and save 20%,1929,9
3855,46,M,Giza,Facebook,Display,Electronics,0,0,47,2025-03-03 20:44:00,Desktop,Android,Social,1066,5021,Order online fast delivery,0,3
3856,57,M,Cairo,Instagram,Video,Fashion,0,0,7,2025-01-23 21:42:00,Tablet,iOS,Organic,1012,5020,Buy now and save 20%,0,5
3857,34,M,Mansoura,Facebook,Video,Travel,1,0,31,2025-02-28 23:24:00,Tablet,Android,Social,1064,5044,Limited offer!,706,2
3858,18,F,Alexandria,Facebook,Search,Travel,1,1,5,2025-03-07 14:10:00,Desktop,Windows,Paid,1056,5051,Buy now and save 20%,0,2
3859,47,M,Giza,Instagram,Video,Fashion,0,0,32,2025-02-08 12:59:00,Mobile,Android,Organic,1023,5067,Top-rated gadgets on sale,0,8
3860,44,M,Aswan,Instagram,Search,Travel,1,0,30,2025-01-09 09:18:00,Desktop,Windows,Paid,1063,5028,Buy now and save 20%,0,7
3861,50,M,Mansoura,YouTube,Search,Electronics,0,1,23,2025-02-14 19:17:00,Mobile,iOS,Paid,1015,5041,Book your travel today,0,3
3862,54,F,Aswan,Instagram,Video,Electronics,1,0,4,2025-02-17 03:04:00,Desktop,Android,Paid,1084,5024,Check our new collection,219,8
3863,60,F,Cairo,Google Ads,Display,Food & Beverage,1,1,26,2025-02-24 05:59:00,Tablet,Windows,Social,1080,5028,Check our new collection,0,4
3864,52,M,Alexandria,Instagram,Display,Food & Beverage,0,0,24,2025-02-16 12:57:00,Tablet,Windows,Paid,1032,5023,Book your travel today,0,2
3865,27,F,Aswan,Google Ads,Display,Electronics,1,0,28,2025-02-26 14:08:00,Mobile,Android,Organic,1052,5086,Buy now and save 20%,0,1
3866,19,M,Mansoura,Google Ads,Display,Travel,0,0,29,2025-01-12 07:08:00,Tablet,iOS,Organic,1069,5014,Buy now and save 20%,0,1
3867,50,F,Mansoura,Instagram,Search,Electronics,0,1,46,2025-01-26 17:17:00,Desktop,Windows,Organic,1021,5073,Limited offer!,1017,10
3868,22,M,Luxor,Instagram,Video,Food & Beverage,0,0,23,2025-03-29 17:50:00,Desktop,Android,Paid,1087,5066,Check our new collection,0,9
3869,45,F,Mansoura,Google Ads,Video,Food & Beverage,0,0,39,2025-02-25 02:06:00,Desktop,Android,Organic,1075,5056,Order online fast delivery,173,8
3870,22,F,Alexandria,Facebook,Display,Travel,0,0,49,2025-01-23 01:58:00,Mobile,iOS,Social,1054,5000,Top-rated gadgets on sale,0,10
3871,23,M,Cairo,Instagram,Display,Electronics,0,1,34,2025-01-04 14:06:00,Tablet,Android,Paid,1071,5059,Book your travel today,0,4
3872,42,M,Aswan,Instagram,Video,Electronics,0,0,18,2025-02-14 05:31:00,Tablet,Windows,Paid,1033,5079,Order online fast delivery,0,10
3873,44,M,Cairo,Facebook,Display,Electronics,0,1,15,2025-01-26 10:45:00,Tablet,iOS,Paid,1048,5042,Buy now and save 20%,0,5
3874,21,F,Aswan,Instagram,Search,Gaming,0,0,40,2025-01-26 19:20:00,Mobile,Windows,Organic,1009,5081,Book your travel today,0,2
3875,26,F,Cairo,Instagram,Display,Travel,1,0,18,2025-01-29 03:06:00,Tablet,Windows,Paid,1000,5098,Order online fast delivery,0,4
3876,29,F,Mansoura,Instagram,Search,Fashion,0,1,45,2025-01-26 03:23:00,Desktop,iOS,Paid,1021,5068,Top-rated gadgets on sale,0,9
3877,26,M,Cairo,Facebook,Display,Gaming,0,0,28,2025-03-29 01:11:00,Mobile,Windows,Social,1088,5005,Check our new collection,1875,4
3878,48,M,Giza,Google Ads,Display,Food & Beverage,0,0,43,2025-01-23 13:02:00,Mobile,Windows,Organic,1046,5023,Book your travel today,0,4
3879,45,F,Mansoura,Instagram,Display,Fashion,1,0,10,2025-03-11 00:48:00,Mobile,iOS,Paid,1069,5053,Buy now and save 20%,0,7
3880,54,M,Cairo,Google Ads,Video,Travel,1,1,20,2025-01-13 09:16:00,Tablet,Windows,Organic,1075,5055,Check our new collection,0,1
3881,44,F,Cairo,Instagram,Video,Electronics,0,0,20,2025-01-29 08:50:00,Desktop,iOS,Social,1072,5003,Check our new collection,0,2
3882,57,M,Aswan,Google Ads,Display,Fashion,1,0,9,2025-02-02 00:39:00,Desktop,iOS,Organic,1044,5071,Book your travel today,0,10
3883,34,F,Giza,Google Ads,Video,Food & Beverage,0,0,23,2025-03-07 22:38:00,Desktop,Windows,Social,1037,5065,Check our new collection,1243,4
3884,37,M,Luxor,Google Ads,Video,Electronics,0,1,9,2025-01-10 22:35:00,Desktop,Windows,Paid,1054,5058,Check our new collection,546,8
3885,54,M,Alexandria,Facebook,Search,Electronics,0,0,38,2025-03-23 10:29:00,Tablet,Windows,Social,1086,5039,Check our new collection,0,9
3886,42,M,Cairo,Instagram,Video,Gaming,0,0,47,2025-01-19 02:58:00,Tablet,Android,Organic,1023,5095,Limited offer!,0,7
3887,54,M,Giza,Facebook,Video,Gaming,0,0,24,2025-01-19 15:13:00,Desktop,iOS,Social,1008,5094,Check our new collection,0,10
3888,59,M,Cairo,Google Ads,Search,Fashion,0,0,9,2025-02-04 16:06:00,Tablet,Android,Paid,1067,5092,Limited offer!,0,2
3889,37,F,Cairo,Google Ads,Display,Gaming,0,0,39,2025-02-04 09:01:00,Desktop,Android,Organic,1040,5029,Top-rated gadgets on sale,0,1
3890,44,F,Alexandria,Facebook,Display,Food & Beverage,0,0,35,2025-03-29 04:49:00,Mobile,Windows,Organic,1081,5073,Order online fast delivery,0,1
3891,42,M,Alexandria,Instagram,Video,Food & Beverage,0,0,19,2025-01-06 00:16:00,Tablet,Android,Paid,1098,5021,Top-rated gadgets on sale,0,3
3892,47,F,Mansoura,Facebook,Video,Electronics,1,0,49,2025-02-21 23:35:00,Mobile,Windows,Paid,1029,5071,Buy now and save 20%,0,4
3893,55,F,Giza,Google Ads,Display,Fashion,1,1,32,2025-01-11 10:44:00,Tablet,iOS,Organic,1081,5050,Book your travel today,0,1
3894,40,M,Alexandria,Instagram,Video,Fashion,1,1,11,2025-02-25 07:47:00,Mobile,Windows,Organic,1086,5080,Buy now and save 20%,0,9
3895,41,F,Alexandria,Google Ads,Video,Food & Beverage,0,0,40,2025-03-30 15:17:00,Tablet,Windows,Social,1094,5100,Check our new collection,223,1
3896,21,M,Giza,Facebook,Display,Fashion,0,0,42,2025-02-25 17:15:00,Mobile,iOS,Paid,1068,5099,Order online fast delivery,0,6
3897,18,F,Aswan,Google Ads,Search,Food & Beverage,0,0,38,2025-02-20 00:01:00,Tablet,iOS,Paid,1036,5075,Book your travel today,0,2
3898,51,M,Luxor,Google Ads,Video,Fashion,0,1,32,2025-02-26 07:28:00,Mobile,Windows,Organic,1061,5072,Buy now and save 20%,0,10
3899,51,F,Luxor,YouTube,Display,Travel,0,0,32,2025-01-24 00:20:00,Tablet,iOS,Organic,1091,5092,Top-rated gadgets on sale,0,9
3900,37,F,Luxor,Facebook,Video,Electronics,1,0,16,2025-03-12 23:03:00,Tablet,Android,Social,1044,5014,Limited offer!,0,3
3901,28,F,Cairo,YouTube,Display,Electronics,0,1,10,2025-02-02 16:59:00,Mobile,Android,Social,1001,5059,Buy now and save 20%,0,6
3902,43,M,Mansoura,Google Ads,Display,Fashion,0,0,19,2025-03-19 01:25:00,Desktop,iOS,Organic,1058,5083,Check our new collection,0,8
3903,53,F,Cairo,Facebook,Video,Electronics,0,1,8,2025-02-08 00:08:00,Desktop,iOS,Social,1085,5077,Buy now and save 20%,0,8
3904,43,F,Mansoura,Google Ads,Display,Electronics,0,0,47,2025-03-01 05:09:00,Desktop,iOS,Paid,1027,5092,Top-rated gadgets on sale,0,5
3905,60,M,Luxor,YouTube,Video,Gaming,0,0,19,2025-01-12 11:59:00,Tablet,iOS,Social,1046,5036,Order online fast delivery,0,2
3906,54,F,Alexandria,Facebook,Display,Food & Beverage,1,0,46,2025-02-22 20:38:00,Tablet,Android,Paid,1013,5032,Book your travel today,0,3
3907,29,M,Alexandria,Facebook,Display,Travel,1,0,25,2025-03-18 07:30:00,Desktop,Windows,Social,1080,5057,Order online fast delivery,0,7
3908,20,F,Giza,Instagram,Video,Electronics,0,0,40,2025-03-16 21:26:00,Mobile,iOS,Paid,1021,5039,Check our new collection,0,10
3909,36,F,Mansoura,Facebook,Display,Food & Beverage,0,0,10,2025-03-05 05:10:00,Mobile,iOS,Social,1041,5068,Book your travel today,0,4
3910,31,M,Alexandria,Facebook,Video,Fashion,1,1,27,2025-03-27 08:17:00,Mobile,Android,Social,1005,5001,Limited offer!,0,4
3911,38,M,Alexandria,Google Ads,Video,Fashion,0,0,6,2025-01-09 19:10:00,Tablet,iOS,Social,1050,5074,Book your travel today,0,8
3912,57,F,Cairo,YouTube,Search,Electronics,0,0,24,2025-03-15 20:13:00,Desktop,Android,Organic,1085,5088,Buy now and save 20%,1696,6
3913,39,F,Mansoura,Facebook,Video,Travel,1,0,38,2025-02-20 14:42:00,Tablet,iOS,Paid,1097,5052,Limited offer!,0,4
3914,19,M,Giza,Instagram,Search,Travel,0,0,24,2025-02-24 06:59:00,Mobile,iOS,Paid,1083,5031,Order online fast delivery,0,7
3915,23,F,Giza,Instagram,Display,Electronics,0,0,10,2025-02-09 10:40:00,Tablet,iOS,Paid,1086,5093,Limited offer!,0,1
3916,58,F,Alexandria,Facebook,Display,Electronics,1,0,39,2025-01-27 03:36:00,Mobile,Android,Organic,1037,5027,Buy now and save 20%,0,6
3917,42,M,Giza,Facebook,Display,Gaming,1,0,38,2025-01-15 18:16:00,Desktop,Windows,Organic,1043,5011,Top-rated gadgets on sale,0,5
3918,34,F,Luxor,YouTube,Video,Electronics,1,1,36,2025-02-24 20:57:00,Desktop,Windows,Paid,1043,5035,Top-rated gadgets on sale,0,8
3919,30,M,Cairo,Google Ads,Display,Fashion,0,0,29,2025-01-05 18:13:00,Tablet,Windows,Organic,1097,5015,Check our new collection,0,8
3920,18,M,Aswan,Instagram,Video,Gaming,1,1,23,2025-02-04 04:33:00,Mobile,iOS,Social,1008,5067,Limited offer!,0,7
3921,46,F,Giza,Facebook,Video,Electronics,1,1,24,2025-03-14 10:47:00,Desktop,Windows,Organic,1097,5004,Buy now and save 20%,1613,8
3922,54,M,Luxor,Facebook,Display,Food & Beverage,0,1,35,2025-01-17 17:43:00,Tablet,iOS,Paid,1055,5091,Book your travel today,0,7
3923,41,M,Cairo,Instagram,Display,Gaming,0,0,17,2025-02-18 04:24:00,Mobile,Android,Paid,1091,5018,Limited offer!,0,4
3924,27,F,Alexandria,Google Ads,Video,Travel,0,0,30,2025-01-15 14:29:00,Tablet,iOS,Paid,1008,5081,Top-rated gadgets on sale,0,6
3925,30,M,Alexandria,Facebook,Search,Travel,1,0,20,2025-02-20 11:38:00,Tablet,Android,Paid,1086,5080,Check our new collection,0,4
3926,57,F,Luxor,Instagram,Display,Food & Beverage,0,1,50,2025-02-05 20:05:00,Desktop,Windows,Organic,1069,5050,Buy now and save 20%,0,9
3927,57,M,Aswan,YouTube,Display,Fashion,1,0,32,2025-02-02 03:51:00,Desktop,iOS,Social,1074,5015,Limited offer!,0,5
3928,53,M,Cairo,Facebook,Display,Fashion,0,0,6,2025-03-31 12:58:00,Tablet,Android,Organic,1070,5074,Check our new collection,0,6
3929,18,F,Cairo,Facebook,Search,Food & Beverage,1,1,25,2025-02-06 21:25:00,Tablet,iOS,Social,1026,5090,Book your travel today,0,3
3930,46,F,Cairo,Google Ads,Display,Fashion,0,0,25,2025-01-04 15:09:00,Tablet,iOS,Paid,1002,5026,Limited offer!,0,5
3931,28,F,Cairo,YouTube,Display,Fashion,0,0,16,2025-02-10 09:12:00,Tablet,iOS,Social,1065,5061,Buy now and save 20%,0,9
3932,43,F,Mansoura,Facebook,Display,Food & Beverage,1,0,20,2025-02-06 00:34:00,Mobile,Android,Organic,1019,5019,Order online fast delivery,0,8
3933,55,M,Giza,Google Ads,Video,Electronics,1,0,50,2025-03-04 09:25:00,Mobile,Windows,Organic,1087,5058,Buy now and save 20%,0,8
3934,60,M,Giza,Instagram,Display,Food & Beverage,1,0,2,2025-03-11 02:13:00,Tablet,iOS,Paid,1046,5092,Top-rated gadgets on sale,0,2
3935,52,M,Giza,YouTube,Display,Travel,1,1,48,2025-03-16 22:11:00,Mobile,iOS,Paid,1042,5043,Top-rated gadgets on sale,0,1
3936,28,F,Alexandria,Facebook,Video,Food & Beverage,0,0,45,2025-02-14 16:48:00,Tablet,iOS,Paid,1052,5003,Limited offer!,0,8
3937,26,M,Mansoura,Google Ads,Search,Food & Beverage,0,0,42,2025-03-15 01:50:00,Tablet,Windows,Organic,1037,5010,Buy now and save 20%,0,7
3938,47,F,Giza,Google Ads,Video,Food & Beverage,0,1,26,2025-01-13 15:10:00,Desktop,Windows,Paid,1022,5026,Limited offer!,0,8
3939,30,F,Cairo,YouTube,Display,Food & Beverage,1,0,40,2025-03-30 02:59:00,Mobile,Android,Social,1100,5040,Order online fast delivery,0,3
3940,48,M,Giza,YouTube,Display,Gaming,0,0,46,2025-01-13 05:17:00,Desktop,Android,Organic,1049,5069,Book your travel today,0,1
3941,41,F,Luxor,Instagram,Search,Fashion,1,0,19,2025-03-10 09:03:00,Tablet,Windows,Paid,1071,5076,Check our new collection,0,1
3942,43,F,Aswan,Instagram,Video,Gaming,0,0,40,2025-03-29 02:27:00,Tablet,Windows,Paid,1025,5074,Top-rated gadgets on sale,0,7
3943,31,F,Alexandria,Google Ads,Display,Fashion,0,0,6,2025-03-20 23:26:00,Mobile,iOS,Paid,1031,5000,Book your travel today,1253,2
3944,52,F,Alexandria,Instagram,Display,Fashion,1,0,50,2025-01-05 16:12:00,Tablet,Android,Organic,1022,5072,Order online fast delivery,0,9
3945,37,F,Alexandria,YouTube,Search,Fashion,1,0,10,2025-03-04 10:01:00,Desktop,iOS,Organic,1015,5075,Buy now and save 20%,0,5
3946,55,F,Mansoura,YouTube,Display,Food & Beverage,0,0,28,2025-01-29 20:56:00,Tablet,Android,Paid,1061,5088,Limited offer!,0,3
3947,59,F,Giza,Facebook,Search,Food & Beverage,0,0,30,2025-03-31 01:33:00,Desktop,Windows,Organic,1016,5002,Limited offer!,1917,8
3948,46,F,Luxor,Facebook,Display,Food & Beverage,1,0,10,2025-02-20 22:59:00,Tablet,Windows,Organic,1014,5016,Check our new collection,0,10
3949,40,F,Cairo,Instagram,Search,Food & Beverage,1,1,41,2025-03-09 12:19:00,Desktop,Windows,Organic,1079,5018,Check our new collection,0,1
3950,52,M,Alexandria,YouTube,Video,Food & Beverage,0,0,3,2025-02-19 19:36:00,Desktop,iOS,Organic,1003,5072,Check our new collection,0,3
3951,27,F,Giza,Google Ads,Video,Gaming,0,0,25,2025-03-28 18:32:00,Desktop,Android,Paid,1043,5024,Top-rated gadgets on sale,0,8
3952,27,M,Alexandria,Google Ads,Display,Fashion,1,0,47,2025-03-21 05:24:00,Mobile,Android,Social,1004,5078,Limited offer!,1577,1
3953,45,M,Cairo,Facebook,Search,Electronics,1,0,43,2025-03-22 09:14:00,Tablet,Windows,Organic,1070,5003,Book your travel today,0,10
3954,37,M,Cairo,Instagram,Display,Fashion,0,0,18,2025-02-09 01:53:00,Desktop,Windows,Organic,1079,5050,Top-rated gadgets on sale,0,10
3955,40,M,Cairo,Instagram,Display,Fashion,1,0,30,2025-03-03 22:56:00,Desktop,Android,Social,1010,5080,Order online fast delivery,0,7
3956,23,M,Giza,YouTube,Video,Fashion,0,1,7,2025-01-02 12:05:00,Tablet,Android,Organic,1031,5079,Order online fast delivery,0,6
3957,34,M,Cairo,Instagram,Video,Travel,1,1,6,2025-01-15 13:41:00,Desktop,Windows,Organic,1093,5082,Check our new collection,0,6
3958,35,F,Cairo,Facebook,Video,Travel,1,0,41,2025-02-09 18:01:00,Mobile,iOS,Paid,1054,5011,Check our new collection,0,2
3959,23,F,Cairo,Google Ads,Search,Food & Beverage,1,0,25,2025-01-14 16:03:00,Desktop,Android,Organic,1062,5033,Check our new collection,0,5
3960,39,M,Giza,Instagram,Display,Fashion,0,0,6,2025-01-06 23:55:00,Mobile,Android,Paid,1005,5049,Book your travel today,0,1
3961,20,M,Mansoura,Facebook,Video,Travel,0,0,28,2025-01-30 18:06:00,Mobile,Windows,Organic,1088,5064,Book your travel today,0,2
3962,25,F,Luxor,Google Ads,Display,Gaming,0,0,6,2025-01-19 04:26:00,Tablet,iOS,Social,1010,5062,Book your travel today,0,3
3963,41,F,Cairo,Facebook,Display,Food & Beverage,1,1,25,2025-03-28 04:49:00,Mobile,iOS,Organic,1024,5035,Top-rated gadgets on sale,0,1
3964,54,F,Mansoura,Facebook,Video,Food & Beverage,0,0,48,2025-03-25 00:54:00,Mobile,Windows,Organic,1074,5086,Check our new collection,0,10
3965,57,F,Giza,Facebook,Display,Fashion,0,1,27,2025-03-23 01:25:00,Mobile,Android,Paid,1015,5031,Top-rated gadgets on sale,0,9
3966,27,M,Cairo,Instagram,Display,Gaming,0,0,36,2025-01-26 12:05:00,Desktop,iOS,Organic,1001,5006,Top-rated gadgets on sale,0,1
3967,37,M,Aswan,Google Ads,Video,Travel,0,0,33,2025-03-26 10:01:00,Desktop,Windows,Organic,1050,5027,Limited offer!,0,6
3968,23,M,Cairo,Facebook,Search,Gaming,1,0,11,2025-02-08 01:20:00,Tablet,iOS,Social,1007,5098,Check our new collection,0,2
3969,18,M,Luxor,Instagram,Video,Travel,0,0,5,2025-03-29 02:44:00,Tablet,iOS,Social,1041,5097,Check our new collection,0,5
3970,21,F,Cairo,Google Ads,Display,Electronics,0,0,48,2025-02-15 23:36:00,Tablet,Windows,Social,1014,5036,Top-rated gadgets on sale,1047,9
3971,27,F,Giza,Facebook,Search,Travel,0,0,10,2025-03-02 22:54:00,Tablet,Windows,Organic,1009,5030,Top-rated gadgets on sale,0,10
3972,44,F,Aswan,Instagram,Search,Electronics,1,0,3,2025-02-18 14:38:00,Mobile,iOS,Social,1004,5029,Top-rated gadgets on sale,0,8
3973,25,F,Aswan,Instagram,Video,Travel,1,0,15,2025-03-31 22:33:00,Desktop,Android,Organic,1044,5020,Book your travel today,1939,1
3974,25,M,Cairo,Instagram,Video,Electronics,0,0,26,2025-01-12 11:14:00,Tablet,Android,Social,1100,5042,Order online fast delivery,0,10
3975,45,M,Giza,Facebook,Display,Fashion,0,0,12,2025-01-03 23:19:00,Tablet,Android,Paid,1068,5035,Order online fast delivery,0,2
3976,46,M,Cairo,Google Ads,Display,Food & Beverage,0,0,50,2025-01-11 11:13:00,Mobile,iOS,Social,1090,5050,Limited offer!,0,3
3977,21,F,Giza,Google Ads,Display,Food & Beverage,0,0,6,2025-01-24 19:25:00,Desktop,iOS,Paid,1005,5005,Limited offer!,0,3
3978,50,M,Giza,Facebook,Display,Electronics,0,0,20,2025-01-10 21:19:00,Tablet,Windows,Social,1034,5027,Top-rated gadgets on sale,0,7
3979,54,M,Giza,Instagram,Video,Travel,0,0,28,2025-01-10 02:30:00,Mobile,Windows,Organic,1043,5067,Buy now and save 20%,1746,6
3980,58,M,Cairo,Facebook,Video,Electronics,0,0,31,2025-02-26 20:40:00,Desktop,Windows,Organic,1071,5024,Book your travel today,0,7
3981,45,M,Cairo,Facebook,Display,Electronics,0,0,42,2025-01-01 02:27:00,Mobile,Windows,Paid,1006,5062,Book your travel today,0,4
3982,60,F,Cairo,Google Ads,Display,Fashion,0,0,43,2025-01-23 17:46:00,Tablet,Windows,Social,1042,5032,Top-rated gadgets on sale,0,3
3983,44,F,Luxor,YouTube,Search,Gaming,0,0,36,2025-02-24 15:32:00,Desktop,iOS,Organic,1048,5046,Book your travel today,0,4
3984,56,M,Giza,Facebook,Display,Fashion,1,0,34,2025-01-28 04:40:00,Mobile,Windows,Social,1011,5044,Book your travel today,0,5
3985,55,M,Giza,YouTube,Display,Food & Beverage,0,0,43,2025-01-19 14:44:00,Desktop,iOS,Paid,1068,5031,Order online fast delivery,0,5
3986,28,F,Giza,Facebook,Video,Electronics,0,0,50,2025-01-09 13:44:00,Tablet,iOS,Paid,1015,5034,Top-rated gadgets on sale,0,1
3987,38,F,Giza,Instagram,Display,Electronics,0,0,7,2025-01-02 17:31:00,Desktop,Windows,Paid,1004,5044,Check our new collection,0,2
3988,36,F,Giza,YouTube,Video,Food & Beverage,1,0,4,2025-01-16 11:49:00,Mobile,iOS,Paid,1087,5036,Book your travel today,0,2
3989,34,M,Alexandria,Instagram,Display,Travel,1,0,30,2025-02-26 23:15:00,Mobile,Windows,Organic,1090,5088,Buy now and save 20%,0,9
3990,18,F,Cairo,Google Ads,Display,Electronics,0,0,34,2025-01-02 15:12:00,Desktop,iOS,Organic,1055,5005,Check our new collection,0,8
3991,36,M,Cairo,Instagram,Search,Food & Beverage,1,0,38,2025-03-03 08:21:00,Tablet,Windows,Paid,1031,5052,Buy now and save 20%,0,10
3992,20,M,Giza,Instagram,Display,Fashion,1,0,41,2025-01-25 17:27:00,Tablet,Windows,Organic,1007,5031,Order online fast delivery,0,3
3993,35,M,Cairo,Google Ads,Display,Food & Beverage,1,0,17,2025-01-23 00:36:00,Desktop,iOS,Paid,1013,5011,Limited offer!,0,1
3994,33,F,Giza,Google Ads,Display,Electronics,1,0,27,2025-02-28 11:55:00,Desktop,Windows,Organic,1039,5088,Top-rated gadgets on sale,0,7
3995,40,F,Cairo,Facebook,Display,Gaming,1,0,34,2025-01-08 23:53:00,Mobile,iOS,Organic,1059,5008,Check our new collection,0,9
3996,28,M,Luxor,Instagram,Search,Travel,0,1,9,2025-02-08 05:37:00,Tablet,iOS,Organic,1013,5100,Top-rated gadgets on sale,0,10
3997,21,F,Cairo,Instagram,Display,Food & Beverage,1,0,39,2025-01-24 14:42:00,Mobile,Android,Organic,1037,5017,Order online fast delivery,0,1
3998,41,F,Cairo,Facebook,Search,Electronics,0,0,29,2025-03-25 10:10:00,Tablet,Windows,Organic,1090,5097,Order online fast delivery,0,2
3999,32,M,Cairo,Facebook,Display,Food & Beverage,0,0,7,2025-02-22 15:55:00,Mobile,iOS,Organic,1000,5059,Order online fast delivery,0,3
4000,22,M,Giza,Instagram,Video,Electronics,0,0,25,2025-03-28 12:24:00,Tablet,iOS,Organic,1015,5080,Buy now and save 20%,0,2
4001,42,F,Giza,Facebook,Display,Travel,0,0,30,2025-03-28 11:24:00,Mobile,iOS,Social,1015,5052,Check our new collection,144,4
4002,19,F,Cairo,Google Ads,Display,Fashion,1,0,18,2025-03-06 15:42:00,Tablet,Android,Paid,1039,5064,Book your travel today,0,1
4003,23,F,Cairo,Facebook,Display,Fashion,0,1,33,2025-02-15 00:53:00,Desktop,Android,Social,1029,5081,Limited offer!,0,2
4004,36,F,Luxor,Instagram,Video,Food & Beverage,0,0,49,2025-01-18 08:23:00,Tablet,Windows,Paid,1005,5046,Book your travel today,0,5
4005,19,F,Cairo,Facebook,Video,Food & Beverage,1,0,26,2025-03-02 16:53:00,Tablet,iOS,Paid,1077,5061,Check our new collection,0,8
4006,47,M,Aswan,YouTube,Video,Travel,1,0,44,2025-02-20 04:21:00,Mobile,iOS,Paid,1007,5050,Top-rated gadgets on sale,1254,5
4007,20,M,Luxor,YouTube,Search,Fashion,0,0,22,2025-03-15 07:15:00,Mobile,iOS,Organic,1058,5013,Top-rated gadgets on sale,0,6
4008,25,M,Giza,Instagram,Display,Fashion,1,0,5,2025-01-26 07:53:00,Tablet,Android,Organic,1016,5075,Check our new collection,0,6
4009,55,M,Giza,Instagram,Display,Gaming,0,0,30,2025-02-03 13:21:00,Tablet,Windows,Paid,1008,5002,Book your travel today,1661,3
4010,31,F,Giza,Facebook,Video,Food & Beverage,0,0,24,2025-01-17 15:39:00,Desktop,Windows,Social,1059,5048,Book your travel today,0,3
4011,29,F,Cairo,Facebook,Video,Food & Beverage,1,0,6,2025-03-11 01:15:00,Tablet,iOS,Organic,1020,5041,Buy now and save 20%,0,5
4012,40,M,Cairo,Facebook,Display,Food & Beverage,0,0,39,2025-03-27 14:51:00,Mobile,iOS,Paid,1015,5064,Order online fast delivery,0,1
4013,38,M,Cairo,Facebook,Display,Gaming,0,0,30,2025-03-29 11:21:00,Tablet,iOS,Organic,1007,5078,Top-rated gadgets on sale,0,6
4014,44,F,Cairo,Facebook,Search,Food & Beverage,0,0,42,2025-01-17 00:38:00,Tablet,Android,Organic,1029,5084,Buy now and save 20%,0,5
4015,50,F,Giza,Facebook,Display,Electronics,1,0,16,2025-01-22 13:08:00,Tablet,iOS,Organic,1059,5036,Book your travel today,0,8
4016,28,F,Cairo,YouTube,Display,Travel,0,0,16,2025-03-16 12:41:00,Desktop,Android,Organic,1025,5053,Buy now and save 20%,0,1
4017,35,M,Giza,Instagram,Display,Food & Beverage,0,0,32,2025-01-19 00:33:00,Tablet,Windows,Social,1097,5032,Book your travel today,0,5
4018,23,M,Giza,Instagram,Search,Gaming,1,0,24,2025-03-08 02:45:00,Desktop,Android,Organic,1014,5062,Check our new collection,0,3
4019,53,M,Giza,Facebook,Display,Electronics,1,0,46,2025-03-05 11:48:00,Tablet,Android,Organic,1000,5039,Buy now and save 20%,0,4
4020,27,M,Alexandria,Facebook,Display,Electronics,0,0,18,2025-01-15 21:36:00,Mobile,iOS,Paid,1017,5030,Check our new collection,0,9
4021,42,M,Luxor,Google Ads,Search,Food & Beverage,0,0,40,2025-03-06 07:47:00,Tablet,iOS,Paid,1097,5068,Book your travel today,0,6
4022,19,M,Giza,Facebook,Search,Travel,1,0,50,2025-03-14 18:15:00,Tablet,Android,Social,1095,5063,Buy now and save 20%,0,5
4023,35,F,Alexandria,Google Ads,Display,Food & Beverage,0,0,14,2025-02-24 16:57:00,Mobile,Windows,Organic,1000,5048,Check our new collection,715,7
4024,18,F,Giza,Facebook,Display,Electronics,0,0,50,2025-03-30 04:45:00,Tablet,Windows,Paid,1015,5064,Book your travel today,0,9
4025,41,M,Alexandria,Facebook,Video,Gaming,0,0,43,2025-01-27 21:25:00,Desktop,Android,Paid,1023,5036,Top-rated gadgets on sale,0,10
4026,36,M,Mansoura,Instagram,Display,Gaming,0,0,15,2025-01-28 22:01:00,Tablet,iOS,Organic,1058,5030,Book your travel today,330,7
4027,49,M,Luxor,Google Ads,Display,Travel,0,0,24,2025-02-13 10:49:00,Desktop,iOS,Paid,1095,5020,Top-rated gadgets on sale,0,8
4028,40,F,Cairo,Instagram,Display,Fashion,0,0,41,2025-03-02 19:14:00,Tablet,Android,Organic,1093,5066,Top-rated gadgets on sale,0,9
4029,24,F,Cairo,Instagram,Display,Food & Beverage,0,0,8,2025-02-28 00:01:00,Tablet,Windows,Paid,1044,5009,Check our new collection,0,2
4030,32,M,Cairo,Google Ads,Display,Travel,1,0,8,2025-03-13 22:15:00,Mobile,iOS,Social,1095,5071,Buy now and save 20%,0,5
4031,50,F,Cairo,Google Ads,Display,Travel,0,0,15,2025-01-13 06:05:00,Tablet,Android,Organic,1079,5020,Buy now and save 20%,706,10
4032,45,M,Giza,Instagram,Video,Travel,0,0,8,2025-01-04 16:30:00,Mobile,Android,Paid,1084,5051,Order online fast delivery,0,10
4033,45,F,Cairo,Facebook,Display,Food & Beverage,0,0,3,2025-03-26 03:34:00,Mobile,iOS,Organic,1031,5065,Top-rated gadgets on sale,0,3
4034,58,M,Aswan,YouTube,Search,Food & Beverage,1,0,28,2025-03-06 17:38:00,Tablet,Android,Social,1033,5015,Top-rated gadgets on sale,0,4
4035,20,F,Cairo,Facebook,Video,Electronics,1,0,5,2025-03-24 05:00:00,Tablet,Windows,Paid,1036,5040,Book your travel today,0,4
4036,28,F,Giza,Facebook,Search,Gaming,0,0,13,2025-03-16 11:49:00,Tablet,iOS,Social,1025,5046,Limited offer!,0,7
4037,38,F,Alexandria,Instagram,Search,Travel,0,1,32,2025-02-20 02:50:00,Mobile,Windows,Organic,1005,5005,Check our new collection,0,8
4038,24,M,Cairo,Facebook,Video,Gaming,1,0,37,2025-03-16 15:12:00,Tablet,Windows,Organic,1040,5024,Order online fast delivery,0,2
4039,54,F,Aswan,Google Ads,Video,Food & Beverage,0,0,25,2025-01-01 03:51:00,Tablet,Android,Paid,1063,5087,Top-rated gadgets on sale,0,3
4040,41,F,Giza,Instagram,Display,Fashion,1,1,50,2025-02-03 11:59:00,Tablet,Windows,Paid,1060,5074,Limited offer!,0,2
4041,20,M,Cairo,Google Ads,Video,Food & Beverage,1,0,46,2025-02-26 20:55:00,Mobile,iOS,Organic,1005,5078,Book your travel today,0,1
4042,36,F,Giza,Google Ads,Display,Fashion,0,0,10,2025-03-13 04:48:00,Desktop,Android,Social,1055,5040,Buy now and save 20%,0,8
4043,50,M,Cairo,YouTube,Video,Gaming,1,1,28,2025-02-20 00:43:00,Tablet,Android,Paid,1090,5089,Limited offer!,0,4
4044,18,F,Mansoura,Google Ads,Video,Gaming,1,0,26,2025-02-14 16:48:00,Tablet,Windows,Paid,1058,5056,Buy now and save 20%,0,1
4045,43,F,Alexandria,Facebook,Video,Electronics,1,1,30,2025-02-02 08:48:00,Tablet,Android,Social,1068,5042,Top-rated gadgets on sale,0,6
4046,47,F,Giza,Google Ads,Display,Electronics,1,0,14,2025-03-25 07:30:00,Desktop,Android,Paid,1076,5000,Limited offer!,0,4
4047,38,M,Giza,Instagram,Display,Travel,0,1,47,2025-03-08 14:01:00,Tablet,Windows,Social,1023,5034,Order online fast delivery,0,7
4048,23,M,Cairo,YouTube,Display,Food & Beverage,0,0,44,2025-02-06 05:58:00,Desktop,Windows,Paid,1026,5004,Buy now and save 20%,0,9
4049,22,F,Aswan,Facebook,Video,Gaming,1,0,9,2025-03-19 22:51:00,Mobile,iOS,Organic,1034,5084,Top-rated gadgets on sale,0,5
4050,54,F,Aswan,Instagram,Display,Food & Beverage,0,0,12,2025-01-26 10:08:00,Desktop,iOS,Organic,1010,5034,Top-rated gadgets on sale,0,8
4051,42,M,Cairo,YouTube,Video,Electronics,0,0,25,2025-01-15 11:40:00,Desktop,Windows,Social,1055,5088,Buy now and save 20%,0,1
4052,28,M,Giza,Instagram,Display,Electronics,1,0,10,2025-02-27 12:48:00,Desktop,Windows,Paid,1039,5052,Check our new collection,0,2
4053,19,F,Aswan,Facebook,Search,Electronics,0,0,37,2025-02-18 04:44:00,Desktop,Windows,Paid,1080,5072,Top-rated gadgets on sale,1094,2
4054,34,F,Aswan,Google Ads,Video,Travel,0,0,3,2025-02-08 13:24:00,Desktop,Windows,Paid,1031,5003,Order online fast delivery,0,3
4055,39,F,Luxor,Facebook,Search,Food & Beverage,0,0,28,2025-03-04 10:34:00,Tablet,Windows,Social,1032,5011,Check our new collection,0,6
4056,37,M,Luxor,Facebook,Video,Food & Beverage,0,0,18,2025-02-01 05:51:00,Tablet,Android,Paid,1028,5032,Top-rated gadgets on sale,0,10
4057,21,M,Mansoura,YouTube,Display,Travel,0,0,39,2025-02-17 16:17:00,Mobile,Windows,Social,1065,5032,Top-rated gadgets on sale,0,9
4058,47,M,Cairo,Facebook,Video,Food & Beverage,0,0,16,2025-02-10 02:59:00,Desktop,Android,Paid,1035,5049,Check our new collection,0,8
4059,46,M,Giza,Facebook,Display,Gaming,0,0,26,2025-02-04 12:03:00,Mobile,Windows,Organic,1025,5019,Order online fast delivery,0,10
4060,50,F,Alexandria,Facebook,Display,Fashion,0,0,20,2025-03-26 21:31:00,Tablet,Windows,Social,1044,5077,Top-rated gadgets on sale,0,4
4061,47,M,Giza,Instagram,Display,Fashion,0,0,24,2025-02-09 19:12:00,Tablet,Android,Paid,1005,5055,Book your travel today,0,7
4062,37,M,Mansoura,YouTube,Display,Travel,0,0,23,2025-02-28 09:56:00,Tablet,Windows,Social,1068,5046,Buy now and save 20%,1056,1
4063,33,M,Cairo,Google Ads,Search,Gaming,1,0,43,2025-03-16 04:08:00,Tablet,Android,Paid,1050,5083,Book your travel today,0,4
4064,56,F,Cairo,Google Ads,Video,Travel,0,1,48,2025-01-18 12:30:00,Desktop,Android,Social,1070,5072,Top-rated gadgets on sale,0,10
4065,31,M,Giza,YouTube,Display,Food & Beverage,1,0,32,2025-02-17 06:48:00,Tablet,iOS,Paid,1093,5029,Limited offer!,0,10
4066,24,M,Cairo,Instagram,Search,Food & Beverage,0,0,16,2025-03-29 18:27:00,Tablet,iOS,Paid,1096,5027,Check our new collection,0,2
4067,31,M,Cairo,YouTube,Display,Gaming,0,0,43,2025-02-01 13:44:00,Mobile,iOS,Paid,1092,5025,Check our new collection,0,1
4068,30,F,Aswan,Facebook,Video,Food & Beverage,1,0,30,2025-01-27 08:06:00,Mobile,Android,Social,1055,5080,Book your travel today,0,5
4069,33,F,Luxor,Facebook,Search,Food & Beverage,1,1,5,2025-02-23 00:33:00,Tablet,Windows,Social,1090,5002,Check our new collection,0,6
4070,31,F,Mansoura,Facebook,Search,Food & Beverage,1,0,50,2025-03-01 19:56:00,Mobile,iOS,Paid,1008,5050,Limited offer!,208,2
4071,28,F,Cairo,Instagram,Display,Gaming,0,0,11,2025-02-02 08:54:00,Desktop,iOS,Social,1094,5014,Book your travel today,0,4
4072,33,F,Luxor,Instagram,Display,Food & Beverage,0,0,10,2025-03-08 06:13:00,Tablet,iOS,Organic,1011,5028,Book your travel today,0,10
4073,25,F,Aswan,Google Ads,Display,Fashion,1,0,7,2025-02-07 13:49:00,Mobile,Android,Social,1049,5055,Buy now and save 20%,0,2
4074,18,F,Cairo,Facebook,Display,Food & Beverage,1,1,35,2025-01-12 16:59:00,Tablet,Android,Social,1091,5090,Order online fast delivery,0,6
4075,42,F,Luxor,Google Ads,Display,Food & Beverage,0,0,47,2025-01-27 15:57:00,Tablet,Windows,Organic,1020,5097,Check our new collection,0,7
4076,40,F,Cairo,YouTube,Display,Electronics,0,0,24,2025-01-21 22:07:00,Tablet,iOS,Social,1060,5072,Buy now and save 20%,0,8
4077,25,F,Cairo,Facebook,Display,Food & Beverage,1,0,8,2025-01-12 16:30:00,Mobile,Windows,Paid,1058,5053,Check our new collection,0,9
4078,28,M,Cairo,Facebook,Display,Food & Beverage,1,0,42,2025-02-04 18:04:00,Mobile,Windows,Organic,1100,5021,Top-rated gadgets on sale,0,4
4079,46,M,Aswan,Instagram,Video,Fashion,0,0,20,2025-02-22 20:40:00,Desktop,Android,Organic,1027,5095,Book your travel today,0,1
4080,59,M,Luxor,Instagram,Display,Fashion,1,0,24,2025-01-07 11:02:00,Desktop,Android,Organic,1061,5074,Check our new collection,0,6
4081,42,F,Cairo,Google Ads,Video,Fashion,1,0,7,2025-01-17 03:57:00,Desktop,Android,Organic,1093,5030,Limited offer!,0,9
4082,41,M,Cairo,Facebook,Video,Gaming,0,0,24,2025-02-17 14:20:00,Desktop,Android,Organic,1059,5036,Limited offer!,0,5
4083,55,M,Aswan,Facebook,Video,Travel,1,0,34,2025-01-29 16:37:00,Mobile,Android,Social,1050,5063,Buy now and save 20%,0,6
4084,55,M,Mansoura,Instagram,Display,Fashion,1,0,14,2025-01-04 09:03:00,Tablet,Windows,Paid,1082,5074,Order online fast delivery,0,6
4085,55,M,Aswan,Google Ads,Display,Electronics,1,0,30,2025-02-05 17:12:00,Desktop,Windows,Social,1089,5066,Book your travel today,507,2
4086,56,M,Luxor,Facebook,Search,Gaming,0,0,45,2025-03-20 04:33:00,Tablet,iOS,Social,1002,5014,Limited offer!,0,8
4087,22,M,Giza,YouTube,Display,Fashion,1,0,42,2025-03-01 05:47:00,Mobile,Android,Social,1046,5084,Top-rated gadgets on sale,0,2
4088,45,M,Aswan,Instagram,Display,Electronics,0,0,20,2025-01-29 23:17:00,Desktop,Windows,Paid,1076,5019,Top-rated gadgets on sale,843,6
4089,54,F,Giza,Google Ads,Search,Food & Beverage,0,0,41,2025-01-12 20:08:00,Mobile,Windows,Organic,1019,5027,Top-rated gadgets on sale,0,5
4090,18,F,Cairo,Facebook,Display,Gaming,0,0,23,2025-01-25 23:54:00,Tablet,iOS,Organic,1044,5007,Top-rated gadgets on sale,0,8
4091,27,M,Cairo,Facebook,Search,Fashion,0,0,2,2025-01-22 17:08:00,Desktop,Android,Paid,1018,5009,Book your travel today,690,3
4092,22,M,Giza,Facebook,Video,Travel,1,0,23,2025-03-22 01:58:00,Tablet,iOS,Paid,1012,5045,Top-rated gadgets on sale,0,4
4093,41,F,Cairo,YouTube,Video,Fashion,0,0,3,2025-02-27 06:36:00,Desktop,Android,Social,1049,5058,Check our new collection,0,2
4094,45,M,Luxor,Instagram,Display,Travel,0,0,26,2025-01-19 15:53:00,Desktop,Windows,Organic,1036,5068,Check our new collection,0,4
4095,48,F,Mansoura,Facebook,Display,Food & Beverage,0,0,20,2025-01-24 20:49:00,Desktop,iOS,Social,1053,5008,Limited offer!,0,5
4096,39,F,Giza,Instagram,Display,Fashion,0,0,37,2025-03-29 20:03:00,Desktop,Android,Organic,1012,5002,Limited offer!,0,3
4097,58,F,Cairo,Instagram,Display,Electronics,0,0,37,2025-03-30 00:54:00,Desktop,Windows,Paid,1057,5085,Check our new collection,0,4
4098,33,F,Cairo,Facebook,Search,Food & Beverage,1,0,5,2025-01-03 04:06:00,Tablet,Android,Social,1066,5010,Top-rated gadgets on sale,0,8
4099,27,F,Mansoura,Google Ads,Display,Electronics,1,0,31,2025-01-19 11:08:00,Mobile,Android,Paid,1089,5035,Limited offer!,0,7
4100,23,M,Cairo,YouTube,Video,Electronics,0,0,49,2025-01-08 15:17:00,Mobile,iOS,Paid,1074,5055,Limited offer!,0,9
4101,26,F,Giza,YouTube,Display,Fashion,0,0,46,2025-01-27 03:47:00,Desktop,iOS,Organic,1003,5097,Order online fast delivery,0,4
4102,39,M,Mansoura,Instagram,Video,Gaming,0,1,29,2025-01-31 09:19:00,Tablet,iOS,Social,1065,5099,Book your travel today,0,6
4103,36,M,Cairo,Facebook,Display,Fashion,1,0,12,2025-02-10 07:07:00,Desktop,Android,Organic,1023,5049,Check our new collection,0,4
4104,58,M,Luxor,Instagram,Search,Fashion,0,0,3,2025-02-07 13:00:00,Mobile,iOS,Social,1091,5081,Check our new collection,0,2
4105,25,M,Luxor,Google Ads,Video,Gaming,1,0,10,2025-03-02 18:35:00,Mobile,iOS,Social,1034,5003,Book your travel today,0,6
4106,59,F,Giza,Facebook,Display,Electronics,0,0,19,2025-02-17 00:11:00,Mobile,Windows,Paid,1010,5095,Check our new collection,0,2
4107,22,M,Aswan,YouTube,Display,Fashion,0,1,18,2025-03-06 16:55:00,Desktop,iOS,Organic,1043,5023,Top-rated gadgets on sale,0,4
4108,56,M,Cairo,Facebook,Video,Electronics,1,0,26,2025-03-24 12:46:00,Desktop,Windows,Paid,1060,5011,Top-rated gadgets on sale,0,3
4109,18,F,Mansoura,Google Ads,Display,Fashion,0,0,3,2025-01-11 02:55:00,Mobile,Windows,Social,1018,5044,Order online fast delivery,0,1
4110,26,F,Cairo,Instagram,Search,Food & Beverage,0,0,28,2025-03-02 00:47:00,Tablet,Windows,Organic,1016,5098,Top-rated gadgets on sale,0,7
4111,57,M,Cairo,Instagram,Display,Fashion,1,0,10,2025-01-05 11:09:00,Tablet,iOS,Social,1011,5097,Book your travel today,0,6
4112,47,M,Aswan,YouTube,Display,Gaming,1,0,2,2025-02-17 00:19:00,Mobile,Windows,Organic,1042,5033,Limited offer!,0,6
4113,50,M,Cairo,Facebook,Video,Electronics,0,0,16,2025-01-08 20:53:00,Desktop,Windows,Paid,1046,5059,Buy now and save 20%,1762,10
4114,26,F,Alexandria,Facebook,Video,Food & Beverage,0,0,33,2025-03-29 10:51:00,Desktop,iOS,Organic,1010,5044,Buy now and save 20%,0,1
4115,52,F,Giza,Google Ads,Video,Electronics,1,1,15,2025-02-05 18:01:00,Desktop,iOS,Organic,1079,5023,Limited offer!,0,10
4116,49,M,Giza,Google Ads,Video,Fashion,0,0,26,2025-03-26 17:10:00,Mobile,Windows,Organic,1005,5043,Check our new collection,0,2
4117,49,F,Luxor,Google Ads,Display,Fashion,0,0,6,2025-01-22 11:20:00,Tablet,iOS,Paid,1014,5040,Book your travel today,0,6
4118,21,M,Cairo,Facebook,Search,Gaming,1,0,18,2025-01-23 03:38:00,Mobile,Android,Paid,1099,5035,Book your travel today,0,2
4119,44,M,Alexandria,Facebook,Display,Food & Beverage,0,0,31,2025-02-21 20:38:00,Mobile,Android,Paid,1092,5004,Order online fast delivery,0,9
4120,27,M,Cairo,Instagram,Display,Food & Beverage,0,0,23,2025-02-10 23:54:00,Desktop,iOS,Paid,1019,5051,Check our new collection,0,8
4121,59,M,Cairo,Instagram,Video,Electronics,0,0,31,2025-03-16 03:34:00,Desktop,iOS,Organic,1016,5095,Top-rated gadgets on sale,0,7
4122,56,M,Luxor,YouTube,Video,Travel,0,0,36,2025-01-27 17:12:00,Desktop,iOS,Social,1016,5092,Order online fast delivery,1293,3
4123,30,F,Mansoura,Google Ads,Video,Food & Beverage,1,0,44,2025-02-03 09:31:00,Mobile,iOS,Organic,1032,5048,Book your travel today,0,1
4124,21,M,Aswan,Facebook,Video,Food & Beverage,1,0,39,2025-01-05 16:15:00,Desktop,iOS,Social,1022,5018,Check our new collection,0,5
4125,37,M,Giza,Google Ads,Display,Electronics,0,1,12,2025-02-20 03:07:00,Mobile,Android,Social,1085,5030,Order online fast delivery,0,5
4126,58,F,Cairo,Facebook,Display,Electronics,0,0,48,2025-02-24 10:38:00,Mobile,Android,Paid,1027,5006,Top-rated gadgets on sale,0,10
4127,59,M,Alexandria,Google Ads,Video,Food & Beverage,1,0,16,2025-01-04 20:46:00,Desktop,Windows,Paid,1006,5090,Limited offer!,0,7
4128,33,F,Luxor,YouTube,Video,Fashion,0,1,12,2025-03-08 14:36:00,Desktop,iOS,Organic,1011,5020,Top-rated gadgets on sale,0,3
4129,31,M,Giza,Instagram,Display,Fashion,0,1,31,2025-01-19 19:10:00,Desktop,iOS,Organic,1052,5037,Top-rated gadgets on sale,0,7
4130,51,F,Giza,Facebook,Display,Fashion,0,0,3,2025-01-26 04:10:00,Tablet,iOS,Social,1062,5042,Book your travel today,0,7
4131,43,F,Alexandria,Google Ads,Display,Gaming,0,0,48,2025-01-26 09:26:00,Desktop,iOS,Paid,1054,5004,Check our new collection,0,7
4132,45,M,Aswan,Google Ads,Display,Electronics,0,0,20,2025-02-02 00:05:00,Tablet,Android,Organic,1017,5056,Order online fast delivery,0,1
4133,40,M,Cairo,Google Ads,Display,Food & Beverage,0,0,14,2025-03-15 06:54:00,Mobile,Android,Organic,1052,5007,Buy now and save 20%,0,8
4134,31,M,Cairo,Facebook,Display,Travel,1,0,48,2025-03-01 07:25:00,Desktop,Android,Paid,1089,5082,Top-rated gadgets on sale,0,3
4135,46,F,Giza,Google Ads,Display,Fashion,0,0,10,2025-01-08 14:34:00,Tablet,iOS,Paid,1015,5072,Top-rated gadgets on sale,0,8
4136,58,F,Cairo,YouTube,Display,Fashion,1,0,14,2025-02-14 07:29:00,Mobile,Android,Social,1098,5045,Limited offer!,0,5
4137,20,F,Giza,Facebook,Video,Food & Beverage,0,0,50,2025-01-23 00:00:00,Mobile,Android,Social,1096,5036,Check our new collection,0,3
4138,59,M,Alexandria,Instagram,Display,Gaming,1,1,30,2025-03-07 03:57:00,Mobile,iOS,Organic,1064,5063,Order online fast delivery,1590,4
4139,22,M,Cairo,Instagram,Display,Gaming,0,0,6,2025-01-06 08:16:00,Mobile,Windows,Paid,1092,5095,Limited offer!,0,1
4140,19,M,Cairo,Google Ads,Display,Travel,1,0,36,2025-01-19 03:38:00,Desktop,iOS,Organic,1083,5051,Buy now and save 20%,0,5
4141,32,M,Cairo,Facebook,Display,Travel,1,0,41,2025-02-10 17:21:00,Mobile,Android,Social,1099,5058,Top-rated gadgets on sale,1705,6
4142,45,F,Cairo,Facebook,Display,Travel,0,0,40,2025-02-14 11:21:00,Tablet,Android,Paid,1020,5080,Order online fast delivery,0,2
4143,51,F,Aswan,YouTube,Display,Electronics,0,0,47,2025-02-23 07:55:00,Mobile,Windows,Organic,1083,5071,Check our new collection,1051,3
4144,39,F,Alexandria,Instagram,Video,Electronics,0,1,14,2025-03-06 17:53:00,Tablet,Windows,Organic,1015,5046,Order online fast delivery,1512,3
4145,18,F,Giza,Instagram,Video,Electronics,0,1,32,2025-03-10 00:03:00,Tablet,Windows,Paid,1018,5009,Order online fast delivery,209,10
4146,54,M,Mansoura,Facebook,Display,Fashion,0,0,45,2025-02-24 09:32:00,Mobile,Windows,Social,1060,5078,Buy now and save 20%,0,2
4147,50,F,Luxor,Instagram,Search,Food & Beverage,0,0,25,2025-03-08 01:04:00,Desktop,Android,Paid,1057,5012,Check our new collection,0,10
4148,27,F,Giza,Facebook,Display,Food & Beverage,0,0,14,2025-03-11 15:31:00,Tablet,Android,Social,1000,5008,Top-rated gadgets on sale,0,3
4149,18,F,Cairo,Instagram,Search,Travel,1,0,8,2025-01-08 09:51:00,Desktop,Windows,Social,1053,5083,Order online fast delivery,0,4
4150,54,M,Mansoura,Facebook,Search,Electronics,0,0,28,2025-02-06 11:27:00,Tablet,Windows,Paid,1036,5021,Top-rated gadgets on sale,0,5
4151,47,F,Giza,Instagram,Display,Electronics,0,0,17,2025-01-05 16:29:00,Mobile,iOS,Paid,1021,5059,Check our new collection,0,7
4152,58,M,Cairo,Google Ads,Display,Electronics,1,1,14,2025-03-15 22:36:00,Tablet,iOS,Organic,1068,5048,Check our new collection,0,3
4153,36,M,Mansoura,Google Ads,Search,Food & Beverage,0,0,45,2025-01-04 18:59:00,Mobile,Windows,Paid,1044,5021,Order online fast delivery,0,7
4154,42,M,Luxor,Facebook,Display,Electronics,0,0,16,2025-03-13 16:09:00,Tablet,iOS,Social,1004,5048,Book your travel today,0,6
4155,60,M,Giza,Google Ads,Search,Fashion,1,0,50,2025-01-23 04:05:00,Mobile,iOS,Organic,1049,5061,Top-rated gadgets on sale,0,2
4156,30,M,Mansoura,YouTube,Search,Electronics,0,1,20,2025-03-21 10:20:00,Mobile,Windows,Social,1097,5029,Top-rated gadgets on sale,0,2
4157,20,M,Cairo,Facebook,Search,Food & Beverage,0,0,29,2025-02-19 07:34:00,Desktop,Windows,Paid,1022,5096,Limited offer!,1976,3
4158,48,M,Giza,Instagram,Display,Fashion,0,0,32,2025-03-14 11:33:00,Tablet,Windows,Paid,1059,5096,Order online fast delivery,0,7
4159,60,F,Alexandria,YouTube,Video,Gaming,0,1,34,2025-03-20 05:10:00,Tablet,iOS,Paid,1032,5028,Top-rated gadgets on sale,0,6
4160,19,F,Mansoura,Facebook,Video,Fashion,1,0,44,2025-01-13 04:13:00,Desktop,Android,Social,1007,5068,Order online fast delivery,1360,6
4161,31,M,Giza,Facebook,Video,Electronics,0,0,33,2025-02-25 12:08:00,Mobile,Android,Paid,1062,5094,Book your travel today,1951,9
4162,47,F,Mansoura,Facebook,Video,Food & Beverage,1,0,15,2025-03-26 15:50:00,Desktop,Windows,Social,1040,5065,Top-rated gadgets on sale,0,6
4163,58,F,Giza,Facebook,Video,Gaming,0,0,28,2025-03-03 04:40:00,Tablet,Android,Social,1007,5097,Limited offer!,0,8
4164,57,M,Giza,Facebook,Display,Fashion,0,0,31,2025-03-02 07:55:00,Mobile,iOS,Organic,1051,5040,Buy now and save 20%,0,7
4165,49,F,Cairo,Instagram,Search,Fashion,0,1,21,2025-01-14 09:43:00,Tablet,Windows,Organic,1073,5002,Book your travel today,0,9
4166,59,F,Mansoura,Google Ads,Display,Travel,1,0,13,2025-01-15 08:01:00,Desktop,Windows,Organic,1060,5063,Limited offer!,0,6
4167,58,M,Cairo,Facebook,Video,Fashion,0,0,36,2025-01-22 21:39:00,Desktop,Android,Organic,1063,5018,Buy now and save 20%,0,6
4168,56,F,Cairo,Facebook,Video,Electronics,0,0,15,2025-03-19 09:14:00,Mobile,iOS,Organic,1096,5063,Order online fast delivery,0,8
4169,46,M,Giza,Facebook,Display,Travel,1,0,45,2025-02-27 02:48:00,Mobile,iOS,Organic,1088,5041,Book your travel today,0,5
4170,22,M,Mansoura,Google Ads,Video,Travel,0,0,14,2025-03-04 05:42:00,Tablet,Windows,Organic,1078,5021,Limited offer!,0,1
4171,48,M,Cairo,Facebook,Display,Travel,0,1,45,2025-03-29 15:10:00,Desktop,Android,Organic,1072,5038,Limited offer!,0,5
4172,28,M,Alexandria,Facebook,Search,Electronics,1,0,24,2025-03-01 14:24:00,Mobile,Android,Social,1078,5099,Top-rated gadgets on sale,0,3
4173,44,F,Alexandria,Facebook,Video,Food & Beverage,1,0,19,2025-03-19 04:53:00,Mobile,Windows,Social,1033,5015,Limited offer!,0,7
4174,21,F,Giza,Facebook,Video,Electronics,1,1,33,2025-02-27 21:45:00,Desktop,iOS,Paid,1012,5096,Order online fast delivery,0,9
4175,18,M,Giza,Instagram,Search,Fashion,0,0,31,2025-03-04 03:30:00,Desktop,Windows,Organic,1020,5037,Buy now and save 20%,1701,6
4176,50,F,Giza,YouTube,Display,Food & Beverage,1,0,44,2025-02-14 23:56:00,Mobile,Windows,Social,1082,5058,Buy now and save 20%,0,1
4177,59,M,Giza,YouTube,Video,Food & Beverage,0,0,30,2025-01-03 06:13:00,Mobile,Windows,Social,1074,5053,Order online fast delivery,1347,10
4178,23,M,Cairo,Instagram,Video,Electronics,0,0,13,2025-02-17 21:15:00,Tablet,Windows,Organic,1047,5099,Top-rated gadgets on sale,0,3
4179,21,M,Aswan,Google Ads,Display,Electronics,0,0,11,2025-02-20 00:00:00,Desktop,iOS,Social,1084,5060,Limited offer!,0,7
4180,22,F,Aswan,Facebook,Display,Food & Beverage,1,0,50,2025-01-26 10:34:00,Mobile,Android,Social,1071,5080,Order online fast delivery,898,10
4181,55,M,Giza,YouTube,Video,Fashion,0,0,40,2025-03-17 19:16:00,Desktop,Windows,Organic,1071,5049,Top-rated gadgets on sale,1949,2
4182,19,F,Mansoura,Facebook,Display,Electronics,1,0,4,2025-01-15 07:45:00,Tablet,Windows,Paid,1013,5052,Order online fast delivery,191,8
4183,46,M,Mansoura,Facebook,Search,Fashion,0,0,41,2025-01-26 12:05:00,Mobile,iOS,Social,1077,5086,Buy now and save 20%,0,2
4184,42,F,Aswan,YouTube,Video,Gaming,0,0,36,2025-02-21 06:40:00,Desktop,iOS,Paid,1000,5032,Top-rated gadgets on sale,1444,3
4185,55,M,Cairo,Facebook,Video,Gaming,0,1,32,2025-01-07 02:40:00,Mobile,Windows,Paid,1037,5092,Top-rated gadgets on sale,680,9
4186,31,F,Giza,Facebook,Search,Fashion,0,0,5,2025-02-11 21:52:00,Tablet,iOS,Paid,1032,5041,Top-rated gadgets on sale,1548,6
4187,25,M,Alexandria,Facebook,Video,Electronics,0,0,31,2025-03-29 20:24:00,Mobile,Windows,Paid,1099,5010,Top-rated gadgets on sale,0,2
4188,31,F,Cairo,Facebook,Video,Food & Beverage,0,0,21,2025-03-16 07:05:00,Desktop,Windows,Social,1054,5035,Limited offer!,1904,5
4189,24,F,Cairo,Google Ads,Video,Gaming,0,0,38,2025-01-28 02:36:00,Desktop,Windows,Organic,1070,5098,Order online fast delivery,1782,7
4190,51,F,Giza,Google Ads,Video,Food & Beverage,0,0,5,2025-01-30 01:58:00,Tablet,iOS,Paid,1073,5085,Book your travel today,0,1
4191,44,M,Cairo,Google Ads,Display,Electronics,1,0,45,2025-02-15 08:31:00,Mobile,Android,Paid,1001,5068,Buy now and save 20%,0,9
4192,45,F,Giza,Instagram,Video,Electronics,0,0,23,2025-03-12 13:20:00,Mobile,iOS,Organic,1021,5019,Order online fast delivery,0,10
4193,56,M,Cairo,Facebook,Display,Travel,1,0,32,2025-01-30 10:33:00,Tablet,Windows,Social,1000,5012,Book your travel today,0,1
4194,52,F,Giza,Facebook,Display,Fashion,1,1,44,2025-02-10 13:38:00,Desktop,Windows,Organic,1096,5011,Order online fast delivery,1242,1
4195,55,M,Alexandria,YouTube,Video,Travel,1,0,33,2025-01-24 15:05:00,Mobile,Android,Paid,1058,5056,Check our new collection,0,10
4196,45,F,Giza,YouTube,Display,Electronics,1,0,6,2025-01-06 13:13:00,Desktop,Android,Paid,1009,5059,Book your travel today,421,9
4197,54,M,Cairo,Facebook,Video,Travel,0,0,26,2025-02-22 09:17:00,Mobile,Windows,Social,1094,5001,Limited offer!,0,3
4198,32,M,Cairo,Facebook,Display,Electronics,0,0,11,2025-02-16 07:40:00,Desktop,Android,Social,1098,5018,Book your travel today,1982,9
4199,52,M,Alexandria,YouTube,Display,Gaming,0,0,24,2025-01-13 00:16:00,Mobile,Android,Organic,1059,5003,Top-rated gadgets on sale,0,1
4200,32,M,Cairo,Instagram,Display,Electronics,0,0,4,2025-03-20 11:23:00,Mobile,iOS,Paid,1017,5067,Check our new collection,0,8
4201,45,M,Cairo,Facebook,Search,Travel,0,0,23,2025-01-18 12:26:00,Tablet,Android,Organic,1077,5051,Top-rated gadgets on sale,0,8
4202,32,F,Mansoura,Instagram,Display,Food & Beverage,0,0,7,2025-03-26 12:20:00,Tablet,iOS,Organic,1096,5072,Book your travel today,577,2
4203,57,M,Mansoura,YouTube,Display,Fashion,1,0,37,2025-02-23 18:13:00,Tablet,Windows,Paid,1078,5004,Check our new collection,429,2
4204,30,M,Giza,Facebook,Display,Food & Beverage,1,0,20,2025-03-09 12:00:00,Tablet,iOS,Social,1061,5019,Book your travel today,0,5
4205,53,F,Luxor,Facebook,Search,Electronics,0,1,25,2025-03-20 07:12:00,Tablet,Windows,Organic,1070,5031,Order online fast delivery,0,9
4206,58,F,Cairo,Facebook,Video,Electronics,1,0,37,2025-02-17 01:21:00,Tablet,Android,Organic,1067,5012,Order online fast delivery,0,2
4207,37,M,Cairo,Instagram,Video,Gaming,0,0,25,2025-01-10 10:00:00,Desktop,Android,Organic,1076,5051,Top-rated gadgets on sale,0,1
4208,39,F,Luxor,YouTube,Display,Travel,0,0,17,2025-02-02 17:31:00,Mobile,iOS,Social,1016,5011,Book your travel today,0,1
4209,33,F,Aswan,Google Ads,Search,Fashion,0,1,49,2025-01-06 07:55:00,Tablet,iOS,Paid,1040,5064,Buy now and save 20%,282,5
4210,50,F,Giza,Facebook,Video,Fashion,0,0,2,2025-01-03 13:22:00,Mobile,Windows,Social,1090,5027,Check our new collection,0,2
4211,23,M,Mansoura,Facebook,Display,Electronics,0,1,30,2025-02-26 11:35:00,Tablet,Android,Paid,1028,5081,Limited offer!,0,5
4212,26,F,Cairo,YouTube,Display,Electronics,1,0,49,2025-01-08 23:38:00,Mobile,Windows,Paid,1035,5010,Check our new collection,334,2
4213,20,M,Cairo,Facebook,Display,Electronics,1,0,36,2025-03-31 11:23:00,Mobile,iOS,Paid,1064,5049,Top-rated gadgets on sale,0,10
4214,55,M,Alexandria,YouTube,Search,Gaming,1,0,39,2025-03-19 18:35:00,Desktop,Android,Organic,1060,5081,Check our new collection,0,10
4215,29,F,Mansoura,Facebook,Display,Gaming,1,0,15,2025-01-01 19:13:00,Desktop,Windows,Organic,1063,5067,Top-rated gadgets on sale,0,9
4216,53,M,Mansoura,Instagram,Display,Food & Beverage,0,0,7,2025-03-05 07:01:00,Desktop,iOS,Paid,1005,5094,Check our new collection,0,7
4217,49,M,Giza,YouTube,Display,Food & Beverage,0,0,46,2025-01-15 21:36:00,Desktop,iOS,Organic,1046,5094,Book your travel today,0,4
4218,59,M,Cairo,Instagram,Display,Food & Beverage,0,1,18,2025-02-27 16:32:00,Mobile,Android,Social,1089,5074,Order online fast delivery,0,10
4219,34,M,Cairo,Facebook,Display,Food & Beverage,0,0,2,2025-02-20 02:28:00,Tablet,Android,Organic,1040,5062,Top-rated gadgets on sale,0,6
4220,59,F,Luxor,Google Ads,Display,Electronics,1,0,8,2025-03-07 00:21:00,Desktop,iOS,Organic,1018,5005,Check our new collection,0,8
4221,48,F,Luxor,Facebook,Video,Fashion,0,1,15,2025-01-01 23:17:00,Tablet,Android,Organic,1097,5094,Buy now and save 20%,0,5
4222,27,F,Cairo,Instagram,Video,Food & Beverage,0,0,44,2025-02-26 21:57:00,Mobile,Windows,Paid,1004,5027,Book your travel today,0,6
4223,24,M,Aswan,Instagram,Display,Electronics,0,0,50,2025-01-16 23:25:00,Mobile,iOS,Paid,1015,5084,Buy now and save 20%,0,9
4224,60,M,Alexandria,Facebook,Display,Travel,0,0,17,2025-03-12 21:01:00,Mobile,Windows,Social,1039,5050,Limited offer!,0,7
4225,44,F,Aswan,Facebook,Display,Electronics,0,0,46,2025-03-24 22:26:00,Desktop,Android,Paid,1077,5047,Limited offer!,0,9
4226,42,M,Cairo,Instagram,Video,Food & Beverage,1,0,4,2025-03-14 18:23:00,Tablet,Windows,Social,1065,5080,Buy now and save 20%,0,10
4227,42,F,Cairo,Instagram,Search,Fashion,0,0,17,2025-02-02 19:19:00,Desktop,Android,Social,1003,5030,Check our new collection,0,5
4228,47,M,Luxor,YouTube,Display,Food & Beverage,1,0,26,2025-03-06 05:36:00,Tablet,Windows,Organic,1022,5097,Buy now and save 20%,0,5
4229,34,F,Cairo,Instagram,Video,Gaming,1,0,25,2025-03-18 04:31:00,Desktop,Android,Paid,1092,5016,Book your travel today,659,9
4230,23,M,Alexandria,Instagram,Video,Travel,1,1,43,2025-02-05 20:59:00,Desktop,iOS,Organic,1073,5059,Check our new collection,0,3
4231,40,M,Cairo,Facebook,Search,Electronics,0,0,37,2025-01-02 04:10:00,Desktop,Windows,Organic,1075,5041,Buy now and save 20%,0,3
4232,60,F,Cairo,Instagram,Display,Food & Beverage,0,0,18,2025-02-20 21:04:00,Tablet,Android,Paid,1055,5056,Book your travel today,0,1
4233,37,M,Alexandria,Facebook,Display,Electronics,0,0,23,2025-02-01 06:48:00,Mobile,iOS,Organic,1047,5072,Order online fast delivery,0,10
4234,38,F,Giza,Facebook,Display,Gaming,0,1,45,2025-02-24 22:56:00,Desktop,Windows,Organic,1096,5089,Order online fast delivery,439,1
4235,22,M,Cairo,Facebook,Display,Fashion,0,0,28,2025-02-25 06:24:00,Desktop,iOS,Organic,1035,5077,Top-rated gadgets on sale,0,8
4236,40,F,Giza,Facebook,Display,Gaming,0,1,29,2025-03-18 03:29:00,Tablet,Windows,Organic,1025,5061,Top-rated gadgets on sale,0,8
4237,50,F,Cairo,Google Ads,Display,Gaming,0,0,7,2025-01-14 10:47:00,Tablet,Windows,Organic,1027,5064,Check our new collection,300,6
4238,40,F,Giza,Google Ads,Display,Gaming,0,0,39,2025-02-14 07:07:00,Mobile,iOS,Organic,1025,5008,Top-rated gadgets on sale,0,4
4239,54,F,Aswan,YouTube,Video,Food & Beverage,0,0,47,2025-02-11 03:28:00,Mobile,iOS,Organic,1011,5022,Limited offer!,0,4
4240,48,M,Giza,Google Ads,Display,Travel,0,0,22,2025-03-07 01:25:00,Desktop,iOS,Social,1080,5023,Top-rated gadgets on sale,0,10
4241,45,M,Cairo,Instagram,Search,Food & Beverage,0,1,15,2025-03-30 19:12:00,Desktop,iOS,Social,1036,5045,Order online fast delivery,0,2
4242,31,M,Alexandria,Google Ads,Search,Electronics,0,0,12,2025-02-07 02:34:00,Desktop,iOS,Paid,1051,5092,Limited offer!,0,1
4243,47,F,Cairo,Facebook,Display,Electronics,0,0,26,2025-02-09 18:20:00,Mobile,Android,Organic,1002,5072,Check our new collection,0,7
4244,23,F,Aswan,Google Ads,Display,Fashion,0,0,10,2025-03-16 05:38:00,Tablet,Android,Organic,1041,5089,Check our new collection,574,7
4245,37,F,Aswan,Facebook,Video,Fashion,0,0,47,2025-01-18 01:07:00,Desktop,iOS,Social,1029,5070,Buy now and save 20%,0,9
4246,21,F,Cairo,Instagram,Video,Food & Beverage,0,0,24,2025-03-28 19:27:00,Tablet,Android,Social,1020,5089,Check our new collection,1199,5
4247,42,M,Cairo,Instagram,Display,Electronics,1,0,31,2025-01-24 15:27:00,Desktop,Windows,Paid,1018,5000,Top-rated gadgets on sale,1153,10
4248,58,M,Mansoura,Facebook,Search,Food & Beverage,0,0,36,2025-03-16 08:46:00,Tablet,Android,Social,1067,5003,Buy now and save 20%,0,3
4249,23,F,Cairo,Facebook,Display,Fashion,1,1,29,2025-02-08 23:48:00,Desktop,Android,Organic,1036,5067,Top-rated gadgets on sale,745,7
4250,31,F,Mansoura,Facebook,Search,Fashion,1,1,47,2025-01-19 20:02:00,Desktop,iOS,Organic,1071,5045,Limited offer!,0,5
4251,48,M,Alexandria,Facebook,Video,Fashion,0,0,35,2025-03-10 22:56:00,Mobile,Android,Paid,1049,5058,Book your travel today,0,9
4252,55,F,Mansoura,Google Ads,Display,Fashion,0,1,24,2025-01-06 01:01:00,Tablet,Windows,Social,1069,5097,Book your travel today,0,6
4253,54,M,Luxor,Facebook,Video,Food & Beverage,0,0,8,2025-03-18 09:37:00,Tablet,iOS,Paid,1047,5073,Check our new collection,0,10
4254,25,M,Cairo,Facebook,Display,Fashion,0,0,40,2025-02-05 00:09:00,Desktop,Android,Social,1071,5028,Buy now and save 20%,0,6
4255,55,M,Alexandria,YouTube,Search,Electronics,1,1,25,2025-02-01 19:25:00,Desktop,iOS,Paid,1060,5087,Order online fast delivery,0,2
4256,23,F,Cairo,Facebook,Video,Gaming,1,0,44,2025-02-14 17:09:00,Desktop,Android,Organic,1045,5065,Check our new collection,0,10
4257,43,F,Alexandria,Facebook,Video,Electronics,0,0,2,2025-02-28 17:49:00,Desktop,Windows,Organic,1067,5091,Book your travel today,199,6
4258,20,M,Cairo,Instagram,Display,Electronics,0,0,50,2025-01-28 00:44:00,Desktop,Android,Social,1098,5024,Buy now and save 20%,0,6
4259,24,F,Alexandria,Instagram,Video,Electronics,0,0,36,2025-02-04 03:00:00,Mobile,Android,Social,1057,5042,Buy now and save 20%,0,5
4260,48,M,Aswan,YouTube,Display,Gaming,0,0,17,2025-01-05 02:55:00,Desktop,Android,Organic,1023,5021,Top-rated gadgets on sale,0,8
4261,48,F,Cairo,Facebook,Display,Travel,1,0,47,2025-01-24 15:10:00,Tablet,Windows,Social,1072,5008,Top-rated gadgets on sale,0,7
4262,39,F,Mansoura,Facebook,Video,Food & Beverage,0,0,46,2025-02-26 13:58:00,Desktop,iOS,Paid,1079,5017,Top-rated gadgets on sale,0,1
4263,35,M,Alexandria,Instagram,Display,Electronics,0,0,15,2025-03-24 02:52:00,Desktop,Windows,Social,1011,5025,Check our new collection,0,5
4264,55,M,Giza,Google Ads,Display,Food & Beverage,0,0,29,2025-01-07 18:08:00,Mobile,iOS,Social,1004,5039,Check our new collection,0,6
4265,45,F,Cairo,YouTube,Display,Fashion,0,0,49,2025-03-28 15:19:00,Tablet,iOS,Social,1071,5061,Buy now and save 20%,0,9
4266,23,F,Cairo,Instagram,Search,Travel,0,1,45,2025-03-06 18:54:00,Desktop,Android,Social,1067,5065,Limited offer!,0,2
4267,36,F,Alexandria,Google Ads,Display,Food & Beverage,0,0,18,2025-02-07 07:50:00,Mobile,Android,Paid,1082,5023,Book your travel today,0,3
4268,31,F,Giza,Facebook,Video,Gaming,1,0,13,2025-03-22 09:36:00,Tablet,Android,Social,1099,5081,Check our new collection,0,4
4269,38,F,Cairo,Instagram,Display,Food & Beverage,0,0,20,2025-02-07 13:22:00,Mobile,Windows,Social,1068,5017,Top-rated gadgets on sale,0,5
4270,52,F,Mansoura,Facebook,Search,Gaming,0,0,20,2025-03-31 05:28:00,Mobile,Android,Organic,1019,5021,Order online fast delivery,0,3
4271,19,F,Cairo,Google Ads,Display,Gaming,0,0,48,2025-03-31 20:28:00,Mobile,Windows,Paid,1096,5013,Book your travel today,0,2
4272,60,M,Alexandria,Google Ads,Display,Fashion,0,0,18,2025-01-26 07:45:00,Tablet,iOS,Organic,1028,5028,Check our new collection,0,5
4273,29,F,Giza,Instagram,Display,Travel,0,0,47,2025-01-28 21:28:00,Desktop,iOS,Organic,1012,5063,Order online fast delivery,0,8
4274,55,F,Aswan,Google Ads,Search,Electronics,1,1,12,2025-03-24 01:27:00,Desktop,iOS,Paid,1080,5020,Order online fast delivery,0,10
4275,37,M,Luxor,Instagram,Video,Gaming,0,0,43,2025-02-18 18:25:00,Desktop,iOS,Social,1058,5058,Book your travel today,0,6
4276,45,M,Aswan,Facebook,Display,Electronics,0,0,48,2025-01-24 20:24:00,Tablet,Windows,Social,1022,5009,Check our new collection,0,10
4277,52,F,Alexandria,Facebook,Display,Fashion,0,0,16,2025-02-24 22:56:00,Mobile,iOS,Organic,1010,5011,Order online fast delivery,0,9
4278,49,F,Mansoura,Facebook,Display,Electronics,0,0,47,2025-03-11 18:48:00,Tablet,Android,Social,1026,5023,Limited offer!,595,4
4279,26,M,Alexandria,Instagram,Video,Gaming,1,1,9,2025-01-19 11:43:00,Tablet,Windows,Paid,1098,5085,Limited offer!,0,2
4280,54,M,Cairo,Google Ads,Search,Fashion,0,0,15,2025-03-14 18:53:00,Tablet,Windows,Paid,1077,5067,Limited offer!,0,5
4281,43,M,Luxor,Google Ads,Search,Food & Beverage,1,0,50,2025-03-17 04:08:00,Tablet,Android,Organic,1081,5022,Order online fast delivery,0,9
4282,56,F,Aswan,YouTube,Search,Food & Beverage,0,0,6,2025-01-27 09:20:00,Mobile,iOS,Organic,1021,5085,Buy now and save 20%,0,1
4283,26,F,Alexandria,Facebook,Search,Electronics,1,0,41,2025-03-21 08:58:00,Desktop,Android,Social,1086,5010,Limited offer!,0,1
4284,56,M,Mansoura,Instagram,Display,Gaming,1,0,14,2025-02-05 19:56:00,Mobile,Windows,Paid,1015,5018,Order online fast delivery,0,1
4285,38,M,Mansoura,Google Ads,Display,Electronics,0,0,16,2025-02-20 20:17:00,Tablet,iOS,Paid,1023,5008,Buy now and save 20%,0,1
4286,20,F,Cairo,Instagram,Video,Travel,0,0,5,2025-02-07 10:40:00,Mobile,Windows,Organic,1069,5099,Order online fast delivery,0,1
4287,19,M,Mansoura,Facebook,Video,Travel,0,0,45,2025-03-27 06:32:00,Desktop,Android,Organic,1062,5073,Top-rated gadgets on sale,0,8
4288,36,F,Cairo,Facebook,Video,Fashion,0,0,19,2025-02-17 18:59:00,Tablet,Android,Social,1058,5099,Buy now and save 20%,994,2
4289,30,F,Giza,Facebook,Video,Gaming,0,0,27,2025-03-05 04:52:00,Desktop,Android,Organic,1060,5062,Top-rated gadgets on sale,0,1
4290,39,F,Luxor,YouTube,Video,Travel,1,0,24,2025-01-20 23:22:00,Mobile,iOS,Organic,1005,5001,Check our new collection,0,8
4291,21,M,Mansoura,YouTube,Display,Fashion,1,1,24,2025-01-31 11:24:00,Mobile,Windows,Paid,1081,5090,Check our new collection,601,1
4292,51,F,Aswan,Instagram,Search,Fashion,0,1,38,2025-02-04 11:47:00,Tablet,iOS,Social,1085,5062,Limited offer!,0,1
4293,34,F,Aswan,YouTube,Video,Gaming,0,0,10,2025-01-08 23:19:00,Desktop,Windows,Social,1053,5046,Top-rated gadgets on sale,1252,5
4294,34,F,Cairo,Google Ads,Display,Food & Beverage,0,1,8,2025-01-15 03:35:00,Mobile,Windows,Paid,1011,5059,Order online fast delivery,0,7
4295,54,F,Giza,Facebook,Display,Food & Beverage,0,0,12,2025-01-14 21:30:00,Desktop,Android,Organic,1024,5047,Top-rated gadgets on sale,0,3
4296,37,M,Mansoura,Facebook,Video,Food & Beverage,1,0,9,2025-01-13 02:20:00,Tablet,Windows,Paid,1025,5083,Order online fast delivery,0,8
4297,24,M,Giza,Facebook,Display,Fashion,1,0,41,2025-02-10 01:17:00,Desktop,Windows,Social,1014,5045,Limited offer!,0,4
4298,52,F,Giza,Facebook,Display,Food & Beverage,0,0,22,2025-01-26 19:07:00,Desktop,iOS,Organic,1070,5053,Top-rated gadgets on sale,0,9
4299,44,M,Aswan,YouTube,Display,Gaming,0,0,49,2025-02-19 10:05:00,Mobile,Android,Social,1016,5091,Top-rated gadgets on sale,0,7
4300,26,F,Mansoura,YouTube,Video,Fashion,0,0,33,2025-03-10 23:56:00,Mobile,Android,Organic,1066,5044,Buy now and save 20%,0,2
4301,20,F,Giza,Instagram,Display,Food & Beverage,0,0,8,2025-01-13 06:34:00,Mobile,iOS,Social,1059,5069,Book your travel today,0,9
4302,31,F,Mansoura,Facebook,Display,Food & Beverage,1,0,49,2025-02-25 16:37:00,Desktop,Windows,Organic,1074,5033,Check our new collection,0,2
4303,35,M,Cairo,Google Ads,Video,Electronics,1,0,39,2025-01-25 15:18:00,Mobile,iOS,Paid,1019,5028,Top-rated gadgets on sale,0,6
4304,51,M,Alexandria,Instagram,Search,Fashion,1,0,24,2025-03-16 14:32:00,Tablet,Android,Social,1005,5089,Order online fast delivery,0,6
4305,24,F,Mansoura,Instagram,Video,Food & Beverage,0,0,22,2025-02-04 03:28:00,Mobile,iOS,Organic,1031,5065,Buy now and save 20%,0,7
4306,29,F,Alexandria,YouTube,Search,Food & Beverage,1,0,33,2025-03-29 12:05:00,Tablet,iOS,Organic,1013,5046,Top-rated gadgets on sale,0,8
4307,36,F,Alexandria,Facebook,Video,Fashion,1,1,9,2025-02-06 07:03:00,Mobile,Android,Paid,1020,5018,Top-rated gadgets on sale,0,1
4308,56,M,Cairo,Facebook,Display,Fashion,0,0,47,2025-02-26 19:22:00,Tablet,Android,Social,1014,5035,Top-rated gadgets on sale,0,4
4309,50,M,Aswan,Facebook,Display,Food & Beverage,1,0,19,2025-01-30 15:55:00,Mobile,Android,Paid,1052,5074,Book your travel today,0,1
4310,21,F,Alexandria,Google Ads,Display,Electronics,1,0,11,2025-02-04 22:20:00,Desktop,iOS,Paid,1006,5098,Order online fast delivery,0,6
4311,51,M,Aswan,Google Ads,Display,Fashion,1,0,26,2025-02-25 03:37:00,Desktop,Android,Organic,1069,5039,Check our new collection,1425,7
4312,41,M,Giza,Instagram,Display,Food & Beverage,1,0,7,2025-03-21 16:20:00,Mobile,iOS,Paid,1007,5021,Top-rated gadgets on sale,0,7
4313,31,F,Cairo,Facebook,Video,Travel,0,0,31,2025-03-19 05:46:00,Mobile,iOS,Social,1081,5051,Order online fast delivery,0,10
4314,45,M,Mansoura,Instagram,Video,Food & Beverage,1,0,31,2025-03-24 14:42:00,Mobile,Android,Paid,1097,5048,Buy now and save 20%,0,8
4315,23,F,Cairo,Instagram,Video,Electronics,0,0,27,2025-02-06 13:42:00,Tablet,iOS,Organic,1045,5055,Book your travel today,1124,8
4316,24,F,Giza,Facebook,Video,Food & Beverage,0,0,28,2025-03-15 02:39:00,Mobile,iOS,Organic,1100,5056,Buy now and save 20%,0,10
4317,26,M,Alexandria,Instagram,Display,Fashion,1,0,36,2025-03-09 00:48:00,Mobile,Windows,Organic,1026,5048,Order online fast delivery,0,1
4318,23,M,Cairo,YouTube,Video,Travel,1,1,6,2025-01-27 01:19:00,Tablet,Windows,Social,1100,5024,Book your travel today,0,2
4319,60,M,Aswan,Facebook,Video,Gaming,1,0,50,2025-01-10 15:11:00,Desktop,Windows,Social,1018,5006,Limited offer!,0,5
4320,48,M,Cairo,YouTube,Display,Food & Beverage,0,0,25,2025-03-17 05:18:00,Tablet,iOS,Social,1082,5029,Check our new collection,0,4
4321,27,M,Mansoura,Google Ads,Video,Fashion,0,0,47,2025-01-07 16:18:00,Mobile,iOS,Social,1047,5022,Check our new collection,0,8
4322,36,F,Mansoura,Instagram,Video,Electronics,1,0,23,2025-01-10 16:18:00,Desktop,Android,Organic,1066,5013,Top-rated gadgets on sale,0,10
4323,32,F,Cairo,Facebook,Display,Fashion,1,1,22,2025-02-27 19:30:00,Mobile,iOS,Paid,1022,5073,Top-rated gadgets on sale,0,2
4324,30,M,Giza,Google Ads,Display,Electronics,0,0,27,2025-03-07 15:36:00,Desktop,Windows,Social,1002,5040,Limited offer!,0,1
4325,36,F,Luxor,Instagram,Video,Food & Beverage,0,0,21,2025-01-13 06:49:00,Mobile,iOS,Organic,1012,5073,Top-rated gadgets on sale,0,8
4326,50,M,Alexandria,Google Ads,Search,Travel,0,0,44,2025-01-03 00:22:00,Tablet,Windows,Social,1055,5015,Check our new collection,0,1
4327,37,M,Luxor,YouTube,Display,Food & Beverage,1,0,23,2025-02-20 21:16:00,Desktop,Windows,Organic,1071,5045,Limited offer!,0,9
4328,29,F,Cairo,Google Ads,Search,Gaming,0,0,41,2025-01-06 21:26:00,Mobile,Windows,Organic,1068,5008,Check our new collection,0,5
4329,55,M,Cairo,Facebook,Video,Electronics,1,0,32,2025-02-12 08:20:00,Desktop,Android,Social,1045,5072,Order online fast delivery,0,7
4330,40,M,Giza,Google Ads,Search,Fashion,0,0,29,2025-02-15 09:17:00,Desktop,iOS,Paid,1046,5052,Book your travel today,249,7
4331,48,M,Giza,Facebook,Display,Fashion,1,0,18,2025-01-07 23:08:00,Mobile,Android,Organic,1060,5100,Limited offer!,1327,1
4332,43,M,Cairo,Instagram,Video,Fashion,1,0,30,2025-01-21 14:30:00,Tablet,iOS,Organic,1039,5000,Book your travel today,0,9
4333,49,M,Alexandria,YouTube,Video,Fashion,0,0,15,2025-02-06 02:29:00,Tablet,Windows,Paid,1072,5095,Buy now and save 20%,0,10
4334,35,M,Luxor,Google Ads,Video,Food & Beverage,0,0,42,2025-01-31 16:52:00,Tablet,iOS,Paid,1077,5000,Buy now and save 20%,0,2
4335,55,F,Mansoura,Facebook,Video,Fashion,0,1,34,2025-03-28 02:27:00,Desktop,iOS,Paid,1016,5029,Book your travel today,0,2
4336,45,M,Alexandria,Instagram,Display,Gaming,1,0,22,2025-01-05 08:32:00,Desktop,iOS,Paid,1047,5006,Order online fast delivery,930,8
4337,33,M,Giza,Facebook,Video,Food & Beverage,0,0,42,2025-03-23 08:31:00,Tablet,iOS,Social,1070,5020,Top-rated gadgets on sale,0,8
4338,39,M,Giza,Google Ads,Display,Travel,1,0,34,2025-03-28 11:18:00,Tablet,Android,Paid,1097,5042,Top-rated gadgets on sale,1433,8
4339,21,F,Cairo,Google Ads,Display,Gaming,1,0,19,2025-01-01 13:56:00,Tablet,Windows,Organic,1015,5098,Order online fast delivery,0,8
4340,41,F,Luxor,Instagram,Video,Electronics,0,0,47,2025-03-07 06:57:00,Tablet,Windows,Paid,1094,5010,Book your travel today,0,3
4341,25,F,Luxor,YouTube,Search,Food & Beverage,1,0,29,2025-03-26 01:04:00,Mobile,Windows,Social,1081,5070,Top-rated gadgets on sale,0,7
4342,41,M,Aswan,Google Ads,Display,Food & Beverage,0,0,48,2025-02-13 16:45:00,Mobile,Windows,Social,1056,5003,Check our new collection,0,6
4343,22,F,Luxor,Google Ads,Search,Food & Beverage,0,0,33,2025-02-07 18:36:00,Mobile,Windows,Paid,1009,5093,Book your travel today,0,10
4344,49,F,Alexandria,Instagram,Display,Fashion,0,0,26,2025-01-09 19:37:00,Tablet,Android,Paid,1070,5043,Buy now and save 20%,0,4
4345,29,F,Cairo,Google Ads,Display,Travel,1,0,50,2025-03-22 07:15:00,Tablet,iOS,Social,1075,5011,Top-rated gadgets on sale,0,8
4346,31,F,Mansoura,Google Ads,Video,Food & Beverage,0,0,29,2025-02-27 08:52:00,Desktop,Android,Organic,1095,5010,Check our new collection,0,3
4347,45,M,Cairo,Google Ads,Display,Travel,0,1,30,2025-02-26 17:39:00,Mobile,Android,Paid,1055,5026,Check our new collection,0,5
4348,31,F,Cairo,YouTube,Video,Fashion,0,0,27,2025-03-24 19:00:00,Mobile,Windows,Paid,1059,5076,Buy now and save 20%,0,8
4349,59,M,Giza,Facebook,Search,Electronics,1,0,41,2025-01-03 22:06:00,Mobile,iOS,Organic,1086,5046,Book your travel today,0,8
4350,24,F,Cairo,Facebook,Search,Travel,1,0,36,2025-03-25 14:36:00,Mobile,Windows,Social,1005,5008,Book your travel today,0,3
4351,60,M,Alexandria,Google Ads,Display,Fashion,0,1,33,2025-03-12 12:17:00,Tablet,Android,Social,1014,5010,Buy now and save 20%,0,7
4352,19,F,Alexandria,Facebook,Display,Electronics,1,0,26,2025-02-24 08:02:00,Mobile,Windows,Paid,1062,5033,Buy now and save 20%,0,10
4353,48,M,Cairo,Facebook,Video,Food & Beverage,1,0,13,2025-03-21 14:06:00,Desktop,iOS,Paid,1013,5063,Buy now and save 20%,615,4
4354,43,F,Cairo,YouTube,Display,Gaming,1,0,26,2025-01-27 01:32:00,Desktop,iOS,Organic,1099,5079,Top-rated gadgets on sale,0,7
4355,34,M,Aswan,YouTube,Video,Electronics,0,0,30,2025-03-07 23:05:00,Tablet,iOS,Organic,1010,5069,Book your travel today,0,3
4356,25,F,Cairo,Google Ads,Video,Electronics,0,0,47,2025-03-04 11:16:00,Desktop,iOS,Social,1012,5071,Buy now and save 20%,0,1
4357,25,F,Giza,Facebook,Display,Food & Beverage,1,0,24,2025-01-06 08:24:00,Mobile,iOS,Paid,1018,5021,Book your travel today,0,2
4358,29,F,Cairo,Facebook,Display,Electronics,0,1,12,2025-01-07 05:07:00,Desktop,iOS,Organic,1019,5077,Limited offer!,0,4
4359,51,M,Giza,Facebook,Video,Fashion,0,0,15,2025-03-14 05:47:00,Desktop,Windows,Paid,1020,5001,Book your travel today,0,9
4360,25,F,Luxor,Google Ads,Display,Food & Beverage,0,0,46,2025-03-31 08:18:00,Tablet,iOS,Organic,1081,5069,Order online fast delivery,0,6
4361,38,M,Alexandria,Instagram,Video,Food & Beverage,1,0,10,2025-01-27 04:40:00,Mobile,Android,Organic,1072,5036,Check our new collection,0,10
4362,23,F,Aswan,Facebook,Video,Electronics,1,0,16,2025-03-05 06:11:00,Mobile,Android,Organic,1062,5020,Limited offer!,683,7
4363,34,M,Mansoura,Instagram,Video,Food & Beverage,1,0,29,2025-02-06 03:31:00,Desktop,Windows,Social,1055,5080,Book your travel today,255,6
4364,33,M,Mansoura,Facebook,Search,Fashion,1,0,10,2025-03-09 15:17:00,Desktop,Windows,Social,1062,5026,Check our new collection,1479,9
4365,41,F,Giza,YouTube,Display,Fashion,0,0,41,2025-01-12 11:16:00,Mobile,iOS,Paid,1032,5061,Check our new collection,0,5
4366,25,F,Mansoura,Instagram,Video,Electronics,1,0,17,2025-03-08 04:23:00,Desktop,iOS,Social,1065,5019,Book your travel today,0,4
4367,37,F,Alexandria,Facebook,Video,Fashion,1,0,43,2025-01-04 17:50:00,Desktop,Windows,Organic,1024,5054,Book your travel today,0,2
4368,44,M,Mansoura,Facebook,Search,Fashion,1,0,38,2025-01-16 12:33:00,Tablet,Windows,Paid,1068,5076,Order online fast delivery,362,2
4369,35,M,Luxor,Google Ads,Video,Electronics,0,0,36,2025-02-02 17:06:00,Tablet,Android,Paid,1003,5055,Order online fast delivery,0,8
4370,18,F,Cairo,Facebook,Display,Food & Beverage,1,0,19,2025-03-10 07:26:00,Tablet,Windows,Organic,1001,5008,Check our new collection,0,8
4371,33,F,Luxor,Facebook,Display,Food & Beverage,1,0,39,2025-02-12 12:22:00,Tablet,Windows,Social,1024,5007,Buy now and save 20%,0,9
4372,48,M,Cairo,Instagram,Display,Food & Beverage,1,0,11,2025-03-04 03:08:00,Desktop,Android,Organic,1005,5030,Top-rated gadgets on sale,0,7
4373,31,M,Cairo,YouTube,Video,Food & Beverage,0,0,42,2025-02-16 14:29:00,Desktop,Windows,Paid,1094,5048,Book your travel today,0,5
4374,28,M,Cairo,Facebook,Video,Fashion,0,0,44,2025-03-24 20:55:00,Desktop,Windows,Social,1038,5063,Top-rated gadgets on sale,0,5
4375,52,M,Mansoura,Instagram,Display,Food & Beverage,0,0,9,2025-01-14 02:59:00,Mobile,Windows,Organic,1028,5037,Top-rated gadgets on sale,0,5
4376,21,F,Aswan,Facebook,Search,Fashion,1,0,3,2025-02-22 17:42:00,Mobile,Android,Social,1021,5091,Buy now and save 20%,0,8
4377,34,F,Giza,Instagram,Video,Food & Beverage,1,0,10,2025-01-21 19:30:00,Desktop,Android,Social,1034,5001,Book your travel today,0,3
4378,35,M,Alexandria,Facebook,Display,Gaming,0,0,18,2025-02-03 21:06:00,Desktop,Windows,Organic,1075,5097,Top-rated gadgets on sale,1446,7
4379,19,F,Mansoura,Facebook,Display,Electronics,0,0,36,2025-01-06 04:50:00,Desktop,iOS,Paid,1040,5065,Book your travel today,0,9
4380,27,M,Cairo,YouTube,Video,Electronics,1,0,36,2025-02-28 15:07:00,Mobile,iOS,Social,1080,5028,Top-rated gadgets on sale,0,4
4381,31,F,Cairo,YouTube,Search,Electronics,0,0,29,2025-02-14 18:22:00,Desktop,Windows,Social,1066,5025,Check our new collection,0,10
4382,21,F,Alexandria,Facebook,Search,Electronics,1,1,9,2025-01-13 01:15:00,Tablet,Windows,Organic,1025,5031,Order online fast delivery,1109,3
4383,38,M,Giza,Facebook,Video,Travel,1,0,30,2025-02-20 16:55:00,Desktop,Android,Social,1018,5087,Check our new collection,0,2
4384,24,F,Aswan,Facebook,Video,Electronics,1,0,42,2025-02-11 20:18:00,Tablet,Android,Organic,1055,5011,Check our new collection,0,9
4385,59,M,Cairo,Facebook,Search,Gaming,1,0,27,2025-01-24 06:50:00,Mobile,Windows,Social,1077,5024,Buy now and save 20%,0,5
4386,55,M,Giza,YouTube,Video,Travel,0,1,32,2025-02-23 21:42:00,Tablet,Windows,Organic,1070,5090,Book your travel today,0,8
4387,35,M,Mansoura,Facebook,Display,Fashion,0,0,11,2025-03-28 20:58:00,Mobile,Android,Paid,1057,5047,Buy now and save 20%,0,6
4388,40,M,Mansoura,Google Ads,Display,Fashion,0,0,28,2025-01-09 17:44:00,Desktop,Android,Organic,1058,5096,Order online fast delivery,0,4
4389,51,F,Aswan,Instagram,Search,Travel,1,0,31,2025-03-24 22:43:00,Tablet,iOS,Organic,1065,5003,Top-rated gadgets on sale,0,7
4390,29,M,Giza,Instagram,Video,Gaming,0,0,2,2025-01-29 03:21:00,Desktop,Windows,Paid,1017,5093,Limited offer!,0,5
4391,56,F,Cairo,Facebook,Display,Fashion,0,1,49,2025-03-07 09:51:00,Desktop,iOS,Paid,1033,5072,Order online fast delivery,0,1
4392,20,M,Cairo,Facebook,Video,Electronics,0,0,30,2025-03-04 03:02:00,Mobile,iOS,Paid,1018,5042,Check our new collection,0,10
4393,33,M,Cairo,YouTube,Search,Electronics,0,0,15,2025-02-21 09:11:00,Tablet,iOS,Organic,1098,5002,Buy now and save 20%,0,3
4394,18,F,Luxor,Google Ads,Display,Food & Beverage,1,0,19,2025-01-16 23:45:00,Tablet,iOS,Paid,1078,5025,Book your travel today,0,6
4395,21,M,Cairo,Facebook,Search,Electronics,0,0,7,2025-03-01 12:19:00,Desktop,Windows,Paid,1087,5034,Check our new collection,192,10
4396,28,M,Giza,Instagram,Display,Food & Beverage,1,0,31,2025-02-26 20:39:00,Mobile,iOS,Organic,1026,5065,Top-rated gadgets on sale,0,10
4397,44,M,Cairo,Google Ads,Video,Electronics,1,0,43,2025-03-24 07:02:00,Desktop,Android,Organic,1059,5029,Top-rated gadgets on sale,0,6
4398,26,M,Cairo,YouTube,Video,Food & Beverage,0,0,17,2025-03-25 09:57:00,Mobile,iOS,Paid,1093,5091,Check our new collection,0,2
4399,53,M,Cairo,Facebook,Display,Electronics,0,1,32,2025-03-16 22:14:00,Tablet,iOS,Organic,1013,5048,Check our new collection,0,7
4400,56,M,Giza,Instagram,Video,Food & Beverage,1,1,28,2025-02-28 11:15:00,Tablet,Android,Paid,1020,5071,Order online fast delivery,0,10
4401,32,F,Cairo,Facebook,Display,Fashion,0,0,36,2025-01-15 06:29:00,Mobile,iOS,Paid,1021,5000,Check our new collection,0,1
4402,45,M,Giza,Google Ads,Display,Electronics,0,0,8,2025-02-28 00:03:00,Tablet,Windows,Paid,1008,5045,Limited offer!,0,9
4403,58,M,Mansoura,Instagram,Video,Electronics,1,0,2,2025-01-21 03:19:00,Tablet,Windows,Organic,1054,5075,Check our new collection,0,3
4404,60,M,Alexandria,Facebook,Search,Fashion,0,0,2,2025-03-07 21:53:00,Desktop,Windows,Organic,1084,5040,Order online fast delivery,0,10
4405,32,M,Alexandria,Google Ads,Search,Travel,0,0,32,2025-01-18 23:51:00,Desktop,Android,Social,1010,5088,Limited offer!,0,8
4406,35,F,Cairo,Facebook,Display,Electronics,0,0,36,2025-02-09 01:42:00,Desktop,Windows,Organic,1082,5089,Top-rated gadgets on sale,1874,2
4407,41,M,Cairo,Google Ads,Video,Fashion,0,1,36,2025-03-02 00:46:00,Mobile,iOS,Paid,1057,5056,Check our new collection,0,5
4408,27,F,Luxor,Instagram,Video,Gaming,0,0,20,2025-02-21 00:54:00,Desktop,Windows,Organic,1010,5067,Buy now and save 20%,0,2
4409,58,F,Aswan,YouTube,Video,Gaming,0,0,47,2025-01-01 19:16:00,Tablet,iOS,Social,1057,5012,Limited offer!,1324,10
4410,30,M,Giza,Instagram,Display,Fashion,1,1,30,2025-02-25 06:07:00,Mobile,Windows,Social,1017,5099,Order online fast delivery,1011,2
4411,60,F,Cairo,Facebook,Display,Travel,1,0,17,2025-03-29 23:04:00,Desktop,iOS,Paid,1003,5086,Order online fast delivery,0,9
4412,51,F,Alexandria,Facebook,Display,Fashion,0,0,28,2025-02-26 06:10:00,Tablet,Windows,Social,1096,5092,Limited offer!,0,4
4413,32,F,Aswan,Google Ads,Video,Travel,0,0,47,2025-03-12 05:21:00,Mobile,Windows,Paid,1097,5095,Check our new collection,0,10
4414,39,F,Cairo,Instagram,Display,Food & Beverage,1,0,9,2025-01-10 21:11:00,Desktop,Android,Social,1078,5076,Buy now and save 20%,0,6
4415,20,M,Luxor,Instagram,Display,Electronics,1,0,21,2025-02-03 21:18:00,Tablet,Windows,Organic,1022,5086,Check our new collection,0,10
4416,46,F,Cairo,Google Ads,Display,Travel,1,0,43,2025-01-14 23:23:00,Tablet,Windows,Organic,1074,5052,Order online fast delivery,623,3
4417,52,M,Alexandria,YouTube,Search,Food & Beverage,1,1,16,2025-03-12 18:53:00,Desktop,Android,Organic,1092,5001,Order online fast delivery,0,6
4418,53,M,Luxor,Facebook,Display,Travel,0,0,45,2025-02-26 22:29:00,Desktop,Android,Organic,1027,5042,Check our new collection,0,4
4419,26,F,Giza,YouTube,Display,Food & Beverage,1,1,49,2025-03-10 20:40:00,Tablet,Android,Organic,1090,5071,Book your travel today,0,4
4420,49,M,Alexandria,Instagram,Search,Food & Beverage,1,0,19,2025-03-01 19:45:00,Mobile,Windows,Organic,1032,5005,Order online fast delivery,0,10
4421,54,M,Cairo,Facebook,Video,Electronics,1,0,39,2025-01-25 22:07:00,Tablet,iOS,Social,1061,5033,Book your travel today,0,3
4422,30,M,Cairo,YouTube,Display,Travel,0,0,46,2025-01-24 01:26:00,Desktop,iOS,Organic,1096,5064,Limited offer!,0,6
4423,37,F,Cairo,Facebook,Display,Electronics,0,0,29,2025-01-01 23:28:00,Tablet,Windows,Social,1100,5018,Limited offer!,0,1
4424,57,M,Alexandria,Facebook,Display,Food & Beverage,1,0,28,2025-02-07 10:48:00,Mobile,iOS,Organic,1081,5017,Buy now and save 20%,0,3
4425,34,F,Alexandria,Facebook,Display,Fashion,0,0,25,2025-03-29 19:50:00,Mobile,iOS,Paid,1055,5093,Book your travel today,0,9
4426,22,M,Alexandria,Google Ads,Video,Travel,1,0,13,2025-01-13 21:30:00,Tablet,Windows,Social,1008,5041,Limited offer!,0,6
4427,38,F,Alexandria,Facebook,Display,Food & Beverage,0,1,14,2025-03-23 14:01:00,Mobile,iOS,Paid,1069,5050,Limited offer!,0,7
4428,53,F,Aswan,Facebook,Video,Food & Beverage,0,0,30,2025-02-24 05:17:00,Desktop,Windows,Paid,1002,5043,Buy now and save 20%,0,5
4429,22,F,Cairo,YouTube,Display,Gaming,0,0,43,2025-01-30 10:07:00,Mobile,iOS,Social,1021,5086,Book your travel today,0,1
4430,24,F,Aswan,Instagram,Video,Travel,1,0,2,2025-03-05 22:54:00,Mobile,Windows,Organic,1094,5070,Top-rated gadgets on sale,395,5
4431,47,F,Cairo,Facebook,Display,Food & Beverage,1,1,50,2025-02-08 15:52:00,Desktop,Android,Social,1019,5092,Book your travel today,0,3
4432,52,F,Cairo,YouTube,Display,Gaming,1,1,5,2025-01-22 20:31:00,Desktop,Windows,Organic,1054,5004,Check our new collection,0,5
4433,27,M,Giza,YouTube,Video,Food & Beverage,0,1,24,2025-02-05 20:37:00,Mobile,Windows,Organic,1042,5041,Book your travel today,0,6
4434,33,F,Cairo,Instagram,Video,Food & Beverage,1,0,20,2025-03-30 02:06:00,Desktop,iOS,Social,1037,5057,Book your travel today,0,10
4435,18,F,Giza,Google Ads,Display,Electronics,1,0,16,2025-01-24 21:40:00,Desktop,iOS,Organic,1073,5057,Top-rated gadgets on sale,0,4
4436,43,F,Luxor,Facebook,Video,Electronics,0,0,15,2025-02-08 13:19:00,Mobile,Android,Paid,1024,5004,Limited offer!,1251,9
4437,37,M,Giza,Instagram,Video,Electronics,0,0,11,2025-02-03 22:32:00,Mobile,Windows,Paid,1034,5041,Limited offer!,0,8
4438,21,M,Cairo,Facebook,Display,Travel,0,0,6,2025-01-09 08:06:00,Mobile,Android,Organic,1077,5005,Check our new collection,0,8
4439,18,M,Cairo,Instagram,Video,Travel,0,0,7,2025-01-23 14:54:00,Desktop,Android,Social,1000,5071,Book your travel today,0,9
4440,28,F,Luxor,Google Ads,Display,Fashion,0,0,32,2025-03-22 20:44:00,Mobile,Android,Social,1064,5030,Buy now and save 20%,0,7
4441,35,M,Cairo,Facebook,Video,Fashion,1,1,29,2025-01-22 18:38:00,Tablet,iOS,Paid,1062,5054,Limited offer!,0,9
4442,32,F,Mansoura,Facebook,Display,Fashion,1,0,35,2025-01-18 02:48:00,Tablet,Android,Paid,1070,5019,Book your travel today,0,10
4443,51,M,Alexandria,YouTube,Video,Fashion,0,0,36,2025-01-23 11:07:00,Tablet,iOS,Organic,1050,5065,Order online fast delivery,0,5
4444,40,M,Alexandria,Instagram,Display,Gaming,0,1,27,2025-03-22 07:19:00,Tablet,Android,Paid,1047,5098,Book your travel today,0,6
4445,39,M,Cairo,YouTube,Display,Fashion,0,1,6,2025-03-16 09:27:00,Tablet,Android,Paid,1041,5078,Book your travel today,0,2
4446,20,M,Luxor,Facebook,Video,Fashion,1,0,46,2025-01-02 06:28:00,Tablet,Windows,Social,1095,5023,Top-rated gadgets on sale,0,9
4447,23,M,Aswan,Google Ads,Display,Fashion,1,1,24,2025-03-06 17:26:00,Tablet,Windows,Social,1067,5012,Check our new collection,0,1
4448,21,F,Cairo,YouTube,Display,Fashion,0,0,30,2025-02-20 17:47:00,Mobile,iOS,Organic,1085,5009,Book your travel today,0,9
4449,28,F,Alexandria,Facebook,Display,Fashion,0,0,16,2025-03-14 01:57:00,Tablet,Android,Paid,1099,5056,Buy now and save 20%,0,1
4450,28,M,Aswan,Google Ads,Video,Food & Beverage,0,0,29,2025-01-14 08:50:00,Mobile,Android,Social,1093,5054,Limited offer!,1345,4
4451,32,M,Aswan,Facebook,Video,Fashion,1,0,18,2025-01-18 13:33:00,Tablet,iOS,Paid,1022,5038,Buy now and save 20%,0,1
4452,24,M,Giza,YouTube,Video,Gaming,0,0,7,2025-03-24 16:21:00,Mobile,iOS,Organic,1044,5062,Buy now and save 20%,0,4
4453,51,F,Cairo,Facebook,Video,Fashion,0,0,22,2025-02-04 15:00:00,Mobile,Windows,Paid,1073,5010,Top-rated gadgets on sale,0,7
4454,60,M,Alexandria,Google Ads,Display,Electronics,1,0,28,2025-02-09 10:45:00,Desktop,Android,Organic,1006,5040,Check our new collection,0,10
4455,26,F,Aswan,YouTube,Display,Fashion,0,0,28,2025-01-10 09:30:00,Mobile,iOS,Organic,1057,5005,Book your travel today,0,2
4456,37,M,Alexandria,Google Ads,Search,Gaming,1,0,36,2025-02-16 19:07:00,Mobile,Windows,Social,1037,5038,Check our new collection,0,6
4457,53,F,Cairo,Instagram,Display,Electronics,1,0,18,2025-03-29 17:53:00,Tablet,Windows,Paid,1017,5073,Order online fast delivery,0,7
4458,28,F,Giza,Facebook,Video,Gaming,0,0,43,2025-03-30 04:30:00,Mobile,Windows,Social,1055,5026,Check our new collection,0,4
4459,49,M,Cairo,Facebook,Display,Electronics,0,0,19,2025-01-28 00:07:00,Mobile,iOS,Paid,1083,5068,Limited offer!,347,3
4460,40,M,Cairo,Google Ads,Video,Food & Beverage,0,1,15,2025-01-25 20:11:00,Desktop,Android,Paid,1046,5064,Order online fast delivery,0,4
4461,52,M,Cairo,Facebook,Video,Food & Beverage,0,0,13,2025-03-03 23:26:00,Tablet,Android,Paid,1095,5080,Limited offer!,0,9
4462,57,F,Mansoura,Google Ads,Display,Food & Beverage,0,0,17,2025-03-07 11:30:00,Desktop,iOS,Organic,1066,5041,Buy now and save 20%,0,4
4463,48,F,Cairo,Google Ads,Display,Gaming,0,1,37,2025-02-04 07:17:00,Mobile,iOS,Paid,1096,5089,Limited offer!,0,6
4464,53,M,Mansoura,Instagram,Search,Food & Beverage,1,0,28,2025-03-10 18:03:00,Mobile,iOS,Social,1005,5055,Top-rated gadgets on sale,0,4
4465,31,F,Giza,Facebook,Display,Fashion,1,0,19,2025-01-15 01:53:00,Desktop,iOS,Organic,1097,5039,Buy now and save 20%,0,9
4466,25,F,Cairo,Facebook,Video,Gaming,0,0,26,2025-03-04 09:46:00,Tablet,iOS,Organic,1072,5078,Order online fast delivery,0,7
4467,19,F,Giza,YouTube,Video,Travel,0,0,37,2025-03-08 14:48:00,Mobile,Windows,Paid,1037,5093,Book your travel today,0,2
4468,35,M,Cairo,Instagram,Search,Gaming,0,0,28,2025-01-24 17:38:00,Mobile,iOS,Paid,1010,5052,Check our new collection,0,3
4469,44,M,Aswan,Facebook,Display,Gaming,1,0,49,2025-03-21 03:40:00,Mobile,Windows,Paid,1006,5050,Check our new collection,1838,9
4470,48,M,Giza,Facebook,Video,Electronics,0,0,21,2025-02-23 01:13:00,Desktop,iOS,Paid,1016,5072,Top-rated gadgets on sale,0,6
4471,47,F,Alexandria,YouTube,Video,Fashion,1,0,3,2025-02-20 19:17:00,Mobile,Windows,Social,1019,5008,Check our new collection,0,9
4472,58,M,Cairo,Facebook,Search,Electronics,0,0,26,2025-02-05 15:26:00,Tablet,Windows,Paid,1060,5031,Book your travel today,0,2
4473,42,M,Aswan,Google Ads,Video,Electronics,1,0,22,2025-02-16 18:11:00,Tablet,Android,Paid,1017,5025,Book your travel today,0,1
4474,18,F,Luxor,Instagram,Display,Food & Beverage,0,0,30,2025-02-15 19:47:00,Desktop,Android,Paid,1099,5077,Limited offer!,629,3
4475,18,M,Luxor,Facebook,Search,Travel,0,0,40,2025-03-27 22:45:00,Desktop,Windows,Paid,1052,5057,Book your travel today,546,9
4476,53,F,Alexandria,YouTube,Video,Fashion,0,0,35,2025-01-11 11:36:00,Tablet,Windows,Paid,1085,5032,Limited offer!,1963,8
4477,28,M,Aswan,Facebook,Display,Food & Beverage,1,0,25,2025-01-28 07:52:00,Mobile,Windows,Paid,1012,5085,Buy now and save 20%,0,5
4478,33,M,Luxor,Facebook,Video,Travel,1,0,23,2025-02-05 22:21:00,Tablet,iOS,Organic,1016,5066,Limited offer!,909,6
4479,21,M,Giza,Instagram,Display,Food & Beverage,0,1,46,2025-03-27 03:26:00,Mobile,Windows,Social,1064,5086,Book your travel today,0,1
4480,32,M,Giza,Google Ads,Display,Gaming,0,0,34,2025-02-17 21:31:00,Desktop,iOS,Paid,1018,5085,Order online fast delivery,0,2
4481,54,F,Cairo,Instagram,Video,Fashion,0,0,15,2025-02-06 16:58:00,Mobile,Windows,Organic,1012,5003,Top-rated gadgets on sale,0,5
4482,44,M,Alexandria,Facebook,Display,Gaming,0,0,27,2025-03-20 17:42:00,Mobile,iOS,Paid,1077,5049,Check our new collection,1461,2
4483,54,M,Alexandria,Instagram,Video,Fashion,1,0,48,2025-01-03 09:34:00,Tablet,Android,Paid,1064,5028,Buy now and save 20%,0,5
4484,23,M,Alexandria,Facebook,Video,Gaming,1,0,30,2025-02-16 01:25:00,Desktop,Windows,Paid,1012,5049,Check our new collection,0,2
4485,25,F,Mansoura,Facebook,Display,Gaming,1,0,42,2025-01-06 08:10:00,Tablet,Android,Organic,1017,5042,Limited offer!,0,10
4486,43,F,Cairo,Google Ads,Display,Food & Beverage,1,1,38,2025-03-01 22:30:00,Mobile,iOS,Social,1032,5080,Book your travel today,0,4
4487,55,M,Luxor,Facebook,Search,Fashion,0,0,41,2025-01-29 14:11:00,Tablet,Android,Paid,1095,5025,Buy now and save 20%,0,7
4488,49,F,Cairo,Google Ads,Display,Electronics,0,0,46,2025-03-25 01:09:00,Mobile,Windows,Social,1029,5053,Top-rated gadgets on sale,0,7
4489,49,F,Mansoura,Google Ads,Video,Electronics,1,0,48,2025-01-06 13:49:00,Mobile,iOS,Paid,1007,5063,Order online fast delivery,0,10
4490,59,F,Giza,Google Ads,Video,Travel,1,0,18,2025-02-20 18:12:00,Mobile,Windows,Social,1043,5041,Book your travel today,0,10
4491,59,M,Cairo,Instagram,Display,Gaming,1,1,22,2025-01-21 09:13:00,Tablet,Windows,Social,1060,5078,Top-rated gadgets on sale,0,10
4492,53,M,Cairo,YouTube,Video,Fashion,1,1,44,2025-02-10 12:18:00,Mobile,Android,Organic,1065,5080,Top-rated gadgets on sale,0,8
4493,23,M,Luxor,Google Ads,Video,Fashion,0,0,26,2025-02-03 05:56:00,Desktop,iOS,Social,1008,5059,Limited offer!,0,9
4494,26,F,Alexandria,Facebook,Video,Electronics,1,0,7,2025-02-26 09:39:00,Tablet,iOS,Organic,1035,5056,Limited offer!,0,9
4495,57,F,Cairo,Facebook,Video,Travel,1,1,3,2025-03-09 20:00:00,Mobile,Windows,Organic,1059,5042,Limited offer!,0,8
4496,47,F,Luxor,Instagram,Display,Food & Beverage,1,0,27,2025-02-07 23:24:00,Tablet,iOS,Social,1068,5074,Buy now and save 20%,0,10
4497,53,F,Aswan,Google Ads,Display,Electronics,0,0,32,2025-03-23 10:00:00,Mobile,Windows,Social,1006,5083,Check our new collection,0,1
4498,32,F,Cairo,Google Ads,Display,Fashion,1,0,45,2025-03-22 07:47:00,Mobile,iOS,Social,1013,5057,Limited offer!,0,4
4499,56,M,Cairo,Facebook,Search,Travel,0,0,8,2025-02-12 19:25:00,Tablet,Windows,Paid,1043,5100,Limited offer!,160,5
4500,36,F,Cairo,YouTube,Search,Gaming,0,0,26,2025-01-16 09:07:00,Tablet,Android,Social,1082,5050,Check our new collection,0,5
4501,23,M,Giza,Facebook,Display,Gaming,1,0,29,2025-02-13 02:13:00,Tablet,Android,Social,1003,5078,Check our new collection,487,7
4502,52,F,Cairo,YouTube,Video,Gaming,0,0,19,2025-03-27 08:25:00,Desktop,iOS,Organic,1048,5067,Order online fast delivery,0,4
4503,20,F,Mansoura,YouTube,Display,Travel,1,1,50,2025-03-15 14:27:00,Mobile,iOS,Social,1084,5085,Buy now and save 20%,0,6
4504,58,F,Cairo,Instagram,Video,Food & Beverage,0,1,21,2025-01-25 03:16:00,Mobile,iOS,Paid,1033,5076,Limited offer!,0,7
4505,46,F,Mansoura,YouTube,Display,Gaming,0,1,50,2025-01-07 20:06:00,Desktop,Windows,Organic,1046,5013,Buy now and save 20%,0,2
4506,42,F,Giza,Instagram,Video,Electronics,0,0,46,2025-01-31 07:50:00,Mobile,Windows,Paid,1003,5015,Book your travel today,1575,7
4507,50,M,Giza,YouTube,Display,Food & Beverage,0,0,17,2025-03-31 17:26:00,Tablet,Android,Organic,1038,5098,Top-rated gadgets on sale,0,2
4508,26,M,Cairo,Instagram,Video,Gaming,1,1,41,2025-02-11 09:57:00,Desktop,iOS,Social,1083,5015,Top-rated gadgets on sale,0,2
4509,45,F,Giza,Instagram,Display,Fashion,0,0,4,2025-03-20 20:32:00,Desktop,Android,Social,1042,5019,Limited offer!,1143,9
4510,54,F,Giza,YouTube,Display,Food & Beverage,0,0,10,2025-03-26 19:58:00,Desktop,Android,Paid,1040,5067,Top-rated gadgets on sale,0,4
4511,51,M,Alexandria,Facebook,Display,Gaming,0,0,44,2025-01-09 12:14:00,Mobile,iOS,Organic,1044,5009,Limited offer!,1313,6
4512,27,M,Cairo,Facebook,Display,Fashion,0,1,15,2025-01-20 15:22:00,Mobile,iOS,Paid,1067,5031,Top-rated gadgets on sale,0,8
4513,39,M,Luxor,YouTube,Video,Electronics,0,0,10,2025-02-15 23:13:00,Mobile,Android,Social,1047,5044,Book your travel today,0,6
4514,23,M,Aswan,Instagram,Display,Travel,0,0,32,2025-01-21 17:13:00,Mobile,Android,Social,1008,5064,Order online fast delivery,0,2
4515,34,M,Cairo,Instagram,Video,Fashion,0,0,43,2025-01-25 04:22:00,Mobile,Android,Social,1024,5066,Top-rated gadgets on sale,0,4
4516,58,M,Mansoura,Facebook,Display,Fashion,0,0,19,2025-03-28 09:51:00,Tablet,Windows,Organic,1031,5035,Check our new collection,0,5
4517,54,M,Alexandria,YouTube,Search,Gaming,1,0,24,2025-01-07 03:12:00,Mobile,Windows,Social,1075,5067,Limited offer!,0,4
4518,23,F,Cairo,Instagram,Display,Electronics,0,0,33,2025-02-25 15:37:00,Mobile,Windows,Organic,1014,5010,Book your travel today,0,10
4519,53,F,Luxor,Facebook,Display,Travel,0,0,30,2025-02-03 23:32:00,Tablet,iOS,Paid,1009,5019,Top-rated gadgets on sale,0,4
4520,52,F,Giza,Facebook,Display,Travel,0,0,28,2025-02-06 12:03:00,Desktop,iOS,Social,1027,5018,Book your travel today,0,8
4521,22,M,Giza,YouTube,Video,Gaming,0,0,36,2025-02-03 01:17:00,Desktop,iOS,Organic,1008,5038,Limited offer!,0,8
4522,59,F,Aswan,Google Ads,Search,Fashion,1,0,26,2025-03-03 22:37:00,Mobile,Windows,Social,1086,5025,Buy now and save 20%,0,4
4523,19,M,Luxor,YouTube,Display,Food & Beverage,0,0,5,2025-03-10 00:56:00,Desktop,Windows,Organic,1019,5024,Top-rated gadgets on sale,1451,1
4524,51,F,Alexandria,Google Ads,Video,Gaming,1,0,34,2025-02-28 15:58:00,Tablet,Android,Organic,1035,5088,Buy now and save 20%,310,8
4525,40,F,Giza,Instagram,Display,Fashion,0,0,16,2025-03-25 14:45:00,Desktop,iOS,Paid,1030,5003,Buy now and save 20%,0,2
4526,55,M,Giza,Instagram,Display,Gaming,1,0,27,2025-01-02 21:18:00,Mobile,Windows,Social,1074,5039,Buy now and save 20%,0,6
4527,32,F,Cairo,Facebook,Video,Travel,0,0,4,2025-01-11 10:32:00,Tablet,Windows,Organic,1069,5076,Order online fast delivery,73,4
4528,23,F,Luxor,Instagram,Search,Food & Beverage,0,0,50,2025-03-08 08:39:00,Desktop,Windows,Organic,1056,5044,Limited offer!,0,8
4529,23,M,Giza,Instagram,Display,Fashion,1,0,41,2025-03-15 23:17:00,Mobile,Android,Organic,1087,5042,Limited offer!,614,10
4530,32,F,Aswan,Facebook,Display,Food & Beverage,0,0,45,2025-01-09 05:21:00,Mobile,iOS,Organic,1066,5011,Top-rated gadgets on sale,0,3
4531,59,F,Cairo,Google Ads,Video,Fashion,1,0,39,2025-03-06 19:14:00,Mobile,iOS,Social,1007,5018,Book your travel today,0,6
4532,54,F,Luxor,Facebook,Search,Fashion,0,1,36,2025-02-25 11:12:00,Tablet,Android,Paid,1003,5062,Buy now and save 20%,0,1
4533,27,F,Cairo,Facebook,Display,Electronics,0,0,4,2025-01-02 11:37:00,Tablet,Windows,Paid,1066,5019,Limited offer!,0,7
4534,34,F,Luxor,Instagram,Video,Gaming,1,1,35,2025-01-10 00:48:00,Desktop,Windows,Organic,1037,5001,Top-rated gadgets on sale,0,2
4535,24,M,Giza,Facebook,Display,Fashion,1,0,32,2025-01-24 11:20:00,Mobile,Windows,Organic,1017,5033,Book your travel today,0,1
4536,35,F,Cairo,Google Ads,Display,Electronics,0,0,38,2025-01-10 02:07:00,Mobile,Windows,Organic,1036,5073,Book your travel today,0,7
4537,24,F,Alexandria,Facebook,Display,Gaming,1,0,39,2025-02-19 18:59:00,Tablet,iOS,Organic,1029,5022,Check our new collection,0,2
4538,59,M,Cairo,Facebook,Display,Fashion,1,0,31,2025-01-09 20:00:00,Mobile,Android,Social,1077,5053,Check our new collection,0,10
4539,34,F,Giza,Facebook,Search,Travel,0,0,6,2025-02-08 18:22:00,Tablet,Windows,Social,1088,5001,Limited offer!,0,2
4540,41,M,Alexandria,Facebook,Display,Food & Beverage,0,0,16,2025-02-21 01:52:00,Desktop,Windows,Social,1012,5081,Book your travel today,0,10
4541,60,M,Cairo,YouTube,Display,Food & Beverage,0,0,26,2025-01-05 21:54:00,Desktop,Windows,Organic,1068,5017,Order online fast delivery,1158,6
4542,51,M,Cairo,Instagram,Display,Fashion,0,0,34,2025-03-15 08:37:00,Desktop,iOS,Social,1083,5025,Check our new collection,0,7
4543,55,M,Luxor,Facebook,Video,Electronics,0,0,25,2025-03-07 02:51:00,Desktop,Android,Social,1001,5027,Limited offer!,1339,6
4544,21,M,Luxor,Instagram,Video,Food & Beverage,1,0,20,2025-01-03 15:27:00,Tablet,Android,Organic,1070,5017,Book your travel today,0,9
4545,21,F,Alexandria,Google Ads,Display,Food & Beverage,1,0,44,2025-01-06 14:45:00,Mobile,Android,Paid,1018,5017,Limited offer!,0,9
4546,38,F,Giza,Facebook,Search,Gaming,0,0,47,2025-01-16 03:15:00,Desktop,Windows,Paid,1075,5085,Limited offer!,0,8
4547,38,F,Cairo,Google Ads,Display,Gaming,0,0,12,2025-01-10 07:24:00,Tablet,Android,Organic,1001,5100,Book your travel today,0,2
4548,57,F,Aswan,Instagram,Search,Food & Beverage,0,0,37,2025-01-20 22:29:00,Tablet,iOS,Organic,1056,5041,Limited offer!,0,10
4549,44,M,Alexandria,Instagram,Display,Fashion,1,0,35,2025-01-08 17:11:00,Desktop,Windows,Organic,1057,5038,Book your travel today,0,9
4550,54,M,Luxor,Facebook,Display,Gaming,1,0,36,2025-03-08 06:49:00,Mobile,iOS,Social,1032,5069,Order online fast delivery,0,9
4551,44,M,Giza,Google Ads,Video,Travel,0,0,7,2025-01-14 11:25:00,Mobile,Windows,Organic,1099,5015,Top-rated gadgets on sale,0,2
4552,33,M,Cairo,Facebook,Display,Electronics,0,0,28,2025-02-09 02:12:00,Tablet,iOS,Social,1001,5087,Order online fast delivery,0,9
4553,46,F,Giza,Google Ads,Display,Gaming,0,0,40,2025-02-20 01:09:00,Mobile,Android,Paid,1017,5084,Check our new collection,0,1
4554,27,M,Cairo,Facebook,Display,Food & Beverage,0,0,41,2025-01-29 10:33:00,Desktop,Windows,Social,1075,5047,Limited offer!,1634,9
4555,33,M,Cairo,Instagram,Search,Travel,0,1,36,2025-02-28 02:55:00,Desktop,Android,Paid,1037,5022,Top-rated gadgets on sale,0,4
4556,49,F,Giza,Facebook,Display,Travel,1,1,49,2025-02-28 02:05:00,Mobile,Android,Social,1019,5044,Buy now and save 20%,0,3
4557,40,M,Giza,Facebook,Search,Electronics,0,0,27,2025-02-19 05:23:00,Mobile,Windows,Social,1049,5041,Buy now and save 20%,106,5
4558,41,M,Mansoura,Facebook,Video,Gaming,0,0,45,2025-03-19 02:36:00,Mobile,iOS,Social,1000,5051,Limited offer!,0,5
4559,34,F,Cairo,Facebook,Search,Food & Beverage,1,0,22,2025-01-05 15:42:00,Tablet,Windows,Paid,1099,5002,Order online fast delivery,0,7
4560,52,M,Cairo,Facebook,Display,Electronics,0,0,33,2025-02-04 10:02:00,Desktop,Windows,Paid,1054,5079,Buy now and save 20%,0,2
4561,59,F,Giza,Facebook,Display,Gaming,0,0,37,2025-01-14 06:09:00,Tablet,iOS,Social,1096,5015,Buy now and save 20%,0,2
4562,43,M,Mansoura,Facebook,Video,Electronics,1,0,8,2025-03-26 21:58:00,Tablet,Android,Paid,1056,5051,Book your travel today,1478,1
4563,55,M,Cairo,YouTube,Search,Travel,0,1,13,2025-01-18 06:04:00,Mobile,iOS,Organic,1095,5091,Book your travel today,1893,3
4564,45,M,Cairo,Instagram,Video,Travel,0,0,5,2025-01-09 07:04:00,Tablet,Android,Social,1070,5054,Top-rated gadgets on sale,0,2
4565,51,M,Aswan,Google Ads,Display,Fashion,0,1,8,2025-03-01 23:44:00,Tablet,iOS,Social,1088,5061,Top-rated gadgets on sale,0,6
4566,48,M,Cairo,Google Ads,Search,Electronics,1,0,34,2025-03-27 19:50:00,Tablet,iOS,Paid,1045,5051,Top-rated gadgets on sale,0,3
4567,29,M,Alexandria,Google Ads,Display,Fashion,1,1,50,2025-01-16 00:54:00,Mobile,iOS,Paid,1024,5041,Limited offer!,0,5
4568,37,M,Cairo,Facebook,Video,Food & Beverage,1,1,26,2025-01-08 01:12:00,Mobile,Windows,Social,1072,5100,Order online fast delivery,0,7
4569,32,F,Alexandria,Facebook,Video,Electronics,0,0,40,2025-01-02 17:02:00,Mobile,Windows,Social,1031,5078,Book your travel today,0,2
4570,24,M,Cairo,Instagram,Display,Fashion,0,0,42,2025-03-26 12:36:00,Mobile,Android,Organic,1094,5002,Order online fast delivery,0,8
4571,40,M,Aswan,Google Ads,Display,Gaming,0,1,43,2025-03-17 05:43:00,Desktop,iOS,Paid,1036,5030,Buy now and save 20%,0,7
4572,20,M,Cairo,Facebook,Display,Gaming,0,0,2,2025-02-08 02:37:00,Desktop,Android,Social,1022,5017,Order online fast delivery,0,5
4573,27,F,Cairo,Google Ads,Display,Gaming,0,0,10,2025-01-23 17:42:00,Desktop,Windows,Organic,1048,5086,Top-rated gadgets on sale,0,9
4574,56,M,Cairo,Instagram,Video,Food & Beverage,1,1,27,2025-03-08 09:49:00,Mobile,Windows,Organic,1084,5003,Book your travel today,0,9
4575,48,F,Alexandria,Facebook,Display,Fashion,1,0,3,2025-02-20 07:19:00,Desktop,Android,Organic,1079,5077,Order online fast delivery,0,1
4576,25,M,Luxor,Facebook,Display,Travel,1,0,17,2025-02-13 13:13:00,Desktop,Android,Social,1054,5036,Book your travel today,1083,10
4577,30,M,Cairo,Facebook,Display,Fashion,1,0,27,2025-02-03 22:24:00,Desktop,iOS,Social,1086,5058,Book your travel today,0,10
4578,28,M,Alexandria,YouTube,Display,Electronics,0,0,48,2025-03-02 20:17:00,Tablet,iOS,Paid,1024,5018,Limited offer!,0,5
4579,55,M,Giza,Instagram,Search,Travel,1,0,10,2025-02-26 07:51:00,Tablet,iOS,Social,1071,5076,Book your travel today,0,8
4580,39,F,Cairo,Google Ads,Display,Electronics,1,0,5,2025-02-12 19:37:00,Mobile,Windows,Social,1026,5070,Check our new collection,0,10
4581,18,F,Aswan,Instagram,Display,Food & Beverage,0,0,9,2025-01-23 07:45:00,Desktop,iOS,Paid,1084,5075,Limited offer!,0,6
4582,49,M,Alexandria,Instagram,Display,Travel,0,0,24,2025-01-24 12:55:00,Desktop,iOS,Organic,1040,5011,Order online fast delivery,0,1
4583,45,F,Giza,Google Ads,Display,Gaming,1,1,32,2025-03-29 08:04:00,Mobile,iOS,Organic,1058,5015,Limited offer!,0,8
4584,27,F,Alexandria,Instagram,Video,Travel,1,1,11,2025-02-22 01:30:00,Tablet,iOS,Organic,1048,5077,Order online fast delivery,527,3
4585,59,M,Giza,YouTube,Display,Fashion,1,0,5,2025-01-17 04:32:00,Tablet,iOS,Organic,1025,5035,Check our new collection,0,10
4586,38,F,Giza,Facebook,Video,Travel,0,0,48,2025-02-10 20:30:00,Mobile,iOS,Social,1000,5022,Buy now and save 20%,1786,4
4587,38,F,Alexandria,Facebook,Display,Food & Beverage,0,0,25,2025-02-13 23:47:00,Mobile,Windows,Paid,1092,5089,Top-rated gadgets on sale,0,2
4588,33,M,Giza,Facebook,Display,Travel,0,1,10,2025-02-19 05:20:00,Tablet,iOS,Paid,1077,5061,Order online fast delivery,0,10
4589,54,M,Giza,Facebook,Video,Electronics,1,0,38,2025-02-24 22:39:00,Tablet,Android,Social,1024,5064,Order online fast delivery,0,9
4590,30,M,Cairo,Google Ads,Display,Food & Beverage,1,0,11,2025-02-12 03:53:00,Mobile,Windows,Paid,1047,5034,Book your travel today,0,6
4591,22,F,Mansoura,Facebook,Search,Electronics,1,1,16,2025-01-08 01:33:00,Mobile,iOS,Organic,1071,5016,Book your travel today,0,3
4592,42,M,Cairo,Instagram,Search,Food & Beverage,0,0,36,2025-01-12 18:38:00,Desktop,Windows,Paid,1067,5032,Top-rated gadgets on sale,0,6
4593,48,F,Cairo,Instagram,Video,Food & Beverage,1,0,49,2025-01-19 20:54:00,Mobile,Android,Paid,1020,5079,Buy now and save 20%,739,8
4594,53,M,Cairo,Instagram,Display,Travel,0,0,12,2025-02-23 04:50:00,Mobile,Android,Paid,1035,5086,Top-rated gadgets on sale,0,1
4595,58,M,Giza,Instagram,Display,Gaming,1,0,13,2025-01-07 11:55:00,Mobile,iOS,Social,1092,5097,Top-rated gadgets on sale,0,4
4596,18,M,Mansoura,Google Ads,Search,Travel,1,0,22,2025-02-15 04:45:00,Desktop,iOS,Organic,1039,5060,Check our new collection,0,3
4597,43,M,Cairo,Instagram,Video,Food & Beverage,0,0,26,2025-01-25 12:54:00,Tablet,Android,Organic,1083,5083,Limited offer!,0,7
4598,50,F,Alexandria,Facebook,Display,Food & Beverage,0,0,45,2025-03-27 04:16:00,Mobile,iOS,Social,1082,5087,Order online fast delivery,0,7
4599,22,F,Giza,YouTube,Video,Fashion,0,0,49,2025-02-02 04:42:00,Tablet,iOS,Organic,1012,5012,Limited offer!,0,8
4600,22,F,Aswan,Facebook,Display,Food & Beverage,0,0,5,2025-01-16 14:00:00,Tablet,iOS,Paid,1054,5070,Top-rated gadgets on sale,1110,6
4601,29,M,Alexandria,Google Ads,Search,Electronics,1,0,28,2025-02-08 20:59:00,Tablet,Android,Paid,1000,5071,Top-rated gadgets on sale,0,10
4602,31,M,Cairo,Facebook,Video,Fashion,0,0,2,2025-02-02 03:20:00,Tablet,Windows,Paid,1064,5031,Order online fast delivery,0,6
4603,34,M,Mansoura,Instagram,Display,Electronics,0,0,25,2025-02-09 20:54:00,Tablet,Android,Organic,1036,5067,Buy now and save 20%,0,4
4604,20,M,Luxor,Google Ads,Display,Travel,1,1,4,2025-02-12 12:05:00,Mobile,Android,Social,1052,5036,Book your travel today,0,5
4605,32,M,Cairo,Instagram,Video,Electronics,1,0,10,2025-01-31 04:35:00,Desktop,Windows,Organic,1041,5071,Check our new collection,0,3
4606,49,F,Cairo,Instagram,Search,Travel,0,0,31,2025-03-22 14:46:00,Mobile,Android,Paid,1090,5090,Check our new collection,0,9
4607,36,M,Cairo,Facebook,Display,Fashion,0,0,21,2025-02-21 05:02:00,Desktop,iOS,Organic,1027,5012,Book your travel today,0,4
4608,26,M,Mansoura,Facebook,Video,Electronics,0,0,3,2025-01-29 02:24:00,Mobile,Windows,Social,1037,5017,Top-rated gadgets on sale,0,5
4609,24,M,Giza,Facebook,Video,Electronics,0,0,26,2025-01-22 00:31:00,Mobile,Windows,Paid,1038,5041,Limited offer!,0,6
4610,46,F,Aswan,YouTube,Video,Travel,0,0,25,2025-01-08 22:47:00,Mobile,Android,Social,1093,5030,Buy now and save 20%,0,4
4611,24,M,Giza,Instagram,Video,Gaming,1,0,33,2025-03-15 01:44:00,Desktop,Windows,Social,1094,5069,Top-rated gadgets on sale,0,10
4612,39,M,Cairo,Instagram,Search,Fashion,0,0,24,2025-01-03 14:58:00,Mobile,iOS,Organic,1042,5008,Limited offer!,0,7
4613,18,M,Luxor,Instagram,Video,Food & Beverage,1,1,36,2025-03-13 05:57:00,Mobile,iOS,Paid,1034,5099,Book your travel today,0,3
4614,50,M,Cairo,YouTube,Video,Travel,0,0,46,2025-01-23 14:07:00,Mobile,Android,Organic,1100,5013,Book your travel today,0,8
4615,20,F,Aswan,Instagram,Video,Electronics,0,1,22,2025-01-26 03:07:00,Desktop,iOS,Paid,1100,5028,Buy now and save 20%,0,8
4616,31,F,Cairo,Google Ads,Display,Travel,0,1,26,2025-03-25 07:13:00,Tablet,Windows,Paid,1061,5075,Top-rated gadgets on sale,0,9
4617,38,F,Luxor,YouTube,Video,Food & Beverage,0,1,33,2025-02-18 07:30:00,Desktop,iOS,Organic,1004,5087,Buy now and save 20%,0,2
4618,40,M,Giza,Google Ads,Display,Fashion,1,0,38,2025-03-05 01:04:00,Desktop,Android,Organic,1029,5042,Limited offer!,1240,8
4619,59,M,Cairo,Facebook,Display,Fashion,0,0,5,2025-01-03 01:55:00,Mobile,iOS,Organic,1021,5024,Check our new collection,0,2
4620,37,F,Cairo,Facebook,Display,Fashion,0,0,9,2025-03-12 01:37:00,Desktop,iOS,Organic,1009,5059,Order online fast delivery,0,9
4621,36,F,Aswan,YouTube,Display,Travel,0,0,10,2025-03-24 04:33:00,Mobile,Android,Organic,1064,5099,Check our new collection,0,5
4622,21,M,Cairo,YouTube,Search,Fashion,1,1,22,2025-01-20 16:39:00,Tablet,Android,Social,1001,5031,Top-rated gadgets on sale,0,6
4623,53,F,Giza,Instagram,Search,Travel,1,0,40,2025-02-17 10:41:00,Mobile,iOS,Social,1091,5028,Check our new collection,0,7
4624,21,F,Cairo,Facebook,Display,Food & Beverage,0,0,24,2025-03-17 13:14:00,Tablet,Windows,Paid,1092,5063,Top-rated gadgets on sale,0,3
4625,18,M,Cairo,Google Ads,Video,Fashion,1,0,24,2025-03-17 08:53:00,Mobile,Windows,Paid,1007,5082,Top-rated gadgets on sale,0,4
4626,51,M,Cairo,Google Ads,Display,Travel,1,0,25,2025-03-11 12:29:00,Mobile,Android,Paid,1022,5068,Limited offer!,0,8
4627,49,M,Aswan,Instagram,Video,Fashion,0,0,48,2025-01-13 14:42:00,Desktop,Windows,Social,1008,5000,Order online fast delivery,0,2
4628,30,F,Alexandria,Google Ads,Search,Fashion,1,1,4,2025-03-18 09:02:00,Tablet,iOS,Paid,1052,5058,Order online fast delivery,0,8
4629,40,M,Alexandria,Instagram,Video,Food & Beverage,0,0,48,2025-02-16 21:51:00,Mobile,Windows,Organic,1070,5008,Check our new collection,0,10
4630,50,F,Mansoura,YouTube,Display,Food & Beverage,0,0,39,2025-03-18 22:12:00,Mobile,iOS,Organic,1003,5089,Buy now and save 20%,0,5
4631,58,M,Mansoura,YouTube,Display,Food & Beverage,0,0,23,2025-02-04 06:59:00,Desktop,Windows,Paid,1032,5036,Limited offer!,0,2
4632,31,F,Cairo,YouTube,Search,Fashion,1,0,7,2025-01-13 01:03:00,Tablet,iOS,Social,1046,5021,Order online fast delivery,0,6
4633,22,M,Alexandria,Facebook,Video,Food & Beverage,1,0,40,2025-03-15 01:56:00,Desktop,Windows,Social,1036,5018,Limited offer!,0,3
4634,50,M,Cairo,Instagram,Display,Food & Beverage,1,0,42,2025-02-16 15:09:00,Desktop,Android,Paid,1018,5008,Book your travel today,0,3
4635,44,F,Giza,Google Ads,Video,Food & Beverage,0,0,48,2025-01-13 12:24:00,Mobile,Windows,Organic,1009,5083,Limited offer!,0,4
4636,21,M,Alexandria,YouTube,Display,Fashion,0,0,31,2025-02-27 12:16:00,Desktop,Windows,Social,1004,5018,Limited offer!,0,3
4637,51,F,Giza,Facebook,Search,Fashion,1,1,18,2025-03-05 13:39:00,Mobile,Android,Paid,1068,5074,Book your travel today,0,1
4638,40,F,Giza,Facebook,Display,Fashion,0,0,45,2025-01-16 05:36:00,Tablet,Windows,Organic,1050,5075,Buy now and save 20%,0,3
4639,38,F,Cairo,YouTube,Display,Food & Beverage,0,0,34,2025-01-05 06:37:00,Tablet,Android,Paid,1067,5055,Order online fast delivery,0,4
4640,56,M,Cairo,Google Ads,Display,Food & Beverage,0,0,31,2025-02-01 00:54:00,Mobile,iOS,Social,1086,5026,Top-rated gadgets on sale,0,2
4641,21,F,Giza,YouTube,Video,Fashion,0,0,22,2025-01-05 01:55:00,Desktop,Android,Organic,1016,5077,Top-rated gadgets on sale,0,10
4642,26,M,Cairo,Facebook,Display,Electronics,0,0,9,2025-02-15 20:40:00,Tablet,Android,Organic,1003,5012,Buy now and save 20%,0,3
4643,25,M,Cairo,YouTube,Display,Food & Beverage,0,0,19,2025-03-22 23:40:00,Tablet,iOS,Organic,1000,5081,Top-rated gadgets on sale,0,9
4644,54,F,Cairo,YouTube,Display,Electronics,0,0,19,2025-03-17 14:51:00,Tablet,iOS,Social,1052,5096,Book your travel today,0,3
4645,22,F,Luxor,Instagram,Search,Food & Beverage,0,0,3,2025-03-27 14:14:00,Mobile,iOS,Organic,1069,5079,Check our new collection,0,8
4646,30,F,Cairo,Facebook,Search,Food & Beverage,1,1,12,2025-03-16 11:08:00,Mobile,Windows,Social,1090,5075,Check our new collection,0,9
4647,60,M,Cairo,Google Ads,Search,Fashion,1,0,39,2025-02-14 04:13:00,Desktop,Windows,Social,1083,5078,Top-rated gadgets on sale,0,2
4648,49,M,Aswan,Facebook,Display,Travel,0,0,33,2025-03-18 04:29:00,Tablet,Windows,Social,1064,5023,Limited offer!,0,9
4649,39,M,Luxor,Instagram,Search,Fashion,0,0,7,2025-03-21 13:00:00,Desktop,Windows,Paid,1097,5048,Book your travel today,0,3
4650,19,F,Giza,Facebook,Video,Electronics,0,1,37,2025-02-12 21:03:00,Desktop,iOS,Organic,1093,5027,Top-rated gadgets on sale,0,5
4651,24,F,Aswan,Google Ads,Display,Food & Beverage,1,1,40,2025-01-31 16:24:00,Desktop,Windows,Social,1026,5023,Order online fast delivery,0,2
4652,58,M,Cairo,Google Ads,Search,Electronics,0,0,30,2025-03-10 04:27:00,Tablet,iOS,Organic,1034,5079,Order online fast delivery,0,7
4653,27,F,Alexandria,Google Ads,Video,Food & Beverage,0,0,30,2025-03-27 17:46:00,Mobile,Android,Social,1085,5081,Check our new collection,0,2
4654,60,M,Cairo,YouTube,Video,Travel,0,0,38,2025-03-05 23:42:00,Desktop,Windows,Organic,1068,5061,Order online fast delivery,0,10
4655,57,M,Aswan,Google Ads,Display,Gaming,0,0,27,2025-02-28 23:15:00,Mobile,Android,Organic,1082,5015,Limited offer!,0,1
4656,35,F,Cairo,Instagram,Display,Travel,0,0,38,2025-02-26 16:31:00,Desktop,Windows,Organic,1051,5093,Buy now and save 20%,0,2
4657,41,M,Alexandria,Facebook,Search,Electronics,0,0,49,2025-03-18 03:35:00,Desktop,iOS,Organic,1083,5003,Book your travel today,0,9
4658,44,M,Giza,Facebook,Video,Electronics,0,0,36,2025-01-27 09:52:00,Desktop,iOS,Organic,1010,5075,Check our new collection,0,1
4659,46,F,Aswan,Facebook,Display,Fashion,0,0,34,2025-03-04 11:04:00,Mobile,Android,Organic,1003,5091,Limited offer!,0,1
4660,26,F,Giza,Facebook,Display,Fashion,1,1,6,2025-01-08 04:20:00,Mobile,iOS,Paid,1085,5028,Check our new collection,0,5
4661,33,F,Luxor,Facebook,Display,Electronics,0,0,28,2025-03-11 16:22:00,Desktop,iOS,Paid,1016,5048,Top-rated gadgets on sale,0,4
4662,20,M,Cairo,Instagram,Video,Fashion,0,0,26,2025-03-13 08:44:00,Mobile,Android,Paid,1029,5005,Limited offer!,0,10
4663,33,M,Cairo,Instagram,Video,Fashion,0,0,19,2025-02-07 23:34:00,Mobile,Windows,Organic,1047,5062,Order online fast delivery,0,8
4664,39,F,Aswan,Facebook,Display,Gaming,0,1,31,2025-01-07 05:01:00,Desktop,Android,Social,1039,5097,Book your travel today,0,4
4665,57,M,Luxor,Facebook,Display,Gaming,0,1,46,2025-03-10 16:55:00,Desktop,iOS,Organic,1096,5061,Order online fast delivery,0,6
4666,28,F,Cairo,YouTube,Display,Food & Beverage,1,0,18,2025-03-06 00:29:00,Tablet,Android,Social,1061,5038,Book your travel today,0,3
4667,22,F,Cairo,Facebook,Video,Electronics,1,1,49,2025-01-13 10:30:00,Desktop,Android,Organic,1032,5013,Top-rated gadgets on sale,0,6
4668,54,M,Giza,Facebook,Search,Electronics,0,0,35,2025-01-01 12:14:00,Mobile,Windows,Organic,1090,5042,Check our new collection,0,5
4669,27,F,Alexandria,YouTube,Video,Electronics,1,0,11,2025-02-13 15:23:00,Tablet,Android,Organic,1052,5068,Check our new collection,0,2
4670,32,M,Luxor,Google Ads,Video,Travel,1,0,25,2025-01-29 15:30:00,Tablet,Windows,Social,1022,5083,Top-rated gadgets on sale,0,8
4671,45,M,Giza,YouTube,Video,Travel,0,0,50,2025-03-01 06:02:00,Tablet,Windows,Paid,1032,5062,Buy now and save 20%,0,8
4672,29,M,Mansoura,Google Ads,Video,Food & Beverage,0,1,10,2025-02-15 04:46:00,Tablet,iOS,Social,1029,5086,Buy now and save 20%,0,7
4673,57,F,Cairo,Instagram,Display,Gaming,0,0,38,2025-01-31 14:21:00,Tablet,Windows,Organic,1043,5053,Book your travel today,0,5
4674,37,F,Cairo,Facebook,Search,Electronics,1,0,4,2025-02-16 21:28:00,Tablet,Android,Paid,1097,5100,Top-rated gadgets on sale,0,5
4675,55,M,Cairo,Instagram,Video,Food & Beverage,1,0,24,2025-01-25 09:55:00,Mobile,Windows,Social,1050,5046,Buy now and save 20%,0,8
4676,59,M,Cairo,Facebook,Display,Electronics,0,1,28,2025-02-10 16:09:00,Mobile,iOS,Social,1011,5018,Order online fast delivery,0,9
4677,49,F,Mansoura,Google Ads,Video,Fashion,1,0,26,2025-03-11 18:17:00,Desktop,Windows,Social,1076,5056,Book your travel today,0,10
4678,58,F,Cairo,YouTube,Display,Electronics,0,0,37,2025-01-12 17:01:00,Desktop,Windows,Organic,1006,5063,Limited offer!,1933,4
4679,37,F,Aswan,Facebook,Display,Electronics,1,0,34,2025-01-18 03:24:00,Mobile,Android,Organic,1069,5060,Check our new collection,0,9
4680,23,M,Alexandria,Instagram,Video,Fashion,1,0,40,2025-01-01 21:20:00,Mobile,Windows,Paid,1034,5000,Buy now and save 20%,0,6
4681,45,F,Cairo,Google Ads,Video,Gaming,1,0,28,2025-03-04 16:56:00,Mobile,Android,Social,1069,5017,Top-rated gadgets on sale,0,3
4682,56,F,Cairo,Facebook,Video,Fashion,0,0,30,2025-02-21 02:55:00,Tablet,Windows,Organic,1066,5081,Order online fast delivery,0,8
4683,26,M,Luxor,Instagram,Search,Food & Beverage,1,0,22,2025-02-17 13:52:00,Tablet,iOS,Social,1052,5095,Buy now and save 20%,0,5
4684,39,M,Cairo,Google Ads,Search,Travel,0,0,8,2025-01-21 13:44:00,Mobile,iOS,Paid,1063,5029,Check our new collection,0,2
4685,44,F,Cairo,Facebook,Video,Food & Beverage,1,0,13,2025-01-07 00:36:00,Desktop,iOS,Paid,1091,5033,Limited offer!,0,2
4686,54,F,Giza,Google Ads,Display,Fashion,1,0,47,2025-01-08 07:19:00,Desktop,Windows,Organic,1087,5087,Limited offer!,0,6
4687,60,M,Cairo,YouTube,Display,Fashion,0,0,22,2025-03-27 23:12:00,Tablet,Windows,Social,1073,5025,Limited offer!,0,6
4688,50,F,Cairo,Instagram,Display,Gaming,1,0,30,2025-02-12 10:09:00,Tablet,Windows,Paid,1085,5046,Buy now and save 20%,568,10
4689,25,M,Cairo,Google Ads,Display,Travel,0,0,23,2025-02-02 02:22:00,Mobile,iOS,Paid,1091,5044,Top-rated gadgets on sale,0,10
4690,57,F,Cairo,Facebook,Display,Travel,0,0,23,2025-01-20 04:54:00,Tablet,Android,Paid,1080,5086,Check our new collection,0,7
4691,31,M,Cairo,YouTube,Search,Fashion,1,0,19,2025-03-13 10:54:00,Mobile,iOS,Social,1085,5095,Book your travel today,0,8
4692,38,M,Cairo,Facebook,Display,Food & Beverage,0,0,39,2025-02-26 02:58:00,Desktop,iOS,Paid,1032,5083,Book your travel today,0,3
4693,30,M,Aswan,Facebook,Display,Gaming,0,0,10,2025-02-20 15:13:00,Tablet,iOS,Organic,1015,5000,Top-rated gadgets on sale,0,4
4694,55,M,Alexandria,Google Ads,Video,Travel,0,0,38,2025-03-26 02:04:00,Desktop,Windows,Paid,1002,5064,Top-rated gadgets on sale,0,4
4695,25,M,Cairo,Instagram,Search,Fashion,0,0,30,2025-01-27 00:32:00,Desktop,iOS,Paid,1009,5065,Limited offer!,0,9
4696,49,M,Giza,Instagram,Search,Electronics,0,0,39,2025-01-02 08:19:00,Mobile,iOS,Organic,1098,5065,Book your travel today,0,9
4697,53,M,Cairo,YouTube,Display,Fashion,0,0,6,2025-02-09 14:43:00,Mobile,Android,Paid,1099,5099,Limited offer!,0,9
4698,54,F,Cairo,Google Ads,Search,Food & Beverage,0,0,19,2025-03-24 15:39:00,Mobile,Android,Organic,1036,5064,Limited offer!,0,9
4699,19,M,Cairo,Instagram,Display,Food & Beverage,0,0,46,2025-03-17 05:07:00,Tablet,Android,Paid,1003,5027,Top-rated gadgets on sale,1207,9
4700,51,F,Cairo,YouTube,Display,Electronics,0,0,36,2025-02-15 17:49:00,Desktop,Windows,Paid,1013,5065,Order online fast delivery,0,2
4701,24,F,Cairo,Instagram,Video,Gaming,0,0,45,2025-01-09 00:51:00,Tablet,Android,Organic,1051,5050,Top-rated gadgets on sale,0,2
4702,44,M,Luxor,YouTube,Video,Travel,1,1,23,2025-03-22 19:06:00,Tablet,Android,Organic,1041,5021,Buy now and save 20%,0,10
4703,54,F,Cairo,Facebook,Search,Food & Beverage,0,0,20,2025-02-09 07:02:00,Desktop,Windows,Social,1054,5081,Check our new collection,0,5
4704,21,F,Cairo,Instagram,Display,Electronics,0,0,25,2025-01-02 16:34:00,Tablet,iOS,Paid,1098,5066,Book your travel today,0,6
4705,56,M,Cairo,Facebook,Video,Travel,1,0,10,2025-01-26 13:45:00,Mobile,Windows,Organic,1075,5012,Order online fast delivery,0,2
4706,47,F,Alexandria,Instagram,Video,Electronics,0,0,46,2025-02-28 09:08:00,Tablet,Android,Social,1000,5011,Limited offer!,898,9
4707,20,M,Alexandria,Instagram,Display,Travel,1,0,36,2025-01-24 11:03:00,Tablet,Android,Paid,1015,5026,Check our new collection,1639,1
4708,35,F,Giza,Google Ads,Video,Electronics,0,0,14,2025-03-27 16:34:00,Mobile,Android,Organic,1068,5068,Order online fast delivery,949,8
4709,52,M,Alexandria,Instagram,Video,Food & Beverage,1,0,30,2025-01-23 15:51:00,Mobile,Android,Organic,1054,5046,Top-rated gadgets on sale,0,7
4710,52,F,Mansoura,Google Ads,Search,Fashion,0,0,47,2025-02-14 00:28:00,Tablet,Android,Social,1036,5061,Book your travel today,1442,9
4711,35,F,Luxor,Facebook,Search,Electronics,0,0,14,2025-03-26 13:36:00,Desktop,Windows,Organic,1070,5016,Top-rated gadgets on sale,0,3
4712,39,M,Cairo,Google Ads,Video,Food & Beverage,1,0,35,2025-01-01 09:16:00,Mobile,Android,Organic,1058,5033,Top-rated gadgets on sale,816,3
4713,44,F,Mansoura,Instagram,Display,Food & Beverage,1,0,4,2025-03-03 16:36:00,Desktop,Windows,Organic,1065,5099,Check our new collection,0,9
4714,52,M,Luxor,Instagram,Video,Gaming,0,0,5,2025-01-23 03:15:00,Desktop,iOS,Social,1050,5036,Limited offer!,0,2
4715,55,M,Giza,Facebook,Display,Travel,0,0,48,2025-03-27 18:23:00,Mobile,Android,Organic,1050,5078,Order online fast delivery,0,6
4716,20,F,Giza,Google Ads,Search,Food & Beverage,0,0,40,2025-02-21 20:13:00,Desktop,iOS,Organic,1008,5041,Buy now and save 20%,0,2
4717,25,M,Mansoura,YouTube,Display,Fashion,0,1,15,2025-02-20 04:30:00,Mobile,iOS,Organic,1038,5040,Order online fast delivery,0,1
4718,52,F,Giza,Facebook,Display,Fashion,0,0,45,2025-02-27 07:59:00,Mobile,Android,Paid,1079,5081,Top-rated gadgets on sale,0,1
4719,46,M,Aswan,Instagram,Video,Electronics,0,0,38,2025-01-21 18:16:00,Desktop,iOS,Paid,1069,5026,Buy now and save 20%,0,7
4720,30,M,Mansoura,Instagram,Search,Electronics,0,0,46,2025-01-24 13:34:00,Desktop,Windows,Paid,1098,5003,Book your travel today,0,6
4721,41,M,Cairo,Instagram,Display,Food & Beverage,0,0,25,2025-03-26 12:30:00,Mobile,Windows,Paid,1029,5023,Book your travel today,0,10
4722,53,F,Cairo,Facebook,Search,Gaming,0,0,43,2025-02-05 09:36:00,Tablet,iOS,Social,1034,5055,Buy now and save 20%,0,4
4723,25,F,Giza,Instagram,Video,Travel,0,1,46,2025-02-22 15:03:00,Mobile,Windows,Paid,1060,5078,Buy now and save 20%,1898,8
4724,34,F,Luxor,Facebook,Video,Electronics,0,0,40,2025-01-29 13:23:00,Mobile,iOS,Organic,1038,5015,Top-rated gadgets on sale,0,9
4725,31,F,Luxor,Instagram,Display,Travel,0,0,49,2025-03-29 17:03:00,Mobile,Android,Paid,1023,5012,Top-rated gadgets on sale,0,1
4726,35,M,Cairo,Facebook,Display,Fashion,0,0,12,2025-01-22 12:59:00,Tablet,Android,Paid,1083,5001,Top-rated gadgets on sale,0,5
4727,34,F,Cairo,Facebook,Display,Electronics,0,0,12,2025-02-19 19:16:00,Tablet,iOS,Social,1083,5056,Order online fast delivery,0,4
4728,48,M,Mansoura,Instagram,Video,Food & Beverage,0,0,27,2025-03-03 13:36:00,Mobile,iOS,Social,1069,5035,Top-rated gadgets on sale,0,1
4729,39,F,Giza,Google Ads,Search,Fashion,0,0,18,2025-02-19 11:22:00,Tablet,iOS,Paid,1085,5046,Book your travel today,0,7
4730,47,M,Giza,Facebook,Video,Food & Beverage,1,0,46,2025-02-25 03:34:00,Tablet,Windows,Organic,1009,5072,Limited offer!,0,3
4731,46,M,Luxor,Instagram,Display,Electronics,0,0,11,2025-01-31 16:33:00,Mobile,iOS,Paid,1034,5016,Buy now and save 20%,1249,2
4732,59,F,Cairo,Instagram,Display,Fashion,0,1,3,2025-01-12 20:22:00,Desktop,Windows,Paid,1039,5025,Buy now and save 20%,1555,9
4733,54,M,Aswan,Facebook,Search,Gaming,0,0,30,2025-03-17 20:30:00,Tablet,Android,Social,1065,5006,Order online fast delivery,0,2
4734,56,F,Cairo,Facebook,Video,Electronics,1,0,35,2025-02-14 14:29:00,Mobile,Windows,Social,1002,5017,Buy now and save 20%,0,1
4735,41,F,Luxor,Facebook,Video,Electronics,1,0,18,2025-02-11 05:47:00,Mobile,Windows,Social,1002,5044,Limited offer!,0,7
4736,37,F,Aswan,Instagram,Display,Fashion,0,1,31,2025-03-08 04:10:00,Desktop,Windows,Organic,1005,5055,Check our new collection,0,3
4737,49,M,Giza,YouTube,Video,Food & Beverage,1,0,13,2025-02-01 09:31:00,Tablet,Android,Organic,1025,5051,Limited offer!,0,7
4738,41,F,Giza,Facebook,Search,Travel,0,0,47,2025-03-08 16:34:00,Desktop,iOS,Organic,1039,5005,Buy now and save 20%,0,3
4739,32,M,Cairo,Google Ads,Display,Electronics,1,0,12,2025-01-14 19:59:00,Mobile,Android,Organic,1045,5072,Buy now and save 20%,1383,3
4740,57,M,Giza,Instagram,Video,Fashion,0,1,39,2025-03-04 07:31:00,Mobile,Windows,Organic,1022,5040,Buy now and save 20%,0,10
4741,36,M,Giza,Google Ads,Search,Gaming,1,0,32,2025-01-04 10:33:00,Tablet,iOS,Organic,1035,5022,Buy now and save 20%,0,9
4742,59,M,Cairo,Facebook,Display,Travel,0,0,9,2025-03-16 22:58:00,Desktop,Android,Paid,1096,5050,Top-rated gadgets on sale,0,10
4743,50,M,Mansoura,Instagram,Display,Electronics,1,0,42,2025-01-25 04:32:00,Tablet,Windows,Organic,1061,5094,Check our new collection,0,8
4744,48,F,Aswan,Facebook,Display,Travel,1,0,22,2025-02-18 23:28:00,Desktop,Android,Organic,1058,5004,Book your travel today,0,7
4745,59,F,Giza,Instagram,Display,Food & Beverage,1,0,44,2025-02-25 01:19:00,Desktop,Android,Social,1042,5077,Limited offer!,0,5
4746,21,M,Alexandria,YouTube,Display,Food & Beverage,0,1,2,2025-03-20 18:46:00,Mobile,Windows,Organic,1083,5001,Buy now and save 20%,0,6
4747,54,F,Giza,YouTube,Display,Electronics,0,1,9,2025-01-17 02:27:00,Desktop,Windows,Paid,1054,5100,Buy now and save 20%,1894,7
4748,43,F,Cairo,Facebook,Display,Gaming,0,0,19,2025-01-27 17:02:00,Tablet,Android,Social,1063,5074,Top-rated gadgets on sale,0,3
4749,20,F,Cairo,Google Ads,Video,Gaming,0,0,46,2025-03-10 15:22:00,Tablet,iOS,Paid,1025,5007,Buy now and save 20%,0,6
4750,47,M,Alexandria,Instagram,Video,Food & Beverage,0,0,28,2025-03-26 04:21:00,Desktop,Android,Social,1085,5018,Buy now and save 20%,0,7
4751,35,M,Alexandria,Facebook,Display,Electronics,0,0,2,2025-02-03 20:23:00,Mobile,Windows,Organic,1000,5060,Order online fast delivery,0,5
4752,31,M,Luxor,Instagram,Display,Gaming,0,1,40,2025-01-15 16:17:00,Tablet,Windows,Social,1050,5068,Check our new collection,0,10
4753,32,F,Giza,Instagram,Display,Travel,0,0,10,2025-02-23 06:21:00,Desktop,iOS,Paid,1069,5082,Limited offer!,0,7
4754,40,M,Cairo,Instagram,Video,Gaming,1,0,43,2025-02-01 04:35:00,Mobile,Windows,Social,1013,5091,Check our new collection,0,5
4755,27,F,Giza,Instagram,Video,Travel,1,0,13,2025-02-12 23:35:00,Tablet,iOS,Social,1045,5027,Buy now and save 20%,1168,9
4756,41,M,Aswan,Instagram,Display,Electronics,0,1,50,2025-01-21 11:45:00,Mobile,iOS,Social,1073,5009,Limited offer!,0,10
4757,58,F,Aswan,YouTube,Video,Travel,0,0,24,2025-02-09 18:47:00,Desktop,iOS,Social,1046,5075,Limited offer!,0,5
4758,33,F,Mansoura,Instagram,Video,Electronics,0,0,15,2025-02-13 21:24:00,Desktop,iOS,Organic,1041,5019,Buy now and save 20%,0,8
4759,41,M,Cairo,YouTube,Display,Fashion,0,1,15,2025-01-31 13:52:00,Desktop,Android,Paid,1022,5080,Order online fast delivery,0,10
4760,24,F,Mansoura,Facebook,Display,Travel,0,0,7,2025-01-07 14:37:00,Tablet,Windows,Paid,1061,5068,Limited offer!,0,8
4761,32,M,Cairo,Facebook,Display,Electronics,1,0,45,2025-02-28 07:46:00,Tablet,Windows,Social,1067,5043,Limited offer!,0,8
4762,51,M,Mansoura,Google Ads,Video,Travel,0,0,5,2025-03-14 10:41:00,Desktop,Android,Paid,1001,5048,Limited offer!,0,10
4763,42,F,Mansoura,Instagram,Display,Electronics,1,0,45,2025-03-12 00:28:00,Desktop,Android,Organic,1037,5059,Buy now and save 20%,0,9
4764,36,M,Giza,Facebook,Video,Fashion,1,0,34,2025-02-21 05:29:00,Desktop,iOS,Organic,1049,5049,Book your travel today,0,3
4765,21,M,Cairo,Facebook,Video,Food & Beverage,1,1,43,2025-02-25 07:58:00,Desktop,Android,Social,1049,5003,Check our new collection,0,5
4766,31,M,Cairo,Facebook,Display,Fashion,0,0,12,2025-01-01 11:09:00,Desktop,Android,Social,1008,5017,Top-rated gadgets on sale,0,6
4767,21,F,Alexandria,YouTube,Display,Electronics,1,1,14,2025-03-31 10:18:00,Mobile,Android,Paid,1035,5020,Top-rated gadgets on sale,0,5
4768,45,M,Alexandria,Instagram,Search,Gaming,0,0,27,2025-02-07 10:31:00,Mobile,Android,Paid,1046,5028,Top-rated gadgets on sale,0,9
4769,19,M,Giza,Instagram,Display,Gaming,0,0,39,2025-02-19 13:39:00,Desktop,iOS,Organic,1055,5050,Book your travel today,0,5
4770,37,M,Giza,YouTube,Search,Food & Beverage,0,1,19,2025-02-26 05:47:00,Tablet,Android,Social,1003,5052,Buy now and save 20%,0,7
4771,51,M,Mansoura,Facebook,Video,Electronics,0,0,39,2025-03-29 15:25:00,Desktop,iOS,Social,1014,5081,Top-rated gadgets on sale,0,7
4772,26,M,Alexandria,Google Ads,Video,Gaming,1,0,39,2025-03-29 04:06:00,Desktop,Android,Organic,1100,5039,Buy now and save 20%,0,1
4773,26,M,Cairo,Facebook,Display,Travel,0,0,25,2025-03-19 16:21:00,Desktop,Android,Organic,1061,5013,Check our new collection,0,9
4774,32,M,Luxor,Facebook,Video,Travel,0,1,13,2025-03-23 20:51:00,Desktop,Windows,Social,1024,5032,Buy now and save 20%,0,6
4775,25,M,Giza,Instagram,Display,Travel,0,0,37,2025-03-08 13:30:00,Mobile,Windows,Organic,1051,5073,Top-rated gadgets on sale,0,9
4776,52,M,Cairo,YouTube,Display,Electronics,0,0,2,2025-01-24 05:40:00,Mobile,Windows,Organic,1021,5091,Buy now and save 20%,0,8
4777,37,M,Alexandria,Facebook,Video,Travel,0,0,35,2025-01-04 22:12:00,Desktop,Android,Social,1085,5098,Book your travel today,0,1
4778,21,M,Cairo,Facebook,Search,Travel,1,0,30,2025-03-10 01:19:00,Tablet,Windows,Paid,1071,5041,Book your travel today,0,2
4779,19,M,Cairo,Facebook,Display,Food & Beverage,1,0,4,2025-03-10 00:05:00,Mobile,Android,Organic,1095,5022,Check our new collection,0,5
4780,46,M,Giza,Instagram,Video,Food & Beverage,0,0,25,2025-03-13 14:26:00,Mobile,Android,Organic,1062,5019,Order online fast delivery,0,10
4781,42,F,Cairo,Google Ads,Video,Electronics,0,0,46,2025-03-11 05:44:00,Mobile,Android,Paid,1015,5082,Top-rated gadgets on sale,0,9
4782,42,F,Alexandria,Facebook,Display,Food & Beverage,0,0,30,2025-03-30 03:29:00,Tablet,Windows,Paid,1031,5048,Check our new collection,0,10
4783,38,M,Aswan,Instagram,Display,Electronics,0,0,12,2025-01-24 12:07:00,Tablet,iOS,Organic,1082,5021,Top-rated gadgets on sale,0,5
4784,27,F,Alexandria,Facebook,Video,Food & Beverage,0,0,25,2025-01-02 10:29:00,Desktop,Android,Organic,1067,5006,Top-rated gadgets on sale,0,7
4785,57,F,Cairo,Facebook,Video,Gaming,1,0,49,2025-01-18 06:03:00,Desktop,Windows,Paid,1080,5044,Top-rated gadgets on sale,1503,9
4786,27,M,Cairo,Facebook,Display,Fashion,0,0,25,2025-03-27 18:53:00,Desktop,Windows,Organic,1018,5015,Order online fast delivery,0,7
4787,39,M,Aswan,YouTube,Display,Food & Beverage,0,0,47,2025-02-14 18:16:00,Desktop,iOS,Organic,1009,5083,Buy now and save 20%,0,10
4788,20,F,Luxor,Google Ads,Display,Travel,1,0,24,2025-01-15 19:02:00,Desktop,Windows,Paid,1090,5007,Buy now and save 20%,0,7
4789,52,F,Alexandria,Facebook,Search,Fashion,0,0,34,2025-01-08 15:29:00,Desktop,Windows,Social,1074,5024,Check our new collection,279,3
4790,44,M,Aswan,Facebook,Display,Food & Beverage,0,0,34,2025-01-17 06:56:00,Tablet,iOS,Paid,1086,5018,Buy now and save 20%,0,4
4791,22,M,Cairo,Facebook,Video,Food & Beverage,0,0,18,2025-03-16 18:50:00,Desktop,iOS,Organic,1059,5083,Check our new collection,0,6
4792,47,F,Cairo,Instagram,Video,Electronics,0,1,44,2025-02-06 17:08:00,Desktop,Android,Social,1061,5007,Buy now and save 20%,0,9
4793,41,F,Giza,Instagram,Display,Travel,0,0,46,2025-01-18 16:15:00,Desktop,iOS,Social,1025,5083,Top-rated gadgets on sale,0,8
4794,28,M,Cairo,Facebook,Video,Fashion,1,0,24,2025-01-17 17:06:00,Desktop,Windows,Paid,1049,5029,Buy now and save 20%,1277,4
4795,45,F,Cairo,Instagram,Video,Electronics,0,0,43,2025-01-11 20:40:00,Desktop,Windows,Paid,1023,5092,Order online fast delivery,0,7
4796,58,M,Luxor,Instagram,Search,Electronics,0,0,27,2025-02-24 21:33:00,Desktop,iOS,Paid,1089,5033,Limited offer!,0,3
4797,57,F,Mansoura,Instagram,Display,Fashion,1,1,46,2025-02-11 22:33:00,Mobile,Android,Social,1085,5009,Buy now and save 20%,0,9
4798,50,F,Luxor,Facebook,Video,Electronics,0,0,23,2025-03-23 14:01:00,Tablet,Windows,Paid,1039,5063,Buy now and save 20%,0,10
4799,43,M,Cairo,Instagram,Search,Fashion,0,0,48,2025-03-31 07:23:00,Tablet,Android,Social,1093,5095,Book your travel today,1639,8
4800,23,F,Cairo,Facebook,Display,Fashion,1,0,50,2025-02-06 04:43:00,Desktop,iOS,Organic,1093,5010,Buy now and save 20%,0,3
4801,24,M,Cairo,Facebook,Video,Food & Beverage,0,1,8,2025-02-04 13:40:00,Tablet,Windows,Social,1092,5071,Book your travel today,0,6
4802,22,M,Aswan,Instagram,Display,Food & Beverage,1,0,39,2025-02-25 11:00:00,Tablet,iOS,Paid,1001,5037,Top-rated gadgets on sale,0,4
4803,40,F,Alexandria,Facebook,Display,Gaming,0,1,29,2025-03-25 11:44:00,Desktop,Android,Social,1092,5069,Order online fast delivery,0,1
4804,22,M,Cairo,Instagram,Display,Gaming,1,0,20,2025-03-26 05:11:00,Desktop,Android,Social,1042,5012,Book your travel today,0,6
4805,35,F,Alexandria,Instagram,Display,Electronics,0,0,4,2025-03-19 21:28:00,Mobile,Windows,Paid,1029,5064,Top-rated gadgets on sale,0,1
4806,27,M,Luxor,Facebook,Display,Travel,0,0,12,2025-03-09 20:25:00,Tablet,Android,Organic,1068,5012,Limited offer!,0,4
4807,18,M,Giza,Google Ads,Search,Food & Beverage,0,0,15,2025-03-01 15:26:00,Tablet,Windows,Social,1097,5016,Order online fast delivery,0,8
4808,35,F,Luxor,Facebook,Display,Food & Beverage,0,0,44,2025-03-16 00:54:00,Mobile,Android,Organic,1099,5100,Check our new collection,0,7
4809,30,M,Cairo,Facebook,Video,Food & Beverage,0,1,15,2025-02-11 10:00:00,Tablet,Android,Social,1018,5078,Limited offer!,0,5
4810,56,F,Giza,Facebook,Video,Electronics,0,0,26,2025-02-08 13:19:00,Desktop,Android,Organic,1084,5055,Top-rated gadgets on sale,0,5
4811,40,M,Alexandria,Instagram,Display,Electronics,1,1,24,2025-02-19 07:35:00,Tablet,Windows,Organic,1003,5094,Top-rated gadgets on sale,0,7
4812,19,F,Giza,Facebook,Display,Electronics,0,0,4,2025-03-03 05:47:00,Desktop,iOS,Organic,1011,5064,Top-rated gadgets on sale,0,7
4813,34,F,Alexandria,Instagram,Display,Food & Beverage,0,1,47,2025-01-08 05:15:00,Mobile,Windows,Social,1100,5093,Top-rated gadgets on sale,0,1
4814,49,M,Mansoura,YouTube,Video,Travel,1,1,30,2025-01-05 04:27:00,Tablet,iOS,Social,1091,5097,Book your travel today,0,3
4815,37,M,Giza,Google Ads,Display,Electronics,0,0,14,2025-03-11 13:02:00,Mobile,Android,Organic,1031,5050,Top-rated gadgets on sale,0,2
4816,59,M,Cairo,Facebook,Display,Food & Beverage,1,0,37,2025-03-08 04:59:00,Mobile,Android,Organic,1069,5079,Limited offer!,0,4
4817,48,F,Cairo,YouTube,Video,Fashion,1,0,49,2025-01-26 10:31:00,Mobile,Windows,Social,1073,5061,Check our new collection,0,10
4818,19,F,Alexandria,Facebook,Video,Fashion,0,0,10,2025-02-10 21:26:00,Desktop,Android,Social,1034,5017,Limited offer!,0,6
4819,51,M,Cairo,Google Ads,Display,Food & Beverage,0,0,8,2025-03-14 18:08:00,Desktop,Android,Organic,1055,5077,Limited offer!,0,4
4820,35,F,Cairo,Facebook,Display,Food & Beverage,0,0,20,2025-03-22 14:32:00,Mobile,iOS,Paid,1003,5000,Top-rated gadgets on sale,0,7
4821,52,M,Giza,Facebook,Display,Electronics,0,0,43,2025-03-25 07:24:00,Desktop,iOS,Organic,1019,5046,Top-rated gadgets on sale,0,1
4822,39,F,Cairo,YouTube,Video,Travel,0,0,24,2025-02-11 03:01:00,Tablet,Windows,Paid,1073,5044,Check our new collection,0,8
4823,27,F,Alexandria,Facebook,Display,Food & Beverage,0,1,5,2025-02-16 14:50:00,Tablet,Windows,Social,1080,5038,Top-rated gadgets on sale,0,10
4824,23,M,Alexandria,Google Ads,Display,Food & Beverage,0,0,34,2025-02-21 02:59:00,Tablet,Android,Organic,1020,5091,Check our new collection,0,7
4825,39,M,Mansoura,Google Ads,Display,Fashion,0,1,22,2025-01-21 23:10:00,Tablet,Windows,Paid,1018,5002,Order online fast delivery,0,8
4826,25,M,Giza,Instagram,Display,Gaming,0,0,45,2025-02-24 05:33:00,Desktop,iOS,Social,1020,5016,Buy now and save 20%,0,6
4827,45,M,Mansoura,Google Ads,Video,Electronics,0,0,34,2025-01-31 17:33:00,Mobile,Windows,Organic,1015,5005,Top-rated gadgets on sale,0,5
4828,19,F,Cairo,Facebook,Display,Electronics,0,0,44,2025-03-10 21:26:00,Desktop,Windows,Social,1079,5100,Check our new collection,1322,1
4829,51,F,Cairo,Instagram,Display,Fashion,1,0,14,2025-01-21 00:33:00,Tablet,Windows,Social,1083,5045,Order online fast delivery,0,7
4830,55,F,Cairo,Facebook,Display,Gaming,0,0,2,2025-02-27 12:58:00,Tablet,Android,Organic,1005,5064,Book your travel today,0,10
4831,45,M,Luxor,Instagram,Search,Travel,1,1,45,2025-01-13 19:25:00,Mobile,Windows,Organic,1075,5017,Order online fast delivery,0,8
4832,58,F,Cairo,Instagram,Display,Food & Beverage,0,1,3,2025-01-03 21:30:00,Tablet,Windows,Organic,1036,5079,Check our new collection,0,5
4833,46,F,Luxor,Instagram,Display,Electronics,1,0,9,2025-02-23 16:41:00,Desktop,Android,Paid,1028,5091,Book your travel today,0,6
4834,24,M,Cairo,Facebook,Display,Gaming,0,0,9,2025-03-25 23:10:00,Desktop,Android,Social,1000,5054,Book your travel today,134,2
4835,59,F,Alexandria,Facebook,Display,Gaming,0,0,36,2025-01-22 01:37:00,Tablet,iOS,Organic,1095,5093,Check our new collection,0,5
4836,32,F,Cairo,Facebook,Display,Fashion,0,0,39,2025-03-25 05:34:00,Tablet,iOS,Paid,1002,5044,Limited offer!,0,6
4837,40,M,Cairo,Facebook,Display,Food & Beverage,0,0,30,2025-02-28 15:08:00,Tablet,Windows,Organic,1085,5072,Order online fast delivery,164,8
4838,21,F,Luxor,Google Ads,Video,Fashion,0,0,30,2025-02-10 20:40:00,Mobile,Android,Organic,1099,5044,Limited offer!,0,1
4839,24,F,Cairo,Google Ads,Video,Electronics,1,0,5,2025-03-10 06:34:00,Desktop,iOS,Paid,1044,5056,Buy now and save 20%,0,5
4840,24,F,Luxor,Google Ads,Video,Fashion,0,0,25,2025-03-21 14:31:00,Tablet,Windows,Social,1023,5008,Order online fast delivery,1528,9
4841,42,M,Cairo,YouTube,Video,Food & Beverage,0,0,30,2025-03-26 05:54:00,Tablet,Windows,Paid,1091,5043,Top-rated gadgets on sale,0,2
4842,46,F,Luxor,Facebook,Video,Food & Beverage,1,1,31,2025-03-26 18:36:00,Tablet,iOS,Organic,1070,5016,Buy now and save 20%,0,5
4843,54,M,Aswan,Google Ads,Display,Electronics,0,1,29,2025-03-30 07:33:00,Mobile,Android,Organic,1006,5008,Order online fast delivery,109,4
4844,56,M,Alexandria,Google Ads,Display,Food & Beverage,0,0,8,2025-02-06 08:48:00,Mobile,iOS,Social,1021,5054,Buy now and save 20%,0,3
4845,22,M,Aswan,Facebook,Video,Food & Beverage,0,0,39,2025-03-18 06:44:00,Tablet,Windows,Organic,1075,5063,Book your travel today,0,6
4846,37,M,Giza,Instagram,Video,Electronics,1,0,3,2025-02-16 08:12:00,Tablet,Windows,Social,1000,5058,Book your travel today,0,7
4847,32,M,Giza,Facebook,Display,Food & Beverage,0,0,21,2025-03-28 16:52:00,Tablet,Android,Paid,1065,5069,Book your travel today,0,8
4848,23,M,Mansoura,YouTube,Display,Food & Beverage,0,0,2,2025-01-26 04:45:00,Mobile,Android,Organic,1058,5078,Check our new collection,0,6
4849,24,M,Luxor,Google Ads,Search,Electronics,0,0,28,2025-03-29 15:53:00,Tablet,Android,Paid,1010,5039,Limited offer!,1087,7
4850,36,M,Mansoura,Facebook,Search,Electronics,1,0,33,2025-02-17 06:02:00,Mobile,Android,Paid,1072,5031,Order online fast delivery,1371,3
4851,44,F,Alexandria,YouTube,Display,Gaming,1,0,31,2025-01-01 19:19:00,Desktop,Android,Organic,1048,5011,Order online fast delivery,0,5
4852,49,F,Giza,YouTube,Video,Electronics,0,0,30,2025-02-11 11:23:00,Tablet,iOS,Social,1031,5013,Buy now and save 20%,0,1
4853,27,F,Giza,Instagram,Search,Electronics,1,0,6,2025-02-08 07:36:00,Tablet,iOS,Paid,1100,5034,Order online fast delivery,0,2
4854,21,F,Aswan,Google Ads,Video,Gaming,0,0,16,2025-03-03 02:31:00,Tablet,Android,Organic,1021,5064,Check our new collection,0,1
4855,21,M,Giza,Instagram,Display,Fashion,1,0,34,2025-03-14 16:59:00,Desktop,iOS,Social,1069,5003,Check our new collection,0,3
4856,51,M,Alexandria,YouTube,Display,Food & Beverage,0,1,13,2025-02-18 15:39:00,Mobile,Windows,Social,1005,5099,Buy now and save 20%,0,9
4857,40,M,Giza,Google Ads,Video,Electronics,0,0,32,2025-01-09 20:41:00,Tablet,Windows,Paid,1041,5099,Order online fast delivery,0,2
4858,48,M,Cairo,Instagram,Display,Travel,0,0,39,2025-01-17 18:41:00,Tablet,Windows,Social,1035,5069,Limited offer!,0,9
4859,57,F,Cairo,Facebook,Display,Fashion,0,0,27,2025-03-27 21:59:00,Desktop,Android,Paid,1056,5094,Book your travel today,0,7
4860,20,M,Aswan,Facebook,Display,Electronics,0,0,46,2025-02-05 02:53:00,Tablet,Android,Organic,1008,5073,Buy now and save 20%,0,4
4861,58,F,Luxor,Facebook,Search,Fashion,0,0,50,2025-03-02 17:16:00,Mobile,iOS,Organic,1046,5083,Order online fast delivery,0,9
4862,30,F,Aswan,Instagram,Display,Fashion,0,0,40,2025-03-17 08:22:00,Mobile,Windows,Organic,1004,5077,Top-rated gadgets on sale,0,2
4863,41,F,Cairo,Instagram,Video,Fashion,1,0,38,2025-03-11 21:13:00,Desktop,Android,Organic,1022,5016,Buy now and save 20%,0,2
4864,44,M,Cairo,YouTube,Display,Gaming,0,0,24,2025-03-04 05:48:00,Desktop,Windows,Paid,1039,5005,Buy now and save 20%,0,1
4865,37,M,Alexandria,Facebook,Display,Gaming,0,0,5,2025-01-15 08:45:00,Mobile,Windows,Social,1017,5082,Top-rated gadgets on sale,0,6
4866,48,M,Cairo,Facebook,Display,Food & Beverage,0,0,19,2025-02-28 00:44:00,Desktop,Android,Organic,1021,5045,Buy now and save 20%,0,3
4867,24,F,Cairo,Instagram,Video,Gaming,0,1,24,2025-01-11 02:53:00,Mobile,Windows,Paid,1024,5063,Check our new collection,0,1
4868,33,F,Alexandria,Instagram,Display,Fashion,0,1,17,2025-02-02 18:05:00,Tablet,Android,Social,1039,5062,Top-rated gadgets on sale,0,4
4869,36,F,Cairo,Instagram,Video,Electronics,0,0,30,2025-02-27 05:55:00,Mobile,Android,Paid,1069,5001,Buy now and save 20%,562,8
4870,40,F,Luxor,Instagram,Display,Electronics,0,0,23,2025-03-19 07:02:00,Mobile,Windows,Organic,1083,5004,Top-rated gadgets on sale,0,1
4871,37,M,Alexandria,Facebook,Display,Travel,1,0,49,2025-03-02 00:31:00,Desktop,iOS,Social,1036,5026,Book your travel today,0,2
4872,21,M,Luxor,Facebook,Display,Travel,1,0,30,2025-01-13 16:08:00,Tablet,Windows,Paid,1091,5008,Order online fast delivery,0,4
4873,19,M,Mansoura,Google Ads,Search,Food & Beverage,0,0,10,2025-01-07 00:09:00,Desktop,iOS,Organic,1083,5098,Order online fast delivery,0,3
4874,21,F,Alexandria,YouTube,Search,Electronics,0,0,48,2025-03-28 07:28:00,Tablet,iOS,Organic,1074,5068,Limited offer!,0,6
4875,19,F,Cairo,YouTube,Display,Food & Beverage,0,1,47,2025-03-30 17:20:00,Tablet,Android,Social,1033,5085,Buy now and save 20%,1368,7
4876,24,M,Aswan,Facebook,Display,Food & Beverage,0,0,14,2025-01-09 20:43:00,Desktop,Windows,Organic,1060,5017,Buy now and save 20%,0,1
4877,27,F,Giza,YouTube,Video,Electronics,0,1,45,2025-03-07 12:39:00,Mobile,Windows,Paid,1027,5016,Buy now and save 20%,0,5
4878,25,F,Cairo,Google Ads,Video,Fashion,1,0,32,2025-01-10 22:52:00,Mobile,Windows,Organic,1067,5016,Check our new collection,1886,4
4879,47,M,Cairo,Instagram,Video,Gaming,1,0,6,2025-02-16 08:13:00,Mobile,Windows,Organic,1067,5045,Book your travel today,0,5
4880,57,M,Alexandria,Facebook,Display,Electronics,0,0,31,2025-01-14 14:00:00,Desktop,iOS,Organic,1019,5022,Buy now and save 20%,860,9
4881,44,F,Aswan,Facebook,Display,Electronics,1,1,34,2025-01-23 23:38:00,Desktop,Android,Organic,1010,5093,Book your travel today,0,6
4882,52,M,Cairo,Facebook,Video,Electronics,0,0,32,2025-03-19 02:25:00,Tablet,Windows,Organic,1000,5009,Limited offer!,0,8
4883,50,M,Giza,Google Ads,Search,Fashion,1,0,24,2025-01-11 01:08:00,Mobile,iOS,Organic,1098,5092,Limited offer!,0,10
4884,44,M,Cairo,Instagram,Search,Electronics,1,0,38,2025-02-17 05:23:00,Tablet,iOS,Paid,1035,5013,Book your travel today,0,5
4885,43,M,Cairo,Instagram,Video,Electronics,1,0,31,2025-03-17 09:07:00,Tablet,iOS,Organic,1083,5045,Limited offer!,0,7
4886,44,F,Cairo,Instagram,Search,Electronics,0,0,26,2025-03-30 21:13:00,Mobile,Android,Organic,1069,5085,Book your travel today,0,5
4887,32,M,Luxor,Google Ads,Video,Food & Beverage,0,0,26,2025-01-17 15:11:00,Tablet,Android,Social,1078,5009,Book your travel today,0,8
4888,47,F,Cairo,Instagram,Display,Fashion,0,1,22,2025-01-13 20:53:00,Mobile,Android,Social,1013,5005,Buy now and save 20%,0,1
4889,49,F,Cairo,YouTube,Display,Gaming,0,0,7,2025-01-13 15:33:00,Tablet,Android,Paid,1031,5061,Limited offer!,0,7
4890,42,M,Cairo,Facebook,Video,Fashion,0,0,50,2025-02-05 06:51:00,Mobile,Windows,Paid,1066,5027,Check our new collection,1830,3
4891,29,M,Luxor,Instagram,Display,Travel,0,0,43,2025-03-09 13:28:00,Tablet,iOS,Paid,1017,5038,Check our new collection,0,4
4892,53,M,Giza,Google Ads,Video,Gaming,1,0,34,2025-01-27 15:25:00,Tablet,Android,Organic,1029,5092,Buy now and save 20%,0,8
4893,40,M,Cairo,Facebook,Display,Electronics,1,0,15,2025-03-14 18:31:00,Desktop,Android,Paid,1012,5100,Check our new collection,0,5
4894,49,M,Alexandria,YouTube,Display,Food & Beverage,0,0,5,2025-01-17 16:32:00,Desktop,Android,Social,1089,5047,Limited offer!,0,9
4895,55,F,Alexandria,YouTube,Display,Gaming,1,0,8,2025-01-20 04:52:00,Tablet,Android,Organic,1013,5006,Limited offer!,0,10
4896,49,M,Mansoura,Facebook,Video,Electronics,0,0,11,2025-02-17 23:36:00,Mobile,iOS,Organic,1012,5072,Order online fast delivery,976,2
4897,52,M,Giza,YouTube,Search,Electronics,0,0,16,2025-01-16 11:06:00,Mobile,Windows,Paid,1002,5047,Limited offer!,0,7
4898,40,M,Cairo,Google Ads,Display,Fashion,1,1,14,2025-01-08 12:30:00,Mobile,Android,Paid,1021,5005,Order online fast delivery,0,9
4899,35,F,Alexandria,Instagram,Video,Fashion,0,0,37,2025-03-01 05:54:00,Mobile,Android,Social,1067,5056,Top-rated gadgets on sale,0,8
4900,43,F,Alexandria,Facebook,Display,Fashion,0,0,40,2025-02-08 16:48:00,Mobile,Windows,Social,1016,5030,Check our new collection,0,7
4901,36,F,Alexandria,Instagram,Video,Food & Beverage,1,0,12,2025-01-01 14:00:00,Desktop,iOS,Organic,1089,5016,Buy now and save 20%,0,8
4902,22,M,Cairo,Facebook,Video,Fashion,0,0,14,2025-02-17 05:56:00,Mobile,Windows,Paid,1030,5097,Limited offer!,0,3
4903,47,M,Giza,Instagram,Display,Electronics,0,0,26,2025-02-25 04:30:00,Tablet,iOS,Paid,1031,5083,Buy now and save 20%,0,10
4904,50,F,Cairo,Google Ads,Display,Gaming,0,0,8,2025-01-17 11:26:00,Mobile,Android,Paid,1042,5090,Check our new collection,180,8
4905,22,M,Alexandria,YouTube,Video,Electronics,0,0,27,2025-03-04 18:31:00,Mobile,Windows,Organic,1096,5051,Order online fast delivery,0,2
4906,57,M,Cairo,Google Ads,Display,Fashion,1,1,23,2025-02-06 16:15:00,Mobile,iOS,Paid,1083,5062,Limited offer!,869,2
4907,25,M,Giza,Instagram,Video,Electronics,1,1,47,2025-03-28 02:32:00,Desktop,iOS,Organic,1043,5063,Book your travel today,0,6
4908,31,M,Alexandria,Instagram,Display,Food & Beverage,0,0,8,2025-03-29 12:53:00,Mobile,Android,Social,1054,5076,Top-rated gadgets on sale,0,6
4909,21,M,Giza,Instagram,Video,Food & Beverage,1,0,45,2025-03-30 20:59:00,Mobile,Android,Paid,1029,5011,Top-rated gadgets on sale,0,7
4910,30,F,Mansoura,Instagram,Search,Food & Beverage,1,0,11,2025-03-06 10:20:00,Mobile,iOS,Organic,1019,5070,Order online fast delivery,1664,10
4911,44,M,Aswan,YouTube,Display,Travel,0,0,13,2025-01-26 09:05:00,Tablet,iOS,Organic,1042,5009,Book your travel today,0,7
4912,49,M,Giza,Instagram,Video,Travel,0,0,27,2025-03-09 06:45:00,Mobile,Windows,Paid,1076,5096,Buy now and save 20%,0,10
4913,22,F,Giza,YouTube,Display,Gaming,0,0,40,2025-01-23 01:42:00,Mobile,Android,Paid,1073,5039,Limited offer!,0,10
4914,29,M,Cairo,Google Ads,Video,Food & Beverage,0,0,13,2025-02-12 08:28:00,Mobile,iOS,Social,1094,5084,Order online fast delivery,0,1
4915,22,M,Alexandria,Instagram,Search,Gaming,0,0,10,2025-02-16 03:25:00,Mobile,Android,Organic,1004,5042,Buy now and save 20%,0,3
4916,45,M,Cairo,Instagram,Display,Fashion,0,0,15,2025-01-29 17:47:00,Tablet,Windows,Organic,1046,5057,Top-rated gadgets on sale,0,10
4917,29,F,Giza,Facebook,Search,Travel,0,0,10,2025-02-21 09:16:00,Mobile,Android,Social,1058,5052,Buy now and save 20%,0,3
4918,37,M,Giza,Instagram,Display,Fashion,0,0,21,2025-01-10 17:54:00,Mobile,Android,Organic,1031,5035,Book your travel today,0,9
4919,59,M,Mansoura,Instagram,Video,Fashion,1,0,36,2025-01-14 20:00:00,Mobile,Android,Social,1069,5015,Order online fast delivery,1920,9
4920,50,F,Giza,Google Ads,Video,Electronics,0,1,3,2025-01-09 01:30:00,Tablet,Windows,Paid,1007,5086,Limited offer!,1964,4
4921,42,F,Cairo,Instagram,Display,Electronics,0,0,4,2025-01-13 04:45:00,Mobile,Android,Organic,1094,5023,Order online fast delivery,0,3
4922,59,M,Cairo,Facebook,Video,Fashion,0,1,23,2025-02-03 18:57:00,Tablet,Windows,Social,1080,5034,Limited offer!,0,2
4923,21,F,Alexandria,YouTube,Video,Gaming,0,0,31,2025-02-17 01:19:00,Desktop,Windows,Organic,1015,5034,Buy now and save 20%,0,4
4924,55,F,Mansoura,Instagram,Display,Electronics,0,1,32,2025-02-19 23:36:00,Desktop,Android,Paid,1053,5015,Buy now and save 20%,0,5
4925,28,M,Alexandria,Google Ads,Video,Travel,0,1,48,2025-01-02 05:41:00,Mobile,iOS,Social,1096,5079,Limited offer!,0,9
4926,49,F,Giza,YouTube,Display,Fashion,1,0,7,2025-03-18 09:21:00,Mobile,Windows,Paid,1038,5029,Buy now and save 20%,0,8
4927,57,F,Cairo,YouTube,Display,Fashion,0,0,6,2025-02-18 18:32:00,Mobile,Android,Paid,1009,5032,Check our new collection,101,10
4928,56,F,Cairo,Facebook,Search,Fashion,0,0,35,2025-03-25 22:07:00,Desktop,iOS,Social,1017,5048,Limited offer!,0,10
4929,27,M,Giza,Instagram,Display,Food & Beverage,0,0,14,2025-03-25 19:53:00,Tablet,iOS,Paid,1031,5014,Buy now and save 20%,0,2
4930,58,F,Cairo,Facebook,Display,Travel,0,1,5,2025-01-05 16:57:00,Desktop,iOS,Social,1095,5058,Buy now and save 20%,0,3
4931,21,F,Giza,Instagram,Search,Food & Beverage,0,0,32,2025-03-18 19:33:00,Mobile,iOS,Social,1084,5057,Check our new collection,651,7
4932,40,M,Cairo,Facebook,Video,Travel,0,0,14,2025-02-14 21:44:00,Tablet,iOS,Social,1024,5013,Top-rated gadgets on sale,0,3
4933,32,M,Aswan,Facebook,Display,Gaming,1,0,35,2025-03-21 13:43:00,Mobile,iOS,Organic,1078,5061,Order online fast delivery,0,8
4934,21,F,Cairo,Instagram,Video,Fashion,0,0,43,2025-03-18 16:59:00,Mobile,Android,Organic,1041,5029,Top-rated gadgets on sale,0,5
4935,40,F,Mansoura,Facebook,Display,Electronics,0,0,6,2025-01-10 22:19:00,Mobile,Windows,Paid,1082,5034,Buy now and save 20%,0,6
4936,23,M,Cairo,Facebook,Display,Fashion,0,0,11,2025-03-11 03:46:00,Desktop,Android,Organic,1002,5010,Buy now and save 20%,0,9
4937,52,M,Giza,Instagram,Video,Fashion,1,1,20,2025-02-07 18:13:00,Desktop,iOS,Organic,1024,5001,Order online fast delivery,0,2
4938,32,M,Cairo,Facebook,Search,Gaming,0,0,48,2025-03-04 13:13:00,Tablet,Android,Social,1000,5065,Limited offer!,0,5
4939,38,M,Cairo,Facebook,Display,Food & Beverage,0,0,18,2025-02-11 10:03:00,Tablet,Windows,Organic,1077,5082,Top-rated gadgets on sale,0,6
4940,60,M,Cairo,Google Ads,Video,Fashion,1,0,5,2025-01-12 03:18:00,Mobile,Windows,Paid,1060,5009,Order online fast delivery,0,9
4941,20,F,Alexandria,Instagram,Video,Fashion,1,1,32,2025-02-24 06:45:00,Desktop,Android,Social,1032,5025,Book your travel today,0,5
4942,38,F,Luxor,Instagram,Display,Travel,0,0,21,2025-01-05 07:51:00,Mobile,Windows,Organic,1091,5083,Limited offer!,0,9
4943,31,F,Cairo,YouTube,Video,Food & Beverage,1,0,14,2025-01-21 18:08:00,Desktop,iOS,Organic,1074,5036,Buy now and save 20%,0,10
4944,52,M,Luxor,Facebook,Video,Food & Beverage,0,1,2,2025-03-20 02:18:00,Mobile,iOS,Organic,1013,5044,Top-rated gadgets on sale,0,1
4945,57,F,Luxor,Facebook,Display,Food & Beverage,1,0,33,2025-03-16 22:49:00,Tablet,Windows,Social,1035,5048,Limited offer!,0,9
4946,32,F,Aswan,YouTube,Display,Fashion,0,0,30,2025-01-26 16:59:00,Tablet,Android,Social,1033,5034,Top-rated gadgets on sale,0,9
4947,32,M,Giza,Instagram,Display,Food & Beverage,0,0,3,2025-01-29 23:47:00,Mobile,iOS,Social,1040,5055,Limited offer!,0,6
4948,47,M,Cairo,Google Ads,Display,Gaming,1,0,41,2025-03-08 02:07:00,Tablet,Android,Social,1049,5004,Limited offer!,0,1
4949,23,M,Giza,Facebook,Search,Gaming,1,1,40,2025-03-08 01:41:00,Mobile,Windows,Organic,1010,5012,Limited offer!,0,3
4950,48,M,Luxor,Instagram,Search,Electronics,1,0,26,2025-02-15 12:00:00,Mobile,Windows,Paid,1056,5054,Order online fast delivery,0,1
4951,45,F,Aswan,YouTube,Search,Gaming,0,0,40,2025-03-17 13:10:00,Tablet,Android,Social,1012,5035,Order online fast delivery,0,5
4952,33,M,Alexandria,Facebook,Video,Fashion,0,0,19,2025-01-08 04:12:00,Tablet,Android,Social,1016,5077,Buy now and save 20%,0,5
4953,43,F,Giza,Google Ads,Display,Electronics,0,0,13,2025-03-10 02:00:00,Desktop,Windows,Social,1004,5061,Top-rated gadgets on sale,0,7
4954,48,M,Aswan,Google Ads,Video,Fashion,1,1,20,2025-01-23 22:26:00,Desktop,iOS,Organic,1036,5021,Top-rated gadgets on sale,0,7
4955,42,M,Cairo,Facebook,Video,Food & Beverage,1,0,42,2025-03-09 17:47:00,Desktop,Windows,Paid,1021,5091,Limited offer!,0,4
4956,39,F,Cairo,Facebook,Display,Electronics,0,0,23,2025-03-21 13:25:00,Mobile,Windows,Organic,1080,5000,Order online fast delivery,0,6
4957,23,M,Luxor,Google Ads,Search,Food & Beverage,0,0,29,2025-02-26 05:26:00,Tablet,iOS,Social,1021,5015,Limited offer!,0,4
4958,57,F,Mansoura,Facebook,Display,Electronics,1,0,44,2025-02-01 04:48:00,Desktop,Windows,Organic,1063,5011,Book your travel today,0,3
4959,36,M,Cairo,YouTube,Display,Gaming,0,0,7,2025-03-22 21:54:00,Tablet,Android,Social,1058,5085,Order online fast delivery,0,10
4960,46,M,Giza,Facebook,Search,Fashion,1,0,6,2025-01-19 02:26:00,Mobile,Windows,Organic,1044,5088,Book your travel today,0,3
4961,42,F,Alexandria,Instagram,Video,Food & Beverage,0,1,46,2025-01-24 11:15:00,Mobile,Windows,Paid,1052,5075,Top-rated gadgets on sale,239,8
4962,56,M,Alexandria,Facebook,Video,Travel,0,0,13,2025-01-26 15:00:00,Desktop,Windows,Social,1073,5016,Order online fast delivery,0,9
4963,44,M,Mansoura,Google Ads,Display,Gaming,0,0,32,2025-03-29 03:37:00,Mobile,Android,Social,1070,5019,Buy now and save 20%,0,3
4964,28,F,Cairo,Facebook,Video,Fashion,0,0,41,2025-01-13 12:11:00,Mobile,Windows,Organic,1006,5090,Book your travel today,0,9
4965,21,F,Alexandria,Facebook,Display,Gaming,1,0,40,2025-03-02 19:14:00,Desktop,Windows,Social,1048,5042,Check our new collection,882,1
4966,23,M,Cairo,Google Ads,Search,Food & Beverage,0,0,16,2025-03-12 19:04:00,Tablet,Android,Organic,1070,5044,Check our new collection,0,9
4967,47,F,Mansoura,Instagram,Video,Electronics,0,1,33,2025-03-18 08:07:00,Mobile,Android,Paid,1074,5017,Limited offer!,0,8
4968,20,M,Alexandria,YouTube,Video,Electronics,0,0,27,2025-02-27 03:22:00,Mobile,Android,Paid,1073,5038,Check our new collection,0,5
4969,35,M,Cairo,Google Ads,Display,Travel,0,0,49,2025-01-02 08:20:00,Tablet,Windows,Paid,1079,5014,Check our new collection,1114,4
4970,26,F,Aswan,Google Ads,Display,Food & Beverage,0,0,33,2025-02-13 05:33:00,Desktop,iOS,Organic,1099,5042,Order online fast delivery,591,8
4971,43,M,Cairo,Google Ads,Display,Fashion,1,1,34,2025-01-17 10:42:00,Tablet,Windows,Social,1097,5043,Book your travel today,0,1
4972,31,M,Luxor,Instagram,Display,Food & Beverage,0,0,26,2025-03-07 04:15:00,Desktop,Android,Social,1008,5051,Top-rated gadgets on sale,387,2
4973,56,M,Giza,Facebook,Display,Fashion,1,0,33,2025-03-06 16:45:00,Desktop,iOS,Paid,1080,5073,Order online fast delivery,0,3
4974,51,F,Aswan,Instagram,Search,Food & Beverage,0,0,35,2025-01-13 06:00:00,Tablet,Android,Organic,1050,5016,Book your travel today,0,4
4975,50,M,Aswan,Instagram,Display,Electronics,0,0,42,2025-01-08 01:47:00,Desktop,Windows,Organic,1021,5047,Limited offer!,0,4
4976,41,M,Cairo,Google Ads,Display,Fashion,1,0,31,2025-03-03 09:44:00,Desktop,Android,Social,1045,5007,Book your travel today,0,1
4977,27,F,Cairo,Instagram,Display,Food & Beverage,1,0,30,2025-01-15 18:52:00,Mobile,iOS,Paid,1000,5079,Check our new collection,0,2
4978,21,M,Cairo,Facebook,Video,Gaming,1,0,2,2025-01-18 19:58:00,Desktop,Windows,Social,1072,5042,Check our new collection,0,3
4979,48,M,Giza,Facebook,Display,Food & Beverage,1,0,5,2025-03-20 05:46:00,Mobile,Windows,Paid,1030,5044,Limited offer!,1878,2
4980,41,M,Giza,Instagram,Search,Travel,1,0,29,2025-03-14 12:18:00,Desktop,iOS,Organic,1095,5022,Check our new collection,0,1
4981,44,F,Cairo,Instagram,Display,Food & Beverage,0,0,26,2025-02-04 07:09:00,Mobile,iOS,Paid,1083,5079,Check our new collection,170,1
4982,47,F,Mansoura,Facebook,Search,Food & Beverage,0,0,10,2025-01-02 16:15:00,Mobile,Android,Organic,1037,5026,Buy now and save 20%,0,3
4983,24,M,Alexandria,Facebook,Search,Food & Beverage,0,0,37,2025-02-16 16:21:00,Desktop,Windows,Organic,1069,5098,Buy now and save 20%,0,2
4984,42,F,Alexandria,Facebook,Video,Fashion,0,0,39,2025-02-22 06:34:00,Desktop,Windows,Organic,1096,5034,Top-rated gadgets on sale,0,10
4985,47,M,Cairo,Instagram,Display,Fashion,1,0,31,2025-01-17 07:20:00,Tablet,Android,Social,1085,5022,Book your travel today,0,7
4986,46,F,Cairo,Facebook,Display,Electronics,0,0,37,2025-01-17 14:01:00,Tablet,iOS,Social,1010,5095,Limited offer!,1672,4
4987,58,F,Alexandria,Facebook,Video,Travel,0,0,47,2025-01-13 15:45:00,Mobile,Android,Social,1010,5080,Top-rated gadgets on sale,0,4
4988,55,F,Luxor,Facebook,Search,Fashion,1,0,42,2025-03-31 07:15:00,Mobile,iOS,Organic,1026,5011,Check our new collection,0,7
4989,56,F,Mansoura,Facebook,Display,Food & Beverage,0,0,14,2025-01-13 10:17:00,Desktop,iOS,Paid,1074,5077,Top-rated gadgets on sale,0,7
4990,29,F,Cairo,Facebook,Search,Gaming,0,0,8,2025-03-15 00:13:00,Tablet,iOS,Organic,1005,5035,Top-rated gadgets on sale,0,4
4991,58,F,Cairo,YouTube,Video,Travel,0,0,18,2025-02-28 12:19:00,Mobile,iOS,Social,1015,5010,Buy now and save 20%,0,9
4992,27,M,Luxor,Facebook,Video,Food & Beverage,1,0,35,2025-01-11 18:15:00,Mobile,Android,Organic,1058,5084,Check our new collection,0,1
4993,26,F,Cairo,Instagram,Display,Electronics,0,0,40,2025-02-13 22:58:00,Mobile,Windows,Social,1036,5045,Top-rated gadgets on sale,222,8
4994,50,F,Cairo,Instagram,Search,Food & Beverage,0,1,38,2025-03-10 18:48:00,Tablet,Windows,Social,1002,5019,Check our new collection,0,2
4995,25,M,Cairo,Facebook,Display,Travel,1,0,15,2025-01-06 13:36:00,Mobile,Windows,Social,1015,5092,Book your travel today,0,2
4996,57,M,Alexandria,Instagram,Video,Food & Beverage,0,0,24,2025-01-26 16:08:00,Mobile,Windows,Paid,1051,5077,Top-rated gadgets on sale,0,4
4997,51,F,Cairo,Facebook,Display,Food & Beverage,1,1,39,2025-01-10 03:49:00,Desktop,Windows,Social,1098,5045,Top-rated gadgets on sale,0,8
4998,45,M,Luxor,YouTube,Search,Electronics,0,1,31,2025-02-07 20:34:00,Mobile,Windows,Paid,1041,5077,Order online fast delivery,0,1
4999,45,M,Mansoura,Instagram,Display,Gaming,0,0,43,2025-03-01 04:10:00,Desktop,Android,Paid,1021,5013,Top-rated gadgets on sale,0,10
5000,29,F,Giza,Facebook,Video,Food & Beverage,0,0,17,2025-02-20 21:14:00,Desktop,iOS,Paid,1031,5027,Limited offer!,0,8
